NodeIndex,GeneSymbol,AAA,PAD
0,ATOX1,0,0
1,CLUAP1,0,0
2,ALAS1,0,0
3,IDUA,0,0
4,TNFRSF10A,0,0
5,RGPD5,0,0
6,ORM2,0,0
7,ZFP91,0,0
8,SENP8,0,0
9,KCNB1,0,0
10,GDF7,0,0
11,GTF2B,0,0
12,RPS6KA4,0,0
13,FGF20,0,0
14,GNB3,0,0
15,RETSAT,0,0
16,YOD1,0,0
80,CAPZA1,0,0
81,CLINT1,0,0
82,SMG7,0,0
83,SSR4,0,0
84,FANCG,0,0
85,IL1R1,0,0
86,DAOA,0,0
87,OXT,0,0
88,PFKFB2,0,0
89,CCNDBP1,0,0
90,HOXA13,0,0
91,WAPL,0,0
92,CNOT3,0,0
93,PHEX,0,0
94,TRMT6,0,0
95,HYOU1,0,0
96,ZC3H6,0,0
97,PLN,0,0
98,AGMAT,0,0
99,DEFA1B,0,0
100,GJA1,0,0
101,MAP3K3,0,0
102,HHAT,0,0
103,MRPL39,0,0
104,ITGA10,0,0
105,GHRH,0,0
106,SMARCE1,0,0
107,TTLL6,0,0
108,MIXL1,0,0
109,KCNJ1,0,0
110,APBB3,0,0
111,NAAA,0,0
112,LPCAT3,0,0
113,IFNL1,0,0
114,SLAMF1,0,0
115,RPL39L,0,0
116,FBN1,1,1
117,PIGO,0,0
118,PSMA7,0,0
119,ACTR10,0,0
120,LDLR,0,1
121,VIL1,0,0
122,ELL,0,0
123,PDHA1,0,0
124,LRP6,0,0
125,JUND,0,0
126,CHN2,0,0
127,PRKRA,0,0
128,CACNB4,0,0
129,MUC5B,0,0
130,CSAD,0,0
131,SCP2,0,0
132,RAPGEF4,0,0
133,VCX,0,0
134,TIMM8B,0,0
135,HSPBP1,0,0
136,CBFA2T3,0,0
137,RCC1,0,0
138,IL21,0,0
139,H3C15,0,0
140,PAK3,0,0
141,ASGR2,0,0
142,ACTL6A,0,0
143,GTF2H5,0,0
144,ST6GALNAC1,0,0
145,VPS33A,0,0
146,SNRPB2,0,0
147,RAB40B,0,0
148,RRM2B,0,0
149,CHCHD4,0,0
150,DNAI2,0,0
151,GAGE12J,0,0
152,SLC10A1,0,0
153,HAUS5,0,0
154,ITGB3BP,0,0
155,RAD51,0,0
156,CD1B,0,0
157,POLE2,0,0
158,TRIM23,0,0
159,FIP1L1,0,0
160,BAZ1B,0,0
161,CTNND2,0,0
162,FSTL1,0,0
163,GNG10,0,0
164,NME7,0,0
165,ANAPC2,0,0
166,HHATL,0,0
167,HLA-DQB2,0,0
168,POU2F3,0,0
169,RRM1,0,0
170,MTX1,0,0
171,HPGDS,0,0
172,TAGLN,1,0
173,ACAT1,0,0
174,PTTG1,0,0
175,CD7,0,0
176,CCL5,0,0
177,RALB,0,0
178,DNAJC17,0,0
179,PDGFB,0,0
180,DCK,0,0
181,LIG3,0,0
182,GTF3C2,0,0
183,ACSL6,0,0
184,CD72,0,0
185,HSPA9,0,0
186,PHKA2,0,0
187,MMUT,0,0
188,PHB2,0,0
189,OSBP,0,0
190,P4HA3,0,0
191,ROPN1B,0,0
192,NDUFV2,0,0
193,ADH1B,1,0
194,DCAF12,0,0
195,SDS,0,0
196,IFNA17,0,0
197,EVI5,0,0
198,HLX,0,0
199,ABCC2,0,0
200,ATP5MF,0,0
201,ETF1,0,0
202,CRBN,0,0
203,CUEDC2,0,0
204,UPP1,0,0
205,IL21R,0,0
206,CCT6A,0,0
207,PRKRIP1,0,0
208,RIPK3,0,0
209,CXCL17,0,0
210,OSGIN2,0,0
211,ACAA2,0,0
212,MEF2C,0,0
213,KIF14,0,0
214,SPEF1,0,0
215,CENPS,0,0
216,LONP2,0,0
217,CPLX2,0,0
218,VPS11,0,0
219,TAF7L,0,0
220,ACOX1,0,0
221,MTHFD2,0,0
222,GNB1L,0,0
223,CDH23,0,0
224,USH1C,0,0
225,ALDH4A1,0,0
226,OSCAR,0,0
227,CHDH,0,0
228,SETD6,0,0
229,RRAS,0,0
230,FGF13,0,0
231,COPS5,0,0
232,PLXNA4,0,0
233,FNBP1,0,0
234,GAPDHS,0,0
235,FBXO4,0,0
236,SNX9,0,0
237,PRSS1,0,0
238,HBB,1,0
239,GRP,0,0
240,PEX19,0,0
241,SLC51A,0,0
242,GFM1,0,0
243,IFNL2,0,0
244,NDUFB7,0,0
245,SLC18A1,0,0
246,SQLE,0,0
247,LTB,0,0
248,RRAGB,0,0
249,MCM8,0,0
250,MED28,0,0
251,PARP3,0,0
252,MAD1L1,0,0
253,COG8,0,0
254,DCC,0,0
255,BMP10,0,0
256,EPN3,0,0
257,UGT1A7,0,0
258,COX10,0,0
259,PSMD10,0,0
260,USHBP1,0,0
261,HNF1A,0,0
262,SLC27A1,0,0
263,MSH2,0,0
264,PRH1,0,0
265,SRSF4,0,0
266,GABBR1,0,0
267,STON1-GTF2A1L,0,0
268,ZMYND11,0,0
269,ASL,0,0
270,TBC1D10B,0,0
271,ATP5PB,0,0
272,NR5A1,0,0
273,PSMD13,0,0
274,FTH1,1,0
275,ORC2,0,0
276,CETN2,0,0
277,CCDC40,0,0
278,MTIF3,0,0
279,FBXW10,0,0
280,EXOC3L2,0,0
281,NOS2,0,0
282,INHBB,0,0
283,RNF2,0,0
284,SIRT4,0,0
285,RBBP6,0,0
286,DKC1,0,0
287,MYMK,0,0
288,SPAG5,0,0
289,NIPSNAP1,0,0
290,DDX10,0,0
291,G6PD,0,0
292,CDC26,0,0
293,PEX3,0,0
294,TLE2,0,0
295,TOMM6,0,0
296,H4C2,0,0
297,ERBB2,0,0
298,SLC25A41,0,0
299,RGS1,0,0
300,PRG3,0,0
301,FAXDC2,0,0
302,FGA,1,0
303,ZCCHC17,0,0
304,SLC22A14,0,0
305,PLD1,0,0
306,GRM1,0,0
307,BCL2,0,0
308,NR1H4,0,0
309,SEC62,0,0
310,LPL,0,1
311,YWHAH,0,0
312,GMIP,0,0
313,ENPEP,0,0
314,ALK,0,0
315,HLA-E,0,0
316,ZCCHC4,0,0
317,CD38,0,0
318,CCT4,0,0
319,AIPL1,0,0
320,ICE2,0,0
321,CYTH3,0,0
322,H3-4,0,0
323,PYROXD1,0,0
324,CLCA2,0,0
325,IFNA1,0,0
326,TACO1,0,0
327,PCBD2,0,0
328,CELA3A,0,0
329,ADM,1,0
330,CUL9,0,0
331,PABPN1,0,0
332,TSC2,0,0
333,TCF7L1,0,0
334,CHORDC1,0,0
335,HSPA4L,0,0
336,NCAPG2,0,0
337,PRMT8,0,0
338,ARPC3,0,0
339,INO80B,0,0
340,PFKFB3,0,0
341,HGD,0,0
342,MAGI1,0,0
343,SSU72P2,0,0
344,EDN3,0,0
345,OTOG,0,0
346,ZYG11B,0,0
347,GSTM1,0,0
348,RAB23,0,0
349,TRIT1,0,0
350,NCR3,0,0
351,HARS2,0,0
352,NUP37,0,0
353,SGF29,0,0
354,ATRX,0,0
355,SAP30L,0,0
356,ITGA8,1,0
357,SNX1,0,0
358,TPM3,1,0
359,ZNF683,0,0
360,ZKSCAN3,0,0
361,RMDN3,0,0
362,EDF1,0,0
363,CRY2,0,0
364,DAG1,0,0
365,ABCB1,0,0
366,GPD1L,0,0
367,SYP,0,0
368,GPR143,0,0
369,TAF1D,0,0
370,AXIN2,0,0
371,MED11,0,0
372,ERBB4,0,0
373,HORMAD1,0,0
374,RNF146,0,0
375,CDC16,0,0
376,GGPS1,0,0
377,SYNJ1,0,0
378,COX5A,0,0
379,CYP26A1,0,0
380,PSMC5,0,0
381,HACD3,0,0
382,DMXL1,0,0
383,VNN1,0,0
384,NEFH,0,0
385,BCL2L2,0,0
386,TAF4B,0,0
387,TPSB2,0,0
388,FRYL,0,0
389,SSBP1,0,0
390,BCL7B,0,0
391,RRAGD,0,0
392,GNAI2,0,0
393,CCKAR,0,0
394,GDI2,0,0
395,AANAT,0,0
396,FAP,0,0
397,HDAC6,0,0
398,EGR2,0,0
399,DNA2,0,0
400,GATA6,0,0
401,TNFRSF13B,0,0
402,LGR4,0,0
403,CDC20,0,0
404,PLOD2,0,0
405,TXNDC17,0,0
406,PLK4,0,0
407,UGT2B10,0,0
408,PHLDA2,0,0
409,SULT1C3,0,0
410,MAOA,0,0
411,CCL27,0,0
412,PHYH,0,0
413,LPA,1,1
414,RIPK1,0,0
415,HM13,0,0
416,ACTA1,0,0
417,PRKG1,1,1
418,CETP,0,0
419,RRM2,0,0
420,ARNT,0,0
421,LYPLA1,0,0
422,OTUB2,0,0
518,AIF1,0,0
519,ODC1,0,0
520,GRB2,0,0
521,TBX2,0,0
522,CYB5R2,0,0
523,SETD1B,0,0
524,HELLS,0,0
525,EBI3,0,0
526,B3GAT1,0,0
527,NOC4L,0,0
528,BUB1,0,0
529,CCL21,0,0
530,CCL1,0,0
531,LOXHD1,0,0
532,SIX6,0,0
533,POLA2,0,0
534,CASR,0,0
535,RGSL1,0,0
536,TUBB1,0,0
537,DPYS,0,0
538,POLR2K,0,0
539,MLNR,0,0
540,CD1C,0,0
541,THAP3,0,0
542,RNASEH2B,0,0
543,DCTN6,0,0
544,UTP3,0,0
545,FAM98A,0,0
546,NUP43,0,0
547,PENK,0,0
548,LYZ,1,0
549,PRSS16,0,0
550,LAMA5,0,0
551,SRY,0,0
552,GNB4,0,0
553,HSD17B3,0,0
554,PSMA5,0,0
555,FLNC,0,0
556,MTMR8,0,0
557,CWF19L2,0,0
558,PMCH,0,0
559,BGN,0,0
560,SRP19,0,0
561,EFNA1,0,0
562,PKLR,0,0
563,NUFIP2,0,0
564,SLC35A2,0,0
565,HOXD4,0,0
566,NFKBIE,0,0
567,TEX48,0,0
568,COX6C,0,0
569,SDC1,0,0
570,RPH3A,0,0
571,TNPO2,0,0
572,HBE1,0,0
573,CXCR6,0,0
574,RASD1,0,0
575,MIOX,0,0
576,ASDURF,0,0
577,GDF5,0,0
578,DMRT1,0,0
579,APOH,1,0
580,KYAT3,0,0
581,CAGE1,0,0
582,PCK2,0,0
583,POLDIP3,0,0
584,UGT1A5,0,0
585,CCN2,0,0
586,HNRNPA2B1,0,0
587,OCA2,0,0
588,GALNT5,0,0
589,FKBP4,0,0
590,RSL24D1,0,0
591,ATP5MGL,0,0
592,CACNA1A,0,0
593,SYF2,0,0
594,GCH1,0,0
595,SRSF3,0,0
596,EIF2AK2,0,0
597,GZMK,0,0
598,CHUK,0,0
599,REXO1,0,0
600,ZPBP,0,0
601,ADAT3,0,0
602,GPNMB,0,0
603,GALNT3,0,0
604,NUP153,0,0
605,SNX17,0,0
606,CD3G,0,0
607,BAAT,0,0
608,TARBP1,0,0
609,AQP2,0,0
610,ROPN1,0,0
611,HTR1D,0,0
612,WIPI2,0,0
613,CYBB,0,0
614,P3H4,0,0
615,SEMG1,0,0
616,MRPL40,0,0
617,SLC34A3,0,0
618,UBE2R2,0,0
619,VIP,0,0
620,INTS4,0,0
621,CNGA3,0,0
622,MED27,0,0
623,ELOA,0,0
624,OAT,0,0
625,RIPPLY1,0,0
626,KCNQ1,0,0
627,ATAD5,0,0
628,RSC1A1,0,0
629,POFUT1,0,0
630,COX5B,0,0
631,RAD17,0,0
632,DBT,0,0
633,PREB,0,0
634,SRPK1,0,0
635,ALOX5AP,0,0
636,GALE,0,0
637,FAM53C,0,0
638,PSMC6,0,0
639,NUDT21,0,0
640,IFT88,0,0
641,NAA35,0,0
642,OTC,0,0
643,FNBP1L,0,0
644,RPS23,0,0
645,CDS2,0,0
646,IST1,0,0
647,STRADA,0,0
648,RORC,0,0
649,MELK,0,0
650,SURF1,0,0
651,ITGB6,0,0
652,APMAP,0,0
653,RNF128,0,0
654,SRSF12,0,0
655,PANX1,0,0
656,CPB1,0,0
657,CD34,0,1
658,CEP55,0,0
659,DSG2,0,0
660,ALG1,0,0
661,CABYR,0,0
662,MRPS18A,0,0
663,RAG2,0,0
664,NOL12,0,0
665,PSME1,0,0
666,PDCD4,0,0
667,NMRAL1,0,0
668,CHMP6,0,0
669,WDR43,0,0
670,AP2A2,0,0
671,KDM2A,0,0
672,MCOLN1,0,0
673,HAAO,0,0
674,TWIST2,0,0
675,SRSF2,0,0
676,CYBA,0,0
677,CPA2,0,0
678,KNG1,1,0
679,CKMT1B,0,0
680,PRPS1,0,0
681,IFI44,0,0
682,CRYM,0,0
683,KCNA1,0,0
684,SMKR1,0,0
685,AKAP10,0,0
686,CEACAM5,0,0
687,MRPL33,0,0
688,G3BP2,0,0
689,YIF1A,0,0
690,PALB2,0,0
691,IRAK2,0,0
692,AVPR2,0,0
693,SHLD2,0,0
694,B3GALNT1,0,0
695,USH2A,0,0
696,KRT17,0,0
697,MKS1,0,0
698,KHDRBS1,0,0
699,MS4A12,0,0
700,USP36,0,0
701,FEM1C,0,0
702,DECR1,0,0
703,LAMB3,0,0
704,GNRH2,0,0
705,KLC3,0,0
706,ENY2,0,0
707,PRDM2,0,0
708,CCDC65,0,0
709,KCNJ2,0,0
710,UBE2N,0,0
711,AK8,0,0
712,NME8,0,0
713,CALML5,0,0
714,GINS1,0,0
715,GBA,0,0
716,TENT4A,0,0
717,LDHAL6A,0,0
718,CTRB1,0,0
719,PRM1,0,0
720,BDH2,0,0
721,SH2B3,0,0
722,ACAP2,0,0
723,ZIC4,0,0
724,RARA,0,0
725,SST,0,0
726,TTC21B,0,0
727,FADS1,0,0
728,IGF2,1,0
729,SRGN,0,0
730,DDX49,0,0
731,KCNIP2,0,0
732,CSNK2A2,0,0
733,UBN1,0,0
734,PRM2,0,0
735,RTCA,0,0
736,SCRN2,0,0
737,EFHC1,0,0
738,SGO1,0,0
739,INSIG1,0,0
740,SEC31A,0,0
741,POM121C,0,0
742,ATP5F1A,0,1
743,MATR3,0,0
744,PAK1IP1,0,0
745,POSTN,1,0
746,INTS9,0,0
747,DNAJB11,0,0
748,MOG,0,0
749,GSTM4,0,0
750,VPS8,0,0
751,DMD,0,0
752,CYP2S1,0,0
753,TNRC6C,0,0
754,PLA2G6,0,0
755,PEBP1,1,0
756,SLC25A5,0,0
757,CLN3,0,0
758,TAZ,0,0
759,RALBP1,0,0
760,DRD2,0,0
761,AK2,0,0
762,CD2,0,0
763,PREP,0,0
764,PLA2G4D,0,0
765,MAOB,0,0
766,TNFAIP3,0,0
919,C19orf12,0,0
920,ZCCHC7,0,0
921,UAP1,0,0
922,ZFY,0,0
923,MSX1,0,0
924,PLAUR,1,0
925,SNX3,0,0
926,POLR3B,0,0
927,TFAP2B,0,0
928,TRPV5,0,0
929,CSN2,0,0
930,NEU3,0,0
931,CWF19L1,0,0
932,TFB2M,0,0
933,MTHFD1,0,0
934,RAB6B,0,0
935,PHF12,0,0
936,HSCB,0,0
937,PIPOX,0,0
938,IDH3A,0,0
939,ARCN1,0,0
940,PGAM1,0,0
941,DCAF4,0,0
942,NAB2,0,0
943,ULK3,0,0
944,PEA15,0,0
945,MRPS6,0,0
946,CCNT2,0,0
947,RRP7A,0,0
948,APOBEC3A,0,0
949,AQP8,0,0
950,H2BC21,0,0
951,GGA2,0,0
952,IL22,0,0
953,SSBP2,0,0
954,EPM2A,0,0
955,FOXRED1,0,0
956,BEST1,0,0
957,CALML3,0,0
958,TRUB1,0,0
959,DCN,0,0
960,PMM1,0,0
961,NKD2,0,0
962,H4C14,0,0
963,ANAPC1,0,0
964,ESYT1,0,0
965,CEP192,0,0
966,TBL2,0,0
967,SRSF11,0,0
968,FBXO45,0,0
969,RPF1,0,0
970,GLIS3,0,0
971,CMTM3,0,0
972,PRKCQ,0,0
973,KCTD17,0,0
974,PMP2,0,0
975,SERPINI1,0,0
976,GSS,0,0
977,PDE9A,0,0
978,CD247,0,0
979,GSR,0,0
980,FEM1B,0,0
981,ACAD11,0,0
982,NDUFAF1,0,0
983,GALNT6,0,0
984,ASAH1,0,0
985,PPME1,0,0
986,ACE,0,1
987,RPTOR,0,0
988,LY96,0,0
989,COP1,0,0
990,INSRR,0,0
991,FBXL8,0,0
992,NRP1,0,0
993,MFAP1,0,0
994,PDIA2,0,0
995,SF3B1,0,0
996,NAA15,0,0
997,MAN2A1,0,0
998,CYP4A22,0,0
999,MRPS16,0,0
1000,PIK3CB,0,0
1001,LLGL2,0,0
1002,CCL16,0,0
1003,PINX1,0,0
1004,IL19,0,0
1005,RPL21,0,0
1006,EXOSC5,0,0
1007,VARS2,0,0
1008,SLC1A4,0,0
1009,GTF2H3,0,0
1010,RABGGTA,0,0
1011,EEF1E1,0,0
1012,COL18A1,1,0
1013,BPGM,0,0
1014,GTPBP6,0,0
1015,COPS7B,0,0
1016,CTSK,0,0
1017,MYL7,0,0
1018,RPS11,0,0
1019,MRPS27,0,0
1020,MLKL,0,0
1021,MIEF2,0,0
1022,RLN2,0,0
1023,CSH1,0,0
1024,POP7,0,0
1025,NUP188,0,0
1026,HEXB,0,0
1027,MKNK2,0,0
1028,SLC10A7,0,0
1029,GPX3,0,0
1030,EFTUD2,0,0
1031,ABI3BP,0,0
1032,POLR2E,0,0
1033,ACP5,0,0
1034,RRAS2,0,0
1035,RAVER1,0,0
1036,TOPBP1,0,0
1037,ZNRF3,0,0
1038,PRKAB2,0,0
1039,TRAF6,0,0
1040,MOCS1,0,0
1041,RETNLB,0,0
1042,ORC5,0,0
1043,TXNDC12,0,0
1044,CDKN1B,0,0
1045,AKR1C2,0,0
1046,POM121,0,0
1047,EXTL2,0,0
1048,FIZ1,0,0
1049,SLC26A1,0,0
1050,MRPL50,0,0
1051,MYOD1,0,0
1052,DIS3L,0,0
1053,BUD23,0,0
1054,FUCA2,0,0
1055,MRPS35,0,0
1056,PER2,0,0
1057,TAX1BP3,0,0
1058,DNAH7,0,0
1059,HGFAC,0,0
1060,BAG2,0,0
1061,NAT14,0,0
1062,SKP1,0,0
1063,LRTOMT,0,0
1064,USP6,0,0
1065,KREMEN1,0,0
1066,RPE65,0,0
1067,ARR3,0,0
1068,C12orf57,0,0
1069,APOC1,1,0
1070,TRPV2,0,0
1071,TBK1,0,0
1072,HACD2,0,0
1073,SDF4,0,0
1074,RAD18,0,0
1075,CTLA4,0,0
1076,CYFIP2,0,0
1077,RCAN2,0,0
1078,RDH12,0,0
1079,KCNH2,0,0
1080,PAX3,0,0
1081,RARS1,0,0
1082,ATG4B,0,0
1083,KLK15,0,0
1084,LSR,0,0
1085,GLRX5,0,0
1086,ZP2,0,0
1087,VPS37A,0,0
1088,PTAR1,0,0
1089,PON3,0,0
1090,RDH16,0,0
1091,SCARB1,0,0
1092,CFAP206,0,0
1093,GNL3L,0,0
1094,COPS3,0,0
1095,CTSA,0,0
1096,CHCHD6,0,0
1097,KCNQ5,0,0
1098,CBX3,0,0
1099,POU2AF1,0,0
1100,NLRP11,0,0
1101,PIK3C2A,0,0
1102,TNFSF4,0,0
1103,MED21,0,0
1104,CUL2,0,0
1105,SMARCA2,0,0
1106,PMP22,0,0
1107,VGF,0,0
1108,LGR6,0,0
1109,RPUSD1,0,0
1110,ZSCAN10,0,0
1111,CALU,0,0
1112,PLD2,0,0
1113,CPLANE1,0,0
1114,IL6,0,1
1176,HCFC1,0,0
1177,USP2,0,0
1178,TTC30A,0,0
1179,DERL2,0,0
1180,ERCC1,0,0
1181,SF3A1,0,0
1182,CLDN2,0,0
1183,GPBAR1,0,0
1184,CANX,0,0
1185,OXSR1,0,0
1186,MERTK,0,0
1187,GATB,0,0
1188,MAPK9,0,0
1189,GOLPH3,0,0
1190,INTS7,0,0
1191,PDCD6IP,0,0
1192,SETX,0,0
1193,INSL4,0,0
1194,GNAT1,0,0
1195,C1orf194,0,0
1196,GET4,0,0
1197,SYNRG,0,0
1198,LTA4H,0,0
1199,EPHB4,0,0
1200,SMPD3,0,0
1201,NMT1,0,0
1202,SRM,0,0
1203,CYP2U1,0,0
1204,LOC114841035,0,0
1205,ZNF281,0,0
1206,FOXN1,0,0
1207,RBM15,0,0
1208,PPARA,0,0
1209,FBXO34,0,0
1210,DUX4,0,0
1211,AP4M1,0,0
1212,C1D,0,0
1213,CSE1L,0,0
1214,WASL,0,0
1215,C9,1,0
1216,LTV1,0,0
1217,TRAPPC8,0,0
1218,KIF20A,0,0
1219,PPM1B,0,0
1220,UNC13D,0,0
1221,PSMB6,0,0
1222,EIF4H,0,0
1223,PTK2B,0,0
1224,STK40,0,0
1225,NPHS1,0,0
1226,DNAAF2,0,0
1227,MYH13,0,0
1228,ZCWPW1,0,0
1229,GLT6D1,0,0
1230,PPP2CB,0,0
1231,NR1D2,0,0
1232,NR5A2,0,0
1233,ERLIN2,0,0
1234,CTTNBP2,0,0
1235,RYK,0,0
1236,TMCO1,0,0
1237,KCNA6,0,0
1238,GGT5,0,0
1239,PACRG,0,0
1240,ABCB8,0,0
1241,CREBBP,0,0
1242,ABCA4,0,0
1243,OR1F1,0,0
1244,ATF5,0,0
1245,RHEBL1,0,0
1246,AFDN,0,0
1247,FGF9,0,0
1248,NME1,0,0
1249,ALDH1A1,0,0
1250,TRIP6,0,0
1251,NOTUM,0,0
1252,NBAS,0,0
1253,SEMA3G,0,0
1254,ZNF436,0,0
1255,FGFR1OP,0,0
1256,AIM2,0,0
1257,LEPR,0,0
1258,MRPL57,0,0
1259,IRAK3,0,0
1260,PDK1,0,0
1261,CYTH1,0,0
1262,DFFB,0,0
1263,MAGOH,0,0
1264,PPP2R5E,0,0
1265,SDSL,0,0
1266,CAVIN1,0,0
1267,KIF5A,0,0
1268,TRA2B,0,0
1269,CD6,0,0
1270,PEX11B,0,0
1271,EMC4,0,0
1272,MBIP,0,0
1273,ADCYAP1,0,0
1274,TARDBP,0,0
1275,BRD3,0,0
1276,ZC3H4,0,0
1277,ABTB1,0,0
1278,KITLG,0,0
1279,MET,0,0
1280,APOC4,0,0
1281,MAPK14,0,1
1282,RAMP2,0,0
1283,NOL9,0,0
1284,MYCN,0,0
1285,PELP1,0,0
1286,HDLBP,0,0
1287,COL4A4,1,0
1288,PRDX5,0,0
1289,ITK,0,0
1290,WDR5,0,0
1291,LOX,1,1
1292,SNRNP48,0,0
1293,MAP3K8,0,0
1294,RPL14,0,0
1295,FAM107B,0,0
1296,PDK4,0,0
1297,GAGE2E,0,0
1298,NADSYN1,0,0
1299,ARFIP1,0,0
1300,ZFYVE19,0,0
1301,CCL14,0,0
1302,CSF1R,0,0
1303,SMAD9,0,0
1304,GAA,0,0
1305,BCL10,0,0
1306,PIGC,0,0
1307,DCSTAMP,0,0
1308,AP2A1,0,0
1309,TGFBI,0,0
1310,MAPKAP1,0,0
1311,APOBEC3B,0,0
1312,PAICS,0,0
1313,PDXK,0,0
1314,POR,0,0
1315,PPP1R15B,0,0
1316,HAUS4,0,0
1317,PTPRA,0,0
1318,LTBP1,0,0
1319,SAR1B,0,0
1320,LMBRD1,0,0
1321,PGA3,0,0
1322,HYPK,0,0
1323,PANX2,0,0
1324,LIMS1,0,0
1325,KCNIP3,0,0
1326,CRYAB,1,0
1327,LDLRAP1,0,1
1328,YIPF4,0,0
1329,LCTL,0,0
1330,RUNX1,0,0
1331,SNU13,0,0
1332,AK7,0,0
1333,MYO5A,0,0
1334,KDM5B,0,0
1335,RSPH9,0,0
1336,C12orf65,0,0
1337,MECP2,0,0
1338,RPN1,0,0
1339,SEC22C,0,0
1340,CREBZF,0,0
1341,PRKCSH,0,0
1342,FXYD1,0,0
1343,VPS28,0,0
1344,OPA3,0,0
1345,INPPL1,0,0
1346,FBXL4,0,0
1347,GUK1,0,0
1348,TMC2,0,0
1349,ITGA7,0,0
1350,LMOD2,0,0
1351,TPI1,0,0
1352,ASB18,0,0
1353,MTFMT,0,0
1354,SETD2,0,0
1355,TIMP2,1,0
1356,CBR1,0,0
1357,KRT20,0,0
1358,MRPL15,0,0
1359,CCDC39,0,0
1360,IFNB1,0,0
1361,TCN2,0,0
1362,PI4K2A,0,0
1363,APCS,1,0
1364,TFAM,0,0
1365,IFNAR2,0,0
1366,LUC7L2,0,0
1367,INHBE,0,0
1368,STK25,0,0
1369,NES,0,0
1370,GOSR1,0,0
1371,IRF2BP2,0,0
1372,CYP26C1,0,0
1373,PROM1,0,0
1374,COL21A1,0,0
1375,CD48,0,0
1376,PLA2G2D,0,0
1377,PCNA,0,0
1378,FBXL16,0,0
1379,FAN1,0,0
1380,HOXC9,0,0
1381,NDUFS2,0,0
1382,ATP2B4,0,0
1383,SRP72,0,0
1384,TSPO,0,0
1385,ASB7,0,0
1386,LCA5,0,0
1387,MAT1A,0,0
1388,VAV1,0,0
1389,RPL38,0,0
1390,ATP2A2,0,0
1391,NECAP2,0,0
1392,PIH1D1,0,0
1393,KCNJ11,0,0
1394,TIMM50,0,0
1395,TNNC1,0,0
1396,LNP1,0,0
1397,ORC6,0,0
1398,HNRNPA3,0,0
1399,NT5C1B-RDH14,0,0
1400,OS9,0,0
1401,CPSF1,0,0
1402,ATP5IF1,0,0
1403,H2BC10,0,0
1404,TNKS2,0,0
1405,PDK2,0,0
1406,EVPL,0,0
1407,POLRMT,0,0
1408,FSHR,0,0
1409,RAB6A,0,0
1410,PIGF,0,0
1411,RASSF8,0,0
1412,MED12,0,0
1413,CPSF6,0,0
1414,TBKBP1,0,0
1415,PCYOX1,0,0
1416,COL1A2,1,0
1417,HBA1,0,0
1418,HABP2,0,0
1419,HTRA2,0,0
1420,RAD21,0,0
1421,TBL1X,0,0
1422,COX4I1,0,0
1423,YY1,0,0
1424,CCT8,0,0
1425,C15orf65,0,0
1426,SQOR,0,0
1427,PARP6,0,0
1428,GEMIN4,0,0
1429,ITPK1,0,0
1430,BUD13,0,0
1431,PGAM2,0,0
1432,PSMA3,0,0
1433,AP5B1,0,0
1434,SPI1,0,0
1435,ATP5F1E,0,0
1436,CAP2,0,0
1437,TNIP1,0,0
1438,TTC30B,0,0
1439,MTHFD2L,0,0
1440,TAPT1,0,0
1441,DMC1,0,0
1442,LPCAT2,0,0
1443,COL23A1,0,0
1444,NT5C1B,0,0
1445,SLN,0,0
1446,GNGT2,0,0
1447,AMBN,0,0
1448,PPIG,0,0
1449,RAB31,0,0
1450,PEX5,0,0
1451,PAM16,0,0
1452,EEF2K,0,0
1453,PIAS2,0,0
1454,CD79A,0,0
1455,FKTN,0,0
1456,KLHL3,0,0
1457,ARMC7,0,0
1458,TTK,0,0
1459,TNFSF10,0,0
1460,AOX1,0,0
1461,DAZAP1,0,0
1462,CCDC121,0,0
1463,TCIRG1,0,0
1464,ADH1A,0,0
1465,FDFT1,0,0
1466,TLL1,0,0
1467,CD80,0,0
1468,EIF1B,0,0
1469,SNRPB,0,0
1470,CCDC115,0,0
1471,GNL2,0,0
1472,NOS1AP,0,0
1473,NRF1,0,0
1474,AURKB,0,0
1475,DPYSL4,0,0
1476,RAD1,0,0
1477,TULP3,0,0
1478,HAL,0,0
1479,FGFR2,0,0
1480,LMNB1,0,0
1481,PRDM1,0,0
1482,PLXNB3,0,0
1483,IL12A,0,0
1484,MRPL3,0,0
1485,ASAP1,0,0
1486,MEAF6,0,0
1487,INO80D,0,0
1488,CD96,0,0
1489,CENPN,0,0
1490,PARP9,0,0
1491,RAB1A,0,0
1492,CLDN11,0,0
1493,ADK,0,0
1494,TRIM71,0,0
1495,MCM10,0,0
1496,EIF3I,0,0
1497,ERVFRD-1,0,0
1498,MEIS1,0,0
1499,CLC,0,0
1500,CADM4,0,0
1501,PA2G4,0,0
1502,VDAC3,0,0
1503,ULK2,0,0
1504,SHH,0,0
1505,TNFRSF9,0,0
1506,LGR5,0,0
1507,EFNA2,0,0
1508,WBP4,0,0
1509,EIF2D,0,0
1510,POLR3GL,0,0
1511,ARF1,0,0
1512,DAXX,0,0
1513,TFB1M,0,0
1514,KMT5C,0,0
1515,AR,0,0
1516,NME6,0,0
1517,PLEKHA3,0,0
1518,RABGGTB,0,0
1519,VANGL1,0,0
1520,CFAP126,0,0
1521,CBS,1,0
1522,AP1B1,0,0
1523,PNPLA1,0,0
1524,SESN2,0,0
1525,GTF2IRD1,0,0
1526,HABP4,0,0
1527,KL,0,0
1528,STRBP,0,0
1529,NDUFAF6,0,0
1530,MT-CO2,0,0
1531,ALDOC,0,0
1532,KCNJ18,0,0
1533,RAC3,0,0
1534,DHX37,0,0
1535,STMN4,0,0
1536,COMMD3-BMI1,0,0
1537,GFAP,0,0
1538,SUMO2,0,0
1539,ZNF569,0,0
1540,RNGTT,0,0
1541,UBTF,0,0
1542,SEM1,0,0
1543,POMT2,0,0
1544,BDKRB1,0,0
1545,CENPK,0,0
1546,MMP8,0,0
1547,MSH3,0,0
1548,GRIN1,0,0
1549,PPP1R3F,0,0
1550,HK2,0,0
1551,UBAP2L,0,0
1552,NOB1,0,0
1553,ZEB1,0,0
1554,NCAPG,0,0
1555,NEFM,0,0
1556,FUT7,0,0
1557,LONP1,0,0
1558,BEX3,0,0
1559,SLC25A1,0,0
1560,HUS1,0,0
1561,UGT1A3,0,0
1562,GALM,0,0
1563,GCG,0,0
1564,MAN1B1,0,0
1565,EEF1G,0,0
1566,H2AC4,0,0
1567,DTNB,0,0
1568,TRIB2,0,0
1569,EIF2S1,0,0
1570,SYT1,0,0
1571,SLA,0,0
1572,RSF1,0,0
1573,DPF3,0,0
1574,AURKAIP1,0,0
1575,BRCA2,0,0
1576,PRODH,0,0
1577,PEBP4,0,0
1578,AKT1,0,0
1579,GARS1,0,0
1580,TFPI,0,0
1581,TRAPPC3L,0,0
1582,PUM2,0,0
1583,MRPL52,0,0
1584,ALG9,0,0
1585,CWC15,0,0
1586,FBXL18,0,0
1587,LYRM4,0,0
1588,ALPL,0,0
1589,IGF2R,0,0
1590,NOL6,0,0
1591,FZD1,0,0
1592,MT-ND4L,0,0
1593,PPIA,0,0
1594,TOMM20L,0,0
1595,NPSR1,0,0
1596,CACNA2D1,0,0
1597,SRGAP3,0,0
1598,CHCHD1,0,0
1599,KIR2DL3,0,0
1600,STX10,0,0
1601,VPREB1,0,0
1602,CACNA1D,0,0
1603,SLCO6A1,0,0
1604,PFDN6,0,0
1605,EPHA2,0,0
1606,APOL1,0,0
1607,PAXIP1,0,0
1608,MYO1C,0,0
1609,DPM1,0,0
1610,CAPZA2,0,0
1611,ARHGDIB,0,0
1612,DEFB127,0,0
1613,FGF21,0,0
1614,EDEM3,0,0
1615,OXNAD1,0,0
1616,USE1,0,0
1617,COX6A1,0,0
1618,RPS6KA5,0,0
1619,TFAP2C,0,0
1620,UGT1A1,0,0
1621,GNA14,0,0
1622,ZEB2,0,0
1623,ID2,0,0
1624,RBM39,0,0
1625,FBXO11,0,0
1626,BCL7C,0,0
1627,CADM1,0,0
1628,DNAH3,0,0
1629,BMF,0,0
1630,MAP3K2,0,0
1631,ACTA2,1,1
1632,REV1,0,0
1633,ATG3,0,0
1634,UTP14C,0,0
1635,KLF4,0,0
1636,GOLGA2,0,0
1637,DOHH,0,0
1638,KIAA1614,0,0
1639,LGALS2,0,0
1640,EXOC3,0,0
1641,ID4,0,0
1642,HSD3B1,0,0
1643,DNAJC12,0,0
1644,LDHA,0,0
1645,CACNA2D3,0,0
1646,CDHR2,0,0
1647,UBLCP1,0,0
1648,RPS13,0,0
1649,TSR3,0,0
1650,OGT,0,0
1651,SEC11C,0,0
1652,CNKSR2,0,0
1653,HMGB1,0,0
1654,NOX4,0,0
1655,KCNMA1,0,0
1656,EHMT2,0,0
1657,MRPL30,0,0
1658,ANAPC16,0,0
1659,MAP4K5,0,0
1660,BMP8B,0,0
1661,GALNT11,0,0
1662,INMT,0,0
1663,LSM3,0,0
1664,DBNL,0,0
1665,CASK,0,0
1666,SLC2A4,0,0
1667,FZD2,0,0
1668,UBE2G1,0,0
1669,TXNL1,0,0
1670,PGC,0,0
1671,REG1B,0,0
1672,RAB3IP,0,0
1673,E2F5,0,0
1674,MBP,0,0
1675,GABRA4,0,0
1676,GABPA,0,0
1677,RPL11,0,0
1678,ZNF830,0,0
1679,RELB,0,0
1680,COIL,0,0
1681,MMP15,0,0
1682,NUDT9,0,0
1683,MXD4,0,0
1684,ACOT13,0,0
1685,KCNK5,0,0
1686,HORMAD2,0,0
1687,NOP9,0,0
1688,TRIP13,0,0
1689,GJB2,0,0
1690,SERPINE2,0,0
1691,AFF3,0,0
1692,SEL1L,0,0
1693,UBAC2,0,0
1694,SMC4,0,0
1695,CATSPER3,0,0
1696,SUZ12,0,0
1697,CTR9,0,0
1698,CABIN1,0,0
1699,TET2,0,0
1700,GATC,0,0
1701,MRPL51,0,0
1702,LCT,0,0
1703,SLC2A14,0,0
1704,CERT1,0,0
1705,ALDH1B1,0,0
1706,ADNP,0,0
1707,MCAT,0,0
1708,RNMT,0,0
1709,WWTR1,0,0
1710,DNTTIP2,0,0
1711,UGT1A10,0,0
1712,UBE2M,0,0
1713,PKD1L3,0,0
1714,MRPL21,0,0
1715,EIF4B,0,0
1716,TMBIM4,0,0
1717,PPP1R3B,0,0
1718,ARRB2,0,0
1719,ACADL,0,0
1720,MLEC,0,0
1721,TMEM97,0,0
1722,HMGCS1,0,0
1723,CRYAA,0,0
1724,CYP2D6,0,0
1725,TUBB2B,0,0
1726,TP53I13,0,0
1727,LYZL1,0,0
1728,NEUROD1,0,0
1729,RPS6KA3,0,0
1730,FBL,0,0
1731,H2BC11,1,0
1732,SOD1,0,0
1733,HAT1,0,0
1734,FBXL6,0,0
1735,TGFBR3,0,0
1736,NACA,0,0
1737,FRAT2,0,0
1738,CNTN4,0,0
1739,MCAM,0,0
1740,SMC5,0,0
1741,CWC25,0,0
1742,NAA20,0,0
1743,IL17F,0,0
1744,BCS1L,0,0
1745,INSL5,0,0
1746,MAVS,0,0
1747,CCL24,0,0
1748,NDUFAB1,0,0
1749,SLC22A13,0,0
1750,STAU1,0,0
1751,ATP6V0E2,0,0
1752,ESR2,0,0
1753,IL4I1,0,0
1754,CACNG2,0,0
1755,DAD1,0,0
1756,EXOSC6,0,0
1757,DCAF6,0,0
1758,RMI1,0,0
1759,CLOCK,0,0
1760,CD8B2,0,0
1761,TEKT2,0,0
1762,HAS1,0,0
1763,CDC5L,0,0
1764,ATG4D,0,0
1765,CMPK2,0,0
1766,STK39,0,0
1767,NAGS,0,0
1768,MCCC1,0,0
1769,POT1,0,0
1770,BMPR2,0,0
1771,SLC25A31,0,0
1772,TYR,0,0
1773,LOC112694756,0,0
1774,FOXM1,0,0
1775,PLPP5,0,0
1776,ABCA12,0,0
1777,LMO2,0,0
1778,SCN5A,0,0
1779,PRLH,0,0
1780,GSC2,0,0
1781,NAPSA,0,0
1782,SURF4,0,0
1783,ABI2,0,0
1784,BCL7A,0,0
1785,TGFA,0,0
1786,RALYL,0,0
1787,GAS6,1,0
1788,HSBP1,0,0
1789,FZD8,0,0
1790,RAD54L,0,0
1791,LCAT,0,0
1792,EPC1,0,0
1793,VASH1,0,0
1794,ATP6V1B2,0,0
1795,MTNR1A,0,0
1796,TRA2A,0,0
1797,BRIX1,0,0
1798,HOXA2,0,0
1799,NHP2,0,0
1800,CHRM5,0,0
1801,MMP9,1,0
1802,KLHL41,0,0
1803,CELA2B,0,0
1804,DONSON,0,0
1805,ATP5MG,0,0
1806,UMPS,0,0
1807,UGT1A9,0,0
1808,CHD1L,0,0
1809,ANP32A,0,0
1810,CNPY3,0,0
1811,SNW1,0,0
1812,JAM2,0,0
1813,HOXC4,0,0
1814,VCAM1,0,0
1815,UTP15,0,0
1816,DHRS11,0,0
1817,SPCS3,0,0
1818,AP1G1,0,0
1819,HBS1L,0,0
1820,TBC1D25,0,0
1821,COA1,0,0
1822,VPS37B,0,0
1823,ALDH9A1,0,0
1824,APOC2,0,0
1825,CREBL2,0,0
1826,FTCDNL1,0,0
1827,RPL26L1,0,0
1828,AGTRAP,0,0
1829,MED10,0,0
1830,HK3,0,0
1831,KDSR,0,0
1832,PPAT,0,0
1833,CYP4F2,0,0
1834,CALCOCO1,0,0
1835,PPP1CC,0,0
1836,SUPT3H,0,0
1837,FUBP1,0,0
1838,NT5C3A,0,0
1839,VWF,0,0
1840,NNMT,0,0
1841,NUF2,0,0
1842,DEPDC5,0,0
1843,PIK3R5,0,0
1844,TSTD1,0,0
1845,SUFU,0,0
1846,PPP2R2D,0,0
1847,RYR3,0,0
1848,IDH2,0,0
1849,MRC1,0,0
1850,LEFTY2,0,0
1851,MED31,0,0
1852,CPT1B,0,0
1853,RBP4,1,0
1854,ANAPC7,0,0
1855,CLIP2,0,0
1856,PLXNA1,0,0
1857,SGCA,0,0
1858,SSRP1,0,0
1859,DPF1,0,0
1860,STX7,0,0
1861,CDK4,0,0
1862,MTCH1,0,0
1863,BRF2,0,0
1864,CPEB3,0,0
1865,VEGFB,0,1
1866,OASL,0,0
1867,IRF2BP1,0,0
1868,UBN2,0,0
1869,COX7B,0,0
1870,RANBP2,0,0
1871,UPF1,0,0
1872,PDPK1,0,0
1873,SLIT2,0,0
1874,EEF1AKMT1,0,0
1875,CLDN12,0,0
1876,BFSP1,0,0
1877,RGS9,0,0
1878,KRTDAP,0,0
1879,TIMM44,0,0
1880,ATP6V1C1,0,0
1881,TTC1,0,0
1882,KRT8,0,0
1883,NUP133,0,0
1884,CERKL,0,0
1885,SULT1A1,0,0
1886,DHX9,0,0
1887,FFAR1,0,0
1888,OSBP2,0,0
1889,CCL2,0,0
1890,ETV6,0,0
1891,CARD11,0,0
1892,GRXCR2,0,0
1893,SGMS1,0,0
1894,DKK4,0,0
1895,STK24,0,0
1896,RPL37A,0,0
1897,NCF4,0,0
1898,GNAT2,0,0
1899,ATP6V1G1,0,0
1900,ATF1,0,0
1901,PRLR,0,0
1902,RUNX1T1,0,0
1903,U2AF2,0,0
1904,ADH6,0,0
1905,IBSP,0,0
1906,ZAP70,0,0
1907,FOXL2,0,0
1908,TK1,0,0
1909,C1QA,0,0
1910,XCL2,0,0
1911,PRICKLE1,0,0
1912,CCDC103,0,0
1913,CEL,0,0
1914,PTPN6,0,0
1915,PLEK2,0,0
1916,KLHDC1,0,0
1917,STX3,0,0
1918,CCL23,0,0
1919,RAB2A,0,0
1920,SENP3,0,0
1921,STX5,0,0
1922,GNL3,0,0
1923,RHPN1,0,0
1924,ATXN2L,0,0
1925,ANXA5,0,0
1926,SNRNP25,0,0
1927,COA6,0,0
1928,FAM20C,0,0
1929,TUBAL3,0,0
1930,BAZ2A,0,0
1931,FZD10,0,0
1932,H4C11,0,0
1933,KDM5D,0,0
1934,CD244,0,0
1935,CSNK1E,0,0
1936,RAP1B,0,0
1937,TRPV4,0,0
1938,DUT,0,0
1939,POLR2L,0,0
1940,SLC7A14,0,0
1941,TMC1,0,0
1942,NDC1,0,0
1943,CD4,0,0
1944,IFNA13,0,0
1945,MRPL36,0,0
1946,PWWP3A,0,0
1947,PDIA3,0,0
1948,CERS3,0,0
1949,TKFC,0,0
1950,AATF,0,0
1951,UGT1A8,0,0
1952,ISL1,0,0
1953,PGA4,0,0
1954,FBXO9,0,0
1955,SP100,0,0
1956,LTN1,0,0
1957,CELSR2,0,0
1958,NUTF2,0,0
1959,NCK1,0,0
1960,DENND1A,0,0
1961,H2AC16,0,0
1962,DDX56,0,0
1963,GZMH,0,0
1964,DUSP16,0,0
1965,BLZF1,0,0
1966,LTBP3,0,0
1967,ERLEC1,0,0
1968,IL9,0,0
1969,GAGE2A,0,0
1970,TOX3,0,0
1971,IFT22,0,0
1972,ENO4,0,0
1973,CDCA8,0,0
1974,RBM19,0,0
1975,ALYREF,0,0
1976,MYBPC3,0,0
1977,RIC8A,0,0
1978,MLF2,0,0
1979,FUOM,0,0
1980,PIP4K2B,0,0
1981,STRN3,0,0
1982,PABPC1L,0,0
1983,CBX5,0,0
1984,PLPP3,0,0
1985,APOBEC3D,0,0
1986,RGS2,0,0
1987,UGT2A3,0,0
1988,PRRG1,0,0
1989,DDX3X,0,0
1990,MMP16,0,0
1991,IRS1,0,0
1992,FBXO28,0,0
1993,USP8,0,0
1994,PSMD1,0,0
1995,SHOX,0,0
1996,BPTF,0,0
1997,CRYZL1,0,0
1998,SLC12A1,0,0
1999,PBX2,0,0
2000,GRIP2,0,0
2001,HAUS2,0,0
2002,TUBA8,0,0
2003,SYN2,0,0
2004,MBTPS2,0,0
2005,PRLHR,0,0
2006,IFT74,0,0
2007,DUSP3,0,0
2008,PLA2G10,0,0
2009,ESR1,0,0
2010,CD200R1,0,0
2011,KRT16,0,0
2012,SYN1,0,0
2013,PTPRS,0,0
2014,AP3S2,0,0
2015,GRPR,0,0
2016,WNT6,0,0
2017,COG3,0,0
2018,SLC7A2,0,0
2019,NDUFS1,0,0
2020,PIP4K2A,0,0
2021,SPEN,0,0
2022,IFI27,0,0
2023,ATP4B,0,0
2024,ATG4C,0,0
2025,CASP9,0,0
2026,CD248,0,0
2027,NDC80,0,0
2028,FBXW5,0,0
2029,MYBPC1,0,0
2030,NEU1,0,0
2031,IL16,0,0
2032,ARID2,0,0
2033,STAM,0,0
2034,SMARCC2,0,0
2035,TACC1,0,0
2036,CRP,1,1
2037,ENO3,0,0
2038,GLS2,0,0
2039,GID4,0,0
2040,RPS12,0,0
2041,MT-ND5,0,0
2042,ZNF91,0,0
2043,OPN4,0,0
2044,GPC1,0,0
2045,GPN1,0,0
2046,PDZK1,0,0
2047,COX6B1,0,0
2048,PIGW,0,0
2049,MYO6,0,0
2050,KLC2,0,0
2051,CDK5R1,0,0
2052,SPCS1,0,0
2053,F13B,0,0
2054,DHTKD1,0,0
2055,SSH3,0,0
2056,RRAD,0,0
2057,DUSP2,0,0
2058,NRDC,0,0
2059,RSU1,0,0
2060,CD8B,0,0
2061,CLIC2,0,0
2062,P2RY6,0,0
2063,RAB3B,0,0
2064,PSMB3,0,0
2065,EDEM1,0,0
2066,NLRP8,0,0
2067,GNAZ,0,0
2068,ITIH3,0,0
2069,LAS1L,0,0
2070,PECAM1,0,0
2071,CMTM1,0,0
2072,STN1,0,0
2073,MRPL44,0,0
2074,UBE2F,0,0
2075,EXTL3,0,0
2076,RORB,0,0
2077,KIF3A,0,0
2078,IRF1,0,0
2079,SKP2,0,0
2080,HNRNPU,0,0
2081,TGM1,0,0
2082,MAF1,0,0
2083,ELOVL4,0,0
2084,PPARGC1A,0,0
2085,U2AF1,0,0
2086,PARP4,0,0
2087,PRAMEF6,0,0
2088,DDX23,0,0
2089,VRK2,0,0
2090,FZR1,0,0
2091,SRPRB,0,0
2092,DCAF13,0,0
2093,PSTPIP1,0,0
2094,USF1,0,0
2095,CD37,0,0
2096,FAS,0,0
2097,PPY,0,0
2098,PHKG1,0,0
2099,CHML,0,0
2100,DOK1,0,0
2101,SUCLG1,0,0
2102,KPNA2,0,0
2103,AKR7A2,0,0
2104,MYH6,0,0
2105,PRMT1,0,0
2106,PPP1CB,0,1
2107,MED13,0,0
2108,KDM4A,0,0
2109,MTMR14,0,0
2110,ITGAM,0,0
2111,TRADD,0,0
2112,DCAF15,0,0
2113,AK6,0,0
2114,EPS15L1,0,0
2115,DCUN1D1,0,0
2116,KIF23,0,0
2117,MLLT3,0,0
2118,DNASE2,0,0
2119,PGRMC1,0,0
2120,MCM2,0,0
2121,H2BC14,0,0
2122,BCAT1,0,0
2123,DOLPP1,0,0
2124,ENTPD3,0,0
2125,PRKG2,0,0
2126,CD177,0,0
2127,MAD2L2,0,0
2128,TARS2,0,0
2129,VPS26C,0,0
2130,MTUS2,0,0
2131,APOF,0,0
2132,B4GALT6,0,0
2133,PRRG2,0,0
2134,GOLT1B,0,0
2135,ESRRA,0,0
2136,CNOT11,0,0
2137,TPCN2,0,0
2138,HERC5,0,0
2139,SCN11A,0,0
2140,INTS8,0,0
2141,NXF2B,0,0
2142,DHX16,0,0
2143,IFT20,0,0
2144,QDPR,0,0
2145,ARHGAP9,0,0
2146,ATG12,0,0
2147,NFIA,0,0
2148,TCEA3,0,0
2149,DARS2,0,0
2150,CNOT9,0,0
2151,FASLG,0,0
2152,PDIA6,0,0
2153,FAM83D,0,0
2154,TBP,0,0
2155,SLC51B,0,0
2156,BICD2,0,0
2157,MRPL24,0,0
2158,ZWINT,0,0
2159,YIPF1,0,0
2160,DAPP1,0,0
2161,SYNCRIP,0,0
2162,GLO1,0,0
2163,HLA-DMA,0,0
2164,ALG5,0,0
2165,ORMDL1,0,0
2166,CAMLG,0,0
2167,ICK,0,0
2168,DLX1,0,0
2169,BBS9,0,0
2170,BAK1,0,0
2171,SMURF1,0,0
2172,CALML6,0,0
2173,PRPS1L1,0,0
2174,NFATC4,0,0
2175,CRCP,0,0
2176,SNAPC5,0,0
2177,ACTC1,1,0
2178,PIGQ,0,0
2179,CTHRC1,0,0
2180,ACVR1C,0,0
2181,DACT1,0,0
2182,CXCL14,0,0
2183,GRK1,0,0
2184,PCCA,0,0
2185,GALNT15,0,0
2186,DTYMK,0,0
2187,EMC3,0,0
2188,MAP1LC3A,0,0
2189,SINHCAF,0,0
2190,XRN2,0,0
2191,ILF2,0,0
2192,DENND1C,0,0
2193,ST6GAL2,0,0
2194,HSDL1,0,0
2195,BMPER,0,0
2196,TNP2,0,0
2197,RPA1,0,0
2198,MSRA,0,0
2199,ALOX12,0,0
2200,RIMS1,0,0
2201,IL10,0,0
2202,KDELR1,0,0
2203,C11orf21,0,0
2204,NRG1,0,0
2205,HOXB8,0,0
2206,SLC8A3,0,0
2207,AUP1,0,0
2208,PET100,0,0
2209,ARHGEF2,0,0
2210,MCEE,0,0
2211,YTHDF2,0,0
2212,NLGN4Y,0,0
2213,ZWILCH,0,0
2214,TMEM214,0,0
2215,DAPK3,0,0
2216,TBPL2,0,0
2217,CDIPT,0,0
2218,PLA2G12A,0,0
2219,MED20,0,0
2220,CDK19,0,0
2221,AXIN1,0,0
2222,MAK16,0,0
2223,THRA,0,0
2224,FBXL17,0,0
2225,MAP1LC3C,0,0
2226,PPWD1,0,0
2227,RPRD1B,0,0
2228,RAP1GDS1,0,0
2229,ACO1,0,0
2230,CYP11B2,0,0
2231,UTF1,0,0
2232,UGT2B7,0,0
2233,GATAD2A,0,0
2234,PAPOLA,0,0
2235,PRPF8,0,0
2236,MT-ATP6,0,0
2237,ACTR3,0,0
2238,LSS,0,0
2239,CHMP2A,0,0
2240,NT5C1A,0,0
2241,GADD45A,0,0
2242,KRT14,0,0
2243,EPSTI1,0,0
2244,UBE2I,0,0
2245,NARS2,0,0
2246,KCNE3,0,0
2247,PLA2G2E,0,0
2248,AKIRIN2,0,0
2249,FBXL22,0,0
2250,CANT1,0,0
2251,MMP3,0,0
2252,MAFA,0,0
2253,CD79B,0,0
2254,TNNT2,0,0
2255,ST3GAL2,0,0
2256,C1orf189,0,0
2257,PHC2,0,0
2258,PCOLCE,0,0
2259,GUCA1C,0,0
2260,AHCTF1,0,0
2261,PPARG,0,0
2262,SUCLA2,0,0
2263,PQBP1,0,0
2264,NACC1,0,0
2265,FN1,1,0
2266,EMC9,0,0
2267,MKLN1,0,0
2268,POLG2,0,0
2269,LZTR1,0,0
2270,COMT,0,0
2271,HILPDA,0,0
2272,CHD8,0,0
2273,GIPR,0,0
2274,STXBP1,0,0
2275,TTC8,0,0
2276,LTF,0,0
2277,WDR7,0,0
2278,ARID1B,0,0
2279,APOBEC4,0,0
2280,AP1S1,0,0
2281,MTMR7,0,0
2282,NAMPT,0,0
2283,TECPR2,0,0
2284,WTAP,0,0
2285,ISY1,0,0
2286,ADRA2C,0,0
2287,CD9,1,0
2288,NME1-NME2,0,0
2289,WBP11,0,0
2290,MRPS15,0,0
2291,PGLYRP1,0,0
2292,BANF2,0,0
2293,XPO1,0,0
2294,AGBL2,0,0
2295,PFKFB4,0,0
2296,ULBP1,0,0
2297,SPO11,0,0
2298,CYP1A2,0,0
2299,KBTBD6,0,0
2300,TBX21,0,0
2301,PSMG2,0,0
2302,GALNS,0,0
2303,PPFIA1,0,0
2304,GOSR2,0,0
2305,AUNIP,0,0
2306,AMN,0,0
2307,TEK,0,0
2308,LAMP2,0,0
2309,ECT2,0,0
2310,TEX14,0,0
2311,GPX2,0,0
2312,SCD,0,0
2313,PTBP1,0,0
2314,GYS1,0,0
2315,PAK4,0,0
2316,PRRX1,0,0
2317,NTN1,0,0
2318,NDUFC2,0,0
2319,MAK,0,0
2320,TAS1R3,0,0
2321,ATP6V1B1,0,0
2322,GSC,0,0
2323,MRPS25,0,0
2324,SPRR1B,0,0
2325,PRICKLE3,0,0
2326,CTNNA3,0,0
2327,SRSF7,0,0
2328,GTF3C3,0,0
2329,KLRD1,0,0
2330,CRMP1,0,0
2331,CYP26B1,0,0
2332,ELP1,0,0
2333,SNAI1,0,0
2334,HNRNPA0,0,0
2335,FRG1,0,0
2336,LXN,0,0
2337,NUDCD1,0,0
2338,UBE2V1,0,0
2339,CYP3A5,0,0
2340,PLOD3,0,0
2341,BRS3,0,0
2342,CC2D1B,0,0
2343,GDF11,0,0
2344,DHX8,0,0
2345,MEP1A,0,0
2346,PLD3,0,0
2347,CPT2,0,0
2348,UBA6,0,0
2349,TRMT10A,0,0
2350,SUV39H1,0,0
2351,TIMM10B,0,0
2352,DCAF10,0,0
2353,LHX6,0,0
2354,YEATS4,0,0
2355,SEC61B,0,0
2356,FOXO1,0,0
2357,CAPRIN1,0,0
2358,NLRP9,0,0
2359,TLR4,0,0
2360,CD2BP2,0,0
2361,PCSK1,0,0
2362,FBXL2,0,0
2363,CACNG5,0,0
2364,ITGAX,0,0
2365,XCR1,0,0
2366,EIF2AK3,0,0
2367,GC,1,0
2368,RRP1,0,0
2369,EHD4,0,0
2370,PYCR3,0,0
2371,CIDEB,0,0
2372,COG1,0,0
2373,PLA2G4C,0,0
2374,AKT3,0,0
2375,GPR37,0,0
2376,SRD5A3,0,0
2377,TNFSF14,0,0
2378,SOX9,0,0
2379,BCHE,0,0
2380,GRIN3A,0,0
2381,CSTF3,0,0
2382,CD274,0,0
2383,KIR2DL1,0,0
2384,RAB40AL,0,0
2385,DCHS1,0,0
2386,GFPT1,0,0
2387,RRS1,0,0
2388,SPARCL1,0,0
2389,IMP4,0,0
2390,PITX3,0,0
2391,WDR83OS,0,0
2392,NDUFC2-KCTD14,0,0
2393,MAPK8IP3,0,0
2394,SPRR2B,0,0
2395,TP53I11,0,0
2396,SRCIN1,0,0
2397,ITGA5,0,0
2398,RND2,0,0
2399,IGF2BP2,0,0
2400,SP1,0,0
2401,P2RY1,0,0
2402,MLN,0,0
2403,CCZ1B,0,0
2404,LLPH,0,0
2405,SLC27A5,0,0
2406,DPAGT1,0,0
2407,POLDIP2,0,0
2408,RPL3L,0,0
2409,LMNA,0,1
2410,PPID,0,0
2411,KAT6A,0,0
2412,SERGEF,0,0
2413,AQP12A,0,0
2414,TLR8,0,0
2415,CEBPB,0,0
2416,FMO2,0,0
2417,EMCN,0,0
2418,SCG5,0,0
2419,NUP35,0,0
2420,ASH2L,0,0
2421,EDEM2,0,0
2422,PSMA8,0,0
2423,PMEL,0,0
2424,SCNM1,0,0
2425,TGS1,0,0
2426,PHOSPHO2,0,0
2427,FKBP14,0,0
2428,STX11,0,0
2429,OAS2,0,0
2430,PTPN1,0,0
2431,TNFSF15,0,0
2432,SNRPA1,0,0
2433,CFAP161,0,0
2434,LRAT,0,0
2435,MAPKAPK3,0,0
2436,PPIF,0,0
2437,MAF,0,0
2438,POLH,0,0
2439,RPS15,0,0
2440,NELFCD,0,0
2441,WASF2,0,0
2442,IRF8,0,0
2443,CBLB,0,0
2444,MTR,0,0
2445,S100A10,0,0
2446,RAB3A,0,0
2447,NECAP1,0,0
2448,EOMES,0,0
2449,SNRPF,0,0
2450,AEBP2,0,0
2451,PIGG,0,0
2452,SGTA,0,0
2453,NDST1,0,0
2454,TPPP,0,0
2455,RAPH1,0,0
2456,IL2RG,0,0
2457,PHF20,0,0
2458,ABCB7,0,0
2459,FH,0,0
2460,TAF9,0,0
2461,LAMA2,0,0
2462,IMPA1,0,0
2463,H2BC8,0,0
2464,LIN37,0,0
2465,KCNQ4,0,0
2466,H2BC1,0,0
2467,DNAJB6,0,0
2468,AP3D1,0,0
2469,GDF10,0,0
2470,FRK,0,0
2471,GPR50,0,0
2472,MED18,0,0
2473,POLR2D,0,0
2474,CYB5R1,0,0
2475,FRRS1L,0,0
2476,UPB1,0,0
2477,IFIT2,0,0
2478,MYH10,1,0
2479,GET3,0,0
2480,GCFC2,0,0
2481,CYP2C19,0,0
2482,DLG1,0,0
2483,LIG4,0,0
2484,DNASE2B,0,0
2485,GRIA1,0,0
2486,STX19,0,0
2487,RPS3,0,0
2488,INSL3,0,0
2489,ARL6,0,0
2490,FABP1,0,0
2491,TBC1D23,0,0
2492,KLHL22,0,0
2493,GTF2F1,0,0
2494,BHMT2,0,0
2495,TLR5,0,0
2496,ANAPC11,0,0
2497,IMPG2,0,0
2498,SYNJ2BP,0,0
2499,PHC3,0,0
2500,GAGE13,0,0
2501,RGN,0,0
2502,NXT2,0,0
2503,PTN,0,0
2504,MYD88,0,0
2505,SORBS1,0,0
2506,SRRM2,0,0
2507,PDK3,0,0
2508,LAPTM5,0,0
2509,SAT2,0,0
2510,HSP90AB1,0,0
2511,DGCR8,0,0
2512,TCF7L2,0,0
2513,STX1B,0,0
2514,OXTR,0,0
2515,CHMP1A,0,0
2516,NOX5,0,0
2517,LILRB1,0,0
2518,INTS2,0,0
2519,GMFG,0,0
2520,CUL1,0,0
2521,FMN1,0,0
2522,CENPL,0,0
2523,MIEF1,0,0
2524,H4-16,0,0
2525,BBS1,0,0
2526,VCL,0,0
2527,LRWD1,0,0
2528,GDI1,0,0
2529,PLA2G4E,0,0
2530,UBE2B,0,0
2531,CLDN10,0,0
2532,WIPF2,0,0
2533,HNRNPF,0,0
2534,WIPI1,0,0
2535,AGT,1,0
2536,HTR7,0,0
2537,AKNAD1,0,0
2538,SYT5,0,0
2539,NR2E1,0,0
2540,RIOK2,0,0
2541,MCHR1,0,0
2542,HTR2C,0,0
2543,NSD2,0,0
2544,TAF12,0,0
2545,SF3A2,0,0
2546,PSMG1,0,0
2547,NFU1,0,0
2548,SAMHD1,0,0
2549,MED17,0,0
2550,AP5M1,0,0
2551,CRYGD,0,0
2552,LIN7B,0,0
2553,RBFA,0,0
2554,GNG4,0,0
2555,SLC5A6,0,0
2556,CCN4,0,0
2557,GTPBP8,0,0
2558,ING1,0,0
2559,LHX3,0,0
2560,SUOX,0,0
2561,PARP2,0,0
2562,CYP2C8,0,0
2563,CYP4F8,0,0
2564,TROAP,0,0
2565,UGT2B4,0,0
2566,SARS1,0,0
2567,BCL9,0,0
2568,SH3KBP1,0,0
2569,NCAPD3,0,0
2570,PPP2R5C,0,0
2571,PWP2,0,0
2572,RBM48,0,0
2573,UPP2,0,0
2574,SOX10,0,0
2575,GAGE12C,0,0
2576,RAB14,0,0
2577,RFC1,0,0
2578,ENPP1,0,0
2579,TPT1,0,0
2580,MCC,0,0
2581,MED29,0,0
2582,C20orf27,0,0
2583,NRXN2,0,0
2584,DCLRE1B,0,0
2585,UNC45A,0,0
2586,UBAP1,0,0
2587,SERPINC1,1,0
2588,ASIC3,0,0
2589,CCNA1,0,0
2590,PDE10A,0,0
2591,RXRA,0,0
2592,DNMT3B,0,0
2593,CD33,0,0
2594,PIGV,0,0
2595,ZNHIT1,0,0
2596,ASIP,0,0
2597,APOBEC1,0,0
2598,H3C10,0,0
2599,CDC42BPA,0,0
2600,DAZAP2,0,0
2601,FKBP1C,0,0
2602,MT-CYB,0,0
2603,NAE1,0,0
2604,SERPINB4,1,0
2605,EFNA5,0,0
2606,ADCY5,0,0
2607,PPP1R12C,0,0
2608,PPP2R2A,0,0
2609,ACER3,0,0
2610,VPS37D,0,0
2611,ADCY9,0,0
2612,ITGB7,0,0
2613,CBX1,0,0
2614,DNAJB12,0,0
2615,UBA5,0,0
2616,NUDT17,0,0
2617,AURKC,0,0
2618,EFHB,0,0
2619,APBB2,0,0
2620,CFL2,0,0
2621,ING4,0,0
2622,THAP7,0,0
2623,STMN1,0,0
2624,AAR2,0,0
2625,EYA4,0,0
2626,EIF2S2,0,0
2627,ADGRG2,0,0
2628,RNASEL,0,0
2629,NOC3L,0,0
2630,HDAC7,0,0
2631,HLA-DRB5,0,0
2632,CTF1,0,0
2633,IL12B,0,0
2634,PIGU,0,0
2635,CHRNA5,0,0
2636,KIF11,0,0
2637,DNAJC11,0,0
2638,MAPKAPK5,0,0
2639,ABCA2,0,0
2640,GCLM,0,0
2641,TCEA1,0,0
2642,MVD,0,0
2643,PSMD7,0,0
2644,EXOC2,0,0
2645,ELP4,0,0
2646,ZNF664,0,0
2647,TREML1,0,0
2648,LYPLAL1,0,0
2649,CLTC,0,0
2650,DNAJC18,0,0
2651,GZMB,0,0
2652,ARID5B,0,0
2653,MCRS1,0,0
2654,TBX20,0,0
2655,ITCH,0,0
2864,CACNG7,0,0
2865,PLIN3,0,0
2866,BCL11A,0,0
2867,CST7,0,0
2868,URB1,0,0
2869,GOLGA5,0,0
2870,PRPS2,0,0
2871,NAPG,0,0
2872,COL7A1,0,0
2873,MRPL48,0,0
2874,LTBP4,0,0
2875,SERPINB1,0,0
2876,G2E3,0,0
2877,RPL7L1,0,0
2878,MSN,0,0
2879,BMPR1B,0,0
2880,TCN1,0,0
2881,WDR25,0,0
2882,FAF2,0,0
2883,IL17RA,0,0
2884,TPK1,0,0
2885,TTF2,0,0
2886,RPP40,0,0
2887,TRAF7,0,0
2888,CTRC,0,0
2889,ENPP3,0,0
2890,GLRX,0,0
2891,CTSG,0,0
2892,TRMT10B,0,0
2893,RPS6KA2,0,0
2894,COX8A,0,0
2895,MRPL34,0,0
2896,HSF1,0,0
2897,EEF1D,0,0
2898,NEK6,0,0
2899,PFN2,0,0
2900,POLR3H,0,0
2901,SOAT1,0,0
2902,BCL2L2-PABPN1,0,0
2903,XRCC1,0,0
2904,DBF4,0,0
2905,COG4,0,0
2906,TECR,0,0
2907,EIF3CL,0,0
2908,ERCC5,0,0
2909,NCBP1,0,0
2910,ARPC5,1,0
2911,DTX4,0,0
2912,CCZ1,0,0
2913,SRFBP1,0,0
2914,PPP2CA,0,0
2915,ENOPH1,0,0
2916,RFX6,0,0
2917,FBXO25,0,0
2918,SPINT2,0,0
2919,DDX17,0,0
2920,VAMP2,0,0
2921,PARVA,0,0
2922,HGF,0,1
2923,P3H1,0,0
2924,WNT3A,0,0
2925,CD44,0,0
2926,CCR1,0,0
2927,MRPL37,0,0
2928,PILRB,0,0
2929,ZNF787,0,0
2930,TPP1,0,0
2931,ADH4,0,0
2932,MAGEH1,0,0
2933,FBXL5,0,0
2934,TIMM21,0,0
2935,PWP1,0,0
2936,SFSWAP,0,0
2937,HMMR,0,0
2938,RHOU,0,0
2939,WDR33,0,0
2940,GOLGB1,0,0
2941,VPS51,0,0
2942,ARPC1A,0,0
2943,CNOT6L,0,0
2944,STRIP1,0,0
2945,JARID2,0,0
2946,MOB1B,0,0
2947,CD59,0,0
2948,PLAAT3,0,0
2949,CX3CR1,0,0
2950,ITGA9,0,0
2951,PSEN1,0,0
2952,PABPC1,0,0
2953,MYL6,0,0
2954,XIRP2,0,0
2955,SLC46A1,0,0
2956,TCEANC2,0,0
2957,KCNA5,0,0
2958,CAT,1,0
2959,RIBC2,0,0
2960,POLR3E,0,0
2961,CTSS,0,0
2962,IRS2,0,0
2963,STAT1,0,0
2964,CYB5A,0,0
2965,TLE4,0,0
2966,PMF1-BGLAP,0,0
2967,PCYT1A,0,0
2968,MAPK8,0,0
2969,CSTF2,0,0
2970,TJP3,0,0
2971,PLA2G4F,0,0
2972,FGFR3,0,0
2973,SART1,0,0
2974,MICU2,0,0
2975,RAD9B,0,0
2976,AMY2B,0,0
2977,SRPRA,0,0
2978,ELOC,0,0
2979,C17orf75,0,0
2980,IL26,0,0
2981,PAX8,0,0
2982,QARS1,0,0
2983,AKT2,0,0
2984,TMEM59,0,0
2985,EPHB2,0,0
2986,PHF21A,0,0
2987,TAC3,0,0
2988,CYP11A1,0,0
2989,SCFD2,0,0
2990,ENTPD5,0,0
2991,NAA60,0,0
2992,ABAT,0,0
2993,NECTIN1,0,0
2994,IFNLR1,0,0
2995,CD276,0,0
2996,WRAP53,0,0
2997,TPRX1,0,0
2998,FHL2,0,0
2999,DECR2,0,0
3000,GSTA2,0,0
3001,CHAF1A,0,0
3002,JUNB,0,0
3003,ESD,0,0
3004,DDX52,0,0
3005,DIAPH1,0,0
3006,LGALS9C,0,0
3007,NCOA6,0,0
3008,TAF2,0,0
3009,PABPC4,0,0
3010,NDUFS3,0,0
3011,RDH10,0,0
3012,EPB42,0,0
3013,NUBPL,0,0
3014,GRB10,0,0
3015,PXDN,0,0
3016,NEUROG3,0,0
3017,EIF5AL1,0,0
3018,APIP,0,0
3019,GNB1,0,0
3020,STT3B,0,0
3021,CRX,0,0
3022,ANPEP,0,0
3023,GRIN2C,0,0
3024,RPS24,0,0
3025,ITGA11,0,0
3026,HERPUD1,0,0
3027,VPREB3,0,0
3028,TMEM38B,0,0
3029,SEC13,0,0
3030,ACR,0,0
3031,MRPL45,0,0
3032,ACIN1,0,0
3033,WDR61,0,0
3034,THOC6,0,0
3035,TUFM,0,0
3036,IFNL3,0,0
3037,UBE2G2,0,0
3038,UBE2C,0,0
3039,GFER,0,0
3040,NLRP14,0,0
3041,CYP4F3,0,0
3042,UVSSA,0,0
3043,LRR1,0,0
3044,PPP1R17,0,0
3045,RPL41,0,0
3046,LRRC47,0,0
3047,TMEM109,1,0
3048,PRDX6,1,0
3049,COA3,0,0
3050,SELP,0,1
3051,NPLOC4,0,0
3052,EXOC4,0,0
3053,TOM1,0,0
3054,NKAP,0,0
3055,HSPH1,0,0
3056,HOXB4,0,0
3057,EPHA6,0,0
3058,RAB27B,0,0
3059,BMPR1A,0,0
3060,HCLS1,0,0
3061,AHCYL1,0,0
3062,FGFR1OP2,0,0
3063,CDC7,0,0
3064,NDUFAF5,0,0
3065,FOXO4,0,0
3066,PPP4C,0,0
3067,HPDL,0,0
3068,SRRD,0,0
3069,CRNKL1,0,0
3070,MRE11,0,0
3071,EXO1,0,0
3072,ACKR4,0,0
3073,RPS27A,0,0
3074,TBX5,0,0
3075,MYOZ1,0,0
3076,GDF9,0,0
3077,APC2,0,0
3078,CLEC2B,0,0
3079,GRID2,0,0
3080,DAAM1,0,0
3081,SRRT,0,0
3082,ATP5F1D,0,0
3083,KLHL2,0,0
3084,RPA4,0,0
3085,KLHL7,0,0
3086,MCMDC2,0,0
3087,H4C15,0,0
3088,SLC30A9,0,0
3089,MRPL53,0,0
3090,ATP1B1,0,0
3091,BCO1,0,0
3092,ACY1,0,0
3093,AGRP,0,0
3094,ARMC4,0,0
3095,DVL1,0,0
3096,SNTG2,0,0
3097,CRTAM,0,0
3098,BIN1,0,0
3099,SURF6,0,0
3100,PAK2,0,0
3101,GRIA4,0,0
3102,GPATCH2,0,0
3103,MYC,0,0
3104,SAP30,0,0
3105,SSBP3,0,0
3106,DPPA3,0,0
3107,CTNNA2,0,0
3108,NOP53,0,0
3109,PEX7,0,0
3110,COX4I2,0,0
3111,OTUD5,0,0
3112,RAPSN,0,0
3113,CRYBB1,0,0
3114,BMP5,0,0
3115,PCGF3,0,0
3116,IL6R,0,0
3170,THBS1,1,0
3171,PIGR,0,0
3172,CLK1,0,0
3173,DDX18,0,0
3174,FGF3,0,0
3175,PIANP,0,0
3176,SMAD7,0,0
3177,NHLRC1,0,0
3178,SKAP1,0,0
3179,DOCK4,0,0
3180,CPLX4,0,0
3181,PSMC2,0,0
3182,MTA1,0,0
3183,GALNT1,0,0
3184,FBXL7,0,0
3185,ARHGEF11,0,0
3186,DRAP1,0,0
3187,DNAJC15,0,0
3188,NSUN2,0,0
3189,IRF4,0,0
3190,MAZ,0,0
3191,TP53I3,0,0
3192,CYP27B1,0,0
3193,DUSP1,0,0
3194,ABCD1,0,0
3195,AP4S1,0,0
3196,TRPC5,0,0
3197,CWC22,0,0
3198,PDE6G,0,0
3199,PRORP,0,0
3200,TNFRSF21,0,0
3201,TOMM7,0,0
3202,TAF1B,0,0
3203,CDC40,0,0
3204,BMP1,0,0
3205,SPTBN2,0,0
3206,EBNA1BP2,0,0
3207,NXF1,0,0
3208,DAAM2,0,0
3209,GSK3A,0,0
3210,CCR4,0,0
3211,POP1,0,0
3212,CFDP1,0,0
3213,PRMT5,0,0
3214,HSD17B8,0,0
3215,CALB1,0,0
3216,PIK3CG,0,0
3217,AMMECR1,0,0
3218,UTP11,0,0
3219,P2RY12,0,0
3220,FMN2,0,0
3221,OSBPL7,0,0
3222,CAMK1G,0,0
3223,TNFRSF18,0,0
3224,GTF2H2,0,0
3225,SELENOS,0,0
3226,UTRN,0,0
3227,KLHL18,0,0
3228,FMNL1,0,0
3229,SFTPC,0,0
3230,UBE2W,0,0
3231,GGCT,0,0
3232,LSM8,0,0
3233,TCERG1L,0,0
3234,BRCC3,0,0
3235,TCEAL1,0,0
3236,GNPTG,0,0
3237,VAMP4,0,0
3238,MKKS,0,0
3239,AQP7,0,0
3240,PLB1,0,0
3241,RAD51C,0,0
3242,ERC1,0,0
3243,IFNA16,0,0
3244,NOTCH3,0,0
3245,HSD17B2,0,0
3246,POLG,0,0
3247,REXO5,0,0
3248,HSPA1B,0,0
3249,TWF2,1,0
3250,DNMBP,0,0
3251,PAX9,0,0
3252,H3C7,0,0
3253,DPH2,0,0
3254,HDDC3,0,0
3255,SLC12A3,0,0
3256,OAZ3,0,0
3257,LUC7L,0,0
3258,MLST8,0,0
3259,SF1,0,0
3260,GTF3C1,0,0
3261,NAGLU,0,0
3262,TFG,0,0
3263,TMSB10,0,0
3264,ZFYVE1,0,0
3265,NEK9,0,0
3266,RAB5A,0,0
3267,IL15RA,0,0
3268,CCND1,0,0
3269,ST6GALNAC5,0,0
3270,VCX2,0,0
3271,PCLO,0,0
3272,TRAPPC1,0,0
3273,HIC1,0,0
3274,HNRNPDL,0,0
3275,C11orf1,0,0
3276,SLC26A9,0,0
3277,BCAR1,0,0
3278,NOS3,0,0
3279,SKAP2,0,0
3280,P2RY2,0,0
3281,LOXL2,0,0
3282,S100A6,1,0
3283,KDM5A,0,0
3284,ITFG2,0,0
3285,LMCD1,0,0
3286,VCAN,1,0
3287,PROK2,0,0
3288,CCNT1,0,0
3289,CDC25B,0,0
3290,NLRP2,0,0
3291,BDKRB2,0,0
3292,SLC24A4,0,0
3293,TRAPPC6A,0,0
3294,IKZF1,0,0
3295,MTSS1,0,0
3296,EIF2A,0,0
3297,RPL27,0,0
3298,PILRA,0,0
3299,CKM,0,0
3300,WASHC2C,0,0
3301,GADD45B,0,0
3302,TFIP11,0,0
3303,AHNAK,0,0
3304,SMUG1,0,0
3305,DBI,0,0
3306,HNRNPAB,0,0
3307,PAPOLG,0,0
3308,CDK1,0,0
3309,NTRK3,0,0
3310,NUFIP1,0,0
3311,GMPPB,0,0
3312,RPL4,0,0
3313,RXFP2,0,0
3314,NCKIPSD,0,0
3315,ACTR1A,0,0
3316,IGHD,0,0
3317,USP21,0,0
3318,CMC4,0,0
3319,DAPK2,0,0
3320,GYG1,0,0
3321,WDR18,0,0
3322,CCNF,0,0
3323,MAD2L1BP,0,0
3324,MDM2,0,0
3325,IL5RA,0,0
3326,CLCA1,0,0
3327,CLCA4,0,0
3328,SOCS1,0,0
3329,HPX,1,0
3330,CTSZ,0,0
3331,ADAT1,0,0
3332,EIF4A1,0,0
3333,PXN,0,0
3334,JMJD7-PLA2G4B,0,0
3335,TRAPPC9,0,0
3336,ECI2,0,0
3337,HNRNPM,0,0
3338,APLP1,0,0
3339,YIPF2,0,0
3340,CNTFR,0,0
3341,CUL5,0,0
3342,NID1,1,0
3343,RPGR,0,0
3344,NOP58,0,0
3345,INPP5A,0,0
3346,SQSTM1,0,0
3347,F11,0,0
3348,ADH7,0,0
3349,USP5,0,0
3350,COL16A1,0,0
3351,REPS2,0,0
3352,FBXO10,0,0
3353,MYLPF,0,0
3354,NSD1,0,0
3355,SRD5A1,0,0
3356,ICAM2,0,0
3357,WHRN,0,0
3358,KCTD2,0,0
3359,NAT10,0,0
3360,NMD3,0,0
3361,CACNG8,0,0
3362,CCL7,0,0
3363,RPS4Y2,0,0
3364,ZIC3,0,0
3365,PCSK1N,0,0
3366,CCNK,0,0
3367,PCBP2,0,0
3368,AKT1S1,0,0
3369,MYH11,1,1
3370,DTNBP1,0,0
3371,TAS1R1,0,0
3372,SLMAP,0,0
3373,NPAT,0,0
3374,PCK1,0,0
3375,GOT2,1,0
3376,NDUFAF4,0,0
3377,ACAP1,0,0
3378,F10,0,0
3379,ODF1,0,0
3380,FADD,0,0
3381,HEATR6,0,0
3382,SFTPD,0,0
3383,MOB4,0,0
3384,SRSF5,0,0
3385,ALG10,0,0
3386,MGP,1,1
3387,MCM6,0,0
3388,SECISBP2,0,0
3389,GNAI3,0,0
3390,CTNND1,0,0
3391,CCNL2,0,0
3392,PGA5,0,0
3393,H2AC15,0,0
3394,DIAPH3,0,0
3395,NMU,0,0
3396,SIX3,0,0
3397,CEBPZ,0,0
3398,MAGEC2,0,0
3399,RAB3GAP1,0,0
3400,DUSP6,0,0
3401,HTATIP2,0,0
3402,KLHDC10,0,0
3403,MPI,0,0
3404,FGB,1,1
3405,ACOT11,0,0
3406,GREM1,0,0
3407,NUP98,0,0
3408,IFNGR2,0,0
3409,NPC1,0,0
3410,MFGE8,1,0
3411,UGT2B11,0,0
3412,PIGY,0,0
3413,ATP6V1F,0,0
3414,TMA16,0,0
3415,EMD,0,0
3416,MEX3A,0,0
3417,KCNE5,0,0
3418,TGOLN2,0,0
3419,AASS,0,0
3420,STX4,0,0
3421,KDM6B,0,0
3422,IDI1,0,0
3423,GAGE10,0,0
3424,CMC2,0,0
3425,VPS25,0,0
3426,GAGE12H,0,0
3427,PTCH2,0,0
3428,KRI1,0,0
3429,GLG1,0,0
3430,IL13RA1,0,0
3431,MPL,0,1
3432,EMC10,0,0
3433,YKT6,0,0
3434,MBOAT7,0,0
3435,DNAJB9,0,0
3436,KLRK1,0,0
3437,ZDHHC9,0,0
3438,SNRPE,0,0
3439,ACSL3,0,0
3440,SUCLG2,0,0
3441,NDUFA2,0,0
3442,SNX6,0,0
3443,SERTAD3,0,0
3444,UNG,0,0
3445,MOK,0,0
3446,TBL1XR1,0,0
3447,CHAT,0,0
3448,CHMP1B,0,0
3449,ETFA,0,0
3450,PARVB,0,0
3451,IL32,0,0
3452,PTS,0,0
3453,TBC1D7,0,0
3454,RASA1,0,0
3455,HSPA2,0,0
3456,BPI,0,0
3457,CDKN2C,0,0
3458,GAGE12D,0,0
3459,TBC1D5,0,0
3460,LIMA1,0,0
3461,IGFALS,0,0
3462,ACKR1,0,0
3463,FAM168A,0,0
3464,ACD,0,0
3465,ROS1,0,0
3466,PYCR1,0,0
3467,PPP3R1,0,0
3468,DVL3,0,0
3469,F12,0,0
3470,UBASH3B,0,0
3471,FOXA1,0,0
3472,PLA2G4B,0,0
3473,HSD11B2,0,0
3474,WDR46,0,0
3475,TUBA3E,0,0
3476,NEU2,0,0
3477,H4C7,0,0
3478,TAS1R2,0,0
3479,RAET1G,0,0
3480,GDF2,0,1
3481,CXCL13,0,0
3482,PLCD3,0,0
3483,NOVA2,0,0
3484,DCTN5,0,0
3485,CX3CL1,0,0
3486,FLAD1,0,0
3487,FLACC1,0,0
3488,REXO2,0,0
3489,CHN1,0,0
3490,SYT2,0,0
3491,SELE,0,0
3492,ALKBH8,0,0
3493,RGL2,0,0
3494,WRN,0,0
3495,NLRC4,0,0
3496,ATP5MPL,0,0
3497,MAFF,0,0
3498,P4HA1,0,0
3499,PMM2,0,0
3500,CNOT8,0,0
3501,SOS2,0,0
3502,UBXN2B,0,0
3503,RPEL1,0,0
3504,SELENBP1,0,0
3505,DCAF1,0,0
3506,GDA,0,0
3507,GLI2,0,0
3508,KIAA2012,0,0
3509,HARS1,0,0
3510,PAK6,0,0
3511,EMC2,0,0
3512,PPBP,0,0
3513,GYPC,0,0
3514,UQCRB,0,0
3515,NCOA2,0,0
3516,NRL,0,0
3517,VPS53,0,0
3518,EXOC1L,0,0
3519,SELENON,0,0
3520,NFE2L3,0,0
3521,MAPRE3,0,0
3522,TST,0,0
3523,EEF2,0,0
3524,EPS8,0,0
3525,TNFRSF11A,0,0
3526,UTS2B,0,0
3527,PROK1,0,0
3528,CCRL2,0,0
3529,PRKCG,0,0
3530,CFD,0,0
3531,TBL1Y,0,0
3532,CLEC2A,0,0
3533,POLR2F,0,0
3534,GSTM5,0,0
3535,AP1M1,0,0
3536,HHIP,0,0
3537,RPS6,0,0
3538,DCLK3,0,0
3539,DRAXIN,0,0
3540,CRYBG1,0,0
3541,DSCAM,0,0
3542,PSMC3,0,0
3543,EXOC6,0,0
3544,BIK,0,0
3545,GJA3,0,0
3546,YIPF6,0,0
3547,AARS1,0,0
3548,IGF1,1,0
3549,POU4F2,0,0
3550,ITGB3,0,0
3551,ROM1,0,0
3552,IREB2,0,0
3553,HEXA,0,0
3554,EIF4E1B,0,0
3555,TOMM5,0,0
3556,CTDP1,0,0
3557,ARMC8,0,0
3558,PRAMEF2,0,0
3559,MITF,0,0
3560,SYT13,0,0
3561,GALNT17,0,0
3562,DNAJC6,0,0
3563,SLBP,0,0
3564,ACTN2,0,0
3565,DDX39B,0,0
3566,RGPD2,0,0
3567,CMPK1,0,0
3568,CD40,0,0
3569,RAB8A,0,0
3570,PNO1,0,0
3571,MBNL1,0,0
3572,CLCN7,0,0
3573,POLE4,0,0
3574,FBXO22,0,0
3575,B3GALNT2,0,0
3576,SCARB2,0,0
3577,CHMP4B,0,0
3578,CHTF8,0,0
3579,H3C4,0,0
3580,KCTD10,0,0
3581,NAGPA,0,0
3582,COLEC12,0,0
3583,MSI1,0,0
3584,IGLL1,0,0
3585,USP18,0,0
3586,ABCG5,0,0
3587,DNASE1,0,0
3588,EPHX2,0,0
3589,ERMAP,0,0
3590,RBM44,0,0
3591,RAB7B,0,0
3592,UNC5B,0,0
3593,PTEN,1,0
3594,TOB1,0,0
3595,IL10RB,0,0
3596,UBE3A,0,0
3597,GSTZ1,0,0
3598,PIK3R2,0,0
3599,PPL,0,0
3600,MRRF,0,0
3601,TP53BP1,0,0
3602,BAMBI,0,0
3603,MRPL28,0,0
3604,L1CAM,0,0
3605,WNT8B,0,0
3606,FERMT2,0,0
3607,KPNA4,0,0
3608,ERCC2,0,0
3609,CTCF,0,0
3610,FBXW8,0,0
3611,RBCK1,0,0
3612,OAS1,0,0
3613,POLE,0,0
3614,KCNN2,0,0
3615,TRNAU1AP,0,0
3616,CUL7,0,0
3617,A2M,1,0
3618,PTPN12,0,0
3619,DYRK1B,0,0
3620,NAA11,0,0
3621,PYGL,0,0
3622,HSPB6,1,0
3623,CSNK1D,0,0
3624,ACTR1B,0,0
3625,ERGIC2,0,0
3626,PI4KB,0,0
3627,SHARPIN,0,0
3628,FBXL12,0,0
3629,CTSW,0,0
3630,TXNRD1,0,0
3631,KCNN4,0,0
3632,SLC9A3R2,0,0
3633,RABEPK,0,0
3634,LRCH3,0,0
3635,ELL2,0,0
3636,BCKDHA,0,0
3637,NAA10,0,0
3638,CYP2B6,0,0
3639,GAD1,0,0
3640,SHISA9,0,0
3641,TKTL2,0,0
3642,TBC1D10A,0,0
3643,RCAN1,0,0
3644,GTF2H4,0,0
3645,RPS27L,0,0
3646,MYBL2,0,0
3647,RAC2,0,0
3648,EPS8L1,0,0
3649,UGDH,0,0
3650,RLN1,0,0
3651,LGALS3,1,0
3652,SF3B5,0,0
3653,PDP2,0,0
3654,CDS1,0,0
3655,RAB36,0,0
3656,BTK,0,0
3657,CPEB4,0,0
3658,RPLP0,0,0
3659,GNA13,0,0
3660,RPS29,0,0
3661,SMARCC1,0,0
3662,IER3,0,0
3663,GADD45GIP1,0,0
3664,MTDH,0,0
3665,DMWD,0,0
3666,LARS1,0,0
3667,MYO1E,0,0
3668,CHMP2B,0,0
3669,MMP23B,0,0
3670,RPL13A,0,0
3671,CENPX,0,0
3672,ELAVL1,0,0
3673,GTF2F2,0,0
3674,PAPSS1,0,0
3675,FLCN,0,0
3676,SLC17A8,0,0
3677,LSM6,0,0
3678,HDAC4,0,0
3679,RPUSD3,0,0
3680,RPL39,0,0
3681,MVB12A,0,0
3682,NOVA1,0,0
3683,ACSL5,0,0
3684,LAG3,0,0
3685,CIR1,0,0
3686,NF1,0,0
3687,LAMTOR5,0,0
3688,TFDP1,0,0
3689,GPN2,0,0
3690,C17orf97,0,0
3691,MSTN,0,0
3692,TAS2R7,0,0
3693,MECR,0,0
3694,PTRH2,0,0
3695,TRPC4AP,0,0
3696,VAV2,0,0
3697,PSMB2,0,0
3698,FBLN1,0,0
3699,AKAP9,0,0
3700,CRHR1,0,0
3701,ARNTL,0,0
3702,OTOF,0,0
3703,GBE1,0,0
3704,RBM7,0,0
3705,BBS10,0,0
3706,ADAM10,0,0
3707,RRP9,0,0
3708,EGF,0,0
3709,IFITM3,0,0
3710,GAR1,0,0
3711,RAB4A,0,0
3712,DCTD,0,0
3713,ATP1A3,0,0
3714,TREH,0,0
3715,RAMP3,0,0
3716,RBMX,0,0
3717,ALAD,0,0
3718,ZNF330,0,0
3719,CLP1,0,0
3720,MEF2B,0,0
3721,GRK7,0,0
3722,EPHA3,0,0
3723,TCEAL2,0,0
3724,AP3S1,0,0
3725,ARHGEF28,0,0
3726,PSG7,0,0
3727,CACNA1F,0,0
3728,TAF8,0,0
3729,TULP2,0,0
3730,KCTD19,0,0
3731,CDH1,0,0
3732,PAQR7,0,0
3733,MTERF1,0,0
3734,MNAT1,0,0
3735,MPHOSPH6,0,0
3736,EIF4E,0,0
3737,UQCRQ,0,0
3738,GRHPR,0,0
3739,AMACR,0,0
3740,PDCD1,0,0
3741,PRC1,0,0
3742,SLC6A2,0,0
3743,BIVM-ERCC5,0,0
3744,GSTO1,0,0
3745,SRCAP,0,0
3746,IPO4,0,0
3747,LAIR1,0,0
3748,LAMP1,0,0
3749,CERS5,0,0
3750,PNISR,0,0
3751,PEX6,0,0
3752,CUL4B,0,0
3753,TBC1D24,0,0
3754,MAP3K12,0,0
3755,TULP1,0,0
3756,RTF1,0,0
3757,DDX46,0,0
3758,EPPIN,0,0
3759,CALCRL,0,0
3760,RPA2,0,0
3761,CARM1,0,0
3762,PIP4K2C,0,0
3763,HOXC5,0,0
3764,BTLA,0,0
3765,INO80C,0,0
3766,RNF43,0,0
3767,EIF5A2,0,0
3768,SGO2,0,0
3769,UBXN1,0,0
3770,AHR,0,0
3771,MTG2,0,0
3772,PRR3,0,0
3773,FZD5,0,0
3774,WDR92,0,0
3775,PPP1R3A,0,0
3776,PKD2,0,0
3777,CDC14A,0,0
3778,TJP1,0,0
3779,FABP4,0,0
3780,NIPA2,0,0
3781,SLC35A1,0,0
3782,DLL4,0,0
3783,CLSPN,0,0
3784,RTN4,0,0
3785,ITGA6,0,0
3786,PEX13,0,0
3787,GHRHR,0,0
3788,GSTA3,0,0
3789,ATP5PO,0,0
3790,GATA4,0,0
3791,IGSF1,0,0
3792,WIPF3,0,0
3793,SLC7A6OS,0,0
3794,LLGL1,0,0
3795,SH3PXD2A,0,0
3796,SIKE1,0,0
3797,UGT8,0,0
3798,SHLD3,0,0
3799,PRKAA2,0,0
3800,GNPTAB,0,0
3801,YWHAQ,0,0
3802,CST1,0,0
3803,ADAM9,0,0
3804,OST4,0,0
3805,ACTG1,0,0
3806,CCDC124,0,0
3807,CNOT1,0,0
3808,TIMM23,0,0
3809,MED13L,0,0
3810,STATH,0,0
3811,CSF2RA,0,0
3812,TANK,0,0
3813,AIMP2,0,0
3814,ANKRD40,0,0
3815,MRPL12,0,0
3816,KLF6,0,0
3817,GLTP,0,0
3818,LSM12,0,0
3819,HLA-DPB1,0,0
3820,BLMH,1,0
3821,PPAN,0,0
3822,RUSC2,0,0
3823,POLD2,0,0
3824,EIF3M,0,0
3825,ERG28,0,0
3826,ST8SIA1,0,0
3827,EFNB3,0,0
3828,IMPAD1,0,0
3829,PLOD1,0,0
3830,STXBP3,0,0
3831,ATP6V0A4,0,0
3832,TAS2R9,0,0
3833,CEBPE,0,0
3834,STAT4,0,0
3835,TCEA2,0,0
3836,NRBF2,0,0
3837,DHRS9,0,0
3838,PDE1A,0,0
3839,SPATA5L1,0,0
3840,HSD3B7,0,0
3841,CENPQ,0,0
3842,DNM1,0,0
3843,DCTPP1,0,0
3844,CCNB2,0,0
3845,RAB13,0,0
3846,NXF3,0,0
3847,PAX5,0,0
3848,PIR,0,0
3849,DIAPH2,0,0
3850,LMAN1,0,0
3851,INA,0,0
3852,PTPN5,0,0
3853,PRKAR2A,0,0
3854,EPHA1,0,0
3855,MUC1,0,0
3856,UBXN8,0,0
3857,ATP6V1H,0,0
3858,GAL3ST1,0,0
3859,DIS3L2,0,0
3860,NOL11,0,0
3861,MTMR6,0,0
3862,CASTOR1,0,0
3863,SNPH,0,0
3864,PRPF39,0,0
3865,DEPDC7,0,0
3866,KNL1,0,0
3867,APOO,0,0
3868,ANKRD54,0,0
3869,PPP2R2B,0,0
3870,SMAD2,1,1
3871,PON1,1,0
3872,SEC24A,0,0
3873,HP,1,0
3874,SVBP,0,0
3875,ANAPC4,0,0
3876,RPS28,0,0
3877,NOG,0,0
3878,SPRED1,0,0
3879,ITGAL,0,0
3880,RUVBL1,0,0
3881,UBQLN4,0,0
3882,FAM183A,0,0
3883,DERA,0,0
3884,ANOS1,0,0
3885,AQP9,0,0
3886,GTF3A,0,0
3887,DUSP9,0,0
3888,PDCL,0,0
3889,OSM,0,0
3890,APOOL,0,0
3891,SGSH,0,0
3892,RPS19,1,0
3893,BLNK,0,0
3894,STXBP5,0,0
3895,DNM1L,0,0
3896,DCUN1D2,0,0
3897,WDR3,0,0
3898,PFDN2,0,0
3899,CDCA5,0,0
3900,PHOX2B,0,0
3901,ATP6V1D,0,0
3902,EMC7,0,0
3903,GABRG3,0,0
3904,ARG2,0,0
3905,C1orf158,0,0
3906,NFRKB,0,0
3907,AURKA,0,0
3908,GATA3,0,0
3909,CACNA2D4,0,0
3910,HLA-B,0,0
3911,UCHL5,0,0
3912,SCG2,0,0
3913,EMILIN1,0,0
3914,ACVR1,0,0
3915,RAB22A,0,0
3916,VPS35,0,0
3917,STAT6,0,0
3918,FTSJ1,0,0
3919,PROC,0,0
3920,METTL4,0,0
3921,NDN,0,0
3922,ESCO2,0,0
3923,KPNA3,0,0
3924,PBDC1,0,0
3925,ATP5ME,0,0
3926,TWF1,0,0
3927,CDKN2A,0,0
3928,UBXN7,0,0
3929,ENTPD6,0,0
3930,KBTBD8,0,0
3931,RPUSD4,0,0
3932,ROMO1,0,0
3933,NTF4,0,0
3934,AGTR1,0,0
3935,CREB3L2,0,0
3936,HDGF,0,0
3937,CFAP20,0,0
3938,SSB,0,0
3939,ALDH3A1,0,0
3940,MARS1,0,0
3941,KLHL42,0,0
3942,SGCB,0,0
3943,CTTN,0,0
3944,CD74,0,0
3945,MED25,0,0
3946,KCNAB1,0,0
3947,PPP1R2,0,0
3948,CD320,0,0
3949,UGCG,0,0
3950,PFN4,0,0
3951,PRCP,0,0
3952,MAP2K5,0,0
3953,RGL1,0,0
3954,PSMA1,0,0
3955,DNAI1,0,0
3956,USP30,0,0
3957,PPP1R9B,0,0
3958,COL17A1,0,0
3959,PSMA6,0,0
3960,H3-3B,0,0
3961,NUDT12,0,0
3962,SRD5A2,0,0
3963,AMT,0,0
3964,SLC25A12,0,0
3965,NCBP3,0,0
3966,SPC25,0,0
3967,LAMB1,0,0
3968,TRIM32,0,0
3969,JADE1,0,0
3970,CINP,0,0
3971,CCL4,0,0
3972,RPL22L1,0,0
3973,ARPC2,0,0
3974,COX7A2L,0,0
3975,OSTM1,0,0
3976,ITPR3,0,0
3977,UQCR11,0,0
3978,MAGED1,0,0
3979,MYOZ2,0,0
3980,RYR2,0,0
3981,OAZ2,0,0
3982,HLA-DOA,0,0
3983,OPA1,0,0
3984,PLCB2,0,0
3985,NME2,0,0
3986,FOXO3,0,0
3987,RAP1A,0,0
3988,ELK1,0,0
3989,TMEM67,0,0
3990,MAGOHB,0,0
3991,ADGRA1,0,0
3992,SLC6A20,0,0
3993,TERF2,0,0
3994,SNCA,0,0
3995,ETS2,0,0
3996,TPD52L1,0,0
3997,DOK3,0,0
3998,FAAP20,0,0
3999,CRYGS,0,0
4000,CNIH3,0,0
4001,ACRBP,0,0
4002,MRPS21,0,0
4003,VTI1A,0,0
4004,AP5S1,0,0
4005,NR1D1,0,0
4006,FYCO1,0,0
4007,NUP210,0,0
4008,KLHL13,0,0
4009,VPS26B,0,0
4010,TBXA2R,0,0
4011,ROBO1,0,0
4012,MRPL55,0,0
4013,EPHB6,0,0
4014,VWC2,0,0
4015,HOXB6,0,0
4016,DLST,0,0
4017,TLL2,0,0
4018,ADM2,0,0
4019,NCOA5,0,0
4020,EED,0,0
4021,IMPG1,0,0
4022,SORT1,0,0
4023,RPS25,0,0
4024,MYH8,0,0
4025,GNA11,0,0
4026,HEATR1,0,0
4027,SCRT1,0,0
4028,SLC35B2,0,0
4029,ANKS6,0,0
4030,NUP160,0,0
4031,ANKK1,0,0
4032,MRAS,0,0
4033,TLR1,0,0
4034,PTPA,0,0
4035,FARS2,0,0
4036,IVL,0,0
4037,SERPINF2,0,0
4038,ERMARD,0,0
4039,FAM8A1,0,0
4040,DHX35,0,0
4041,MT-CO1,0,0
4042,SUV39H2,0,0
4043,CLMP,0,0
4044,ERV3-1,0,0
4045,CABP1,0,0
4046,WDR12,0,0
4047,NOTCH4,0,0
4048,OSMR,0,0
4049,BANF1,1,0
4050,NDUFS8,0,0
4051,NQO1,0,0
4052,PMAIP1,0,0
4053,GGCX,0,0
4054,SLC4A7,0,0
4055,SORD,0,0
4056,SORBS3,0,0
4057,SNRPC,0,0
4058,TOMM70,0,0
4059,TUBGCP5,0,0
4060,MRPL47,0,0
4061,P2RX3,0,0
4062,SH3TC2,0,0
4063,WBP1,0,0
4064,TFAP4,0,0
4065,SNAP29,0,0
4066,MAP3K1,0,0
4067,CUTA,0,0
4068,ORMDL3,0,0
4069,KCNJ12,0,0
4070,AFMID,0,0
4071,SCNN1B,0,0
4072,BCKDHB,0,0
4073,PIP5K1C,0,0
4074,CYP2C18,0,0
4075,CNN1,1,0
4076,IL2RB,0,0
4077,CELSR1,0,0
4078,PRMT7,0,0
4079,FZD6,0,0
4080,CKMT2,0,0
4081,HAUS3,0,0
4082,SHLD1,0,0
4083,EIF3D,0,0
4084,IRF2BPL,0,0
4085,ATP1B3,0,0
4086,SLC6A5,0,0
4087,CCDC47,0,0
4088,USP13,0,0
4089,TFPT,0,0
4090,MAD2L1,0,0
4091,CPEB1,0,0
4092,ATG7,0,0
4093,RASGRP3,0,0
4094,TREM2,0,0
4095,ALKBH2,0,0
4096,SLC22A4,0,0
4097,FZD4,0,0
4098,REXO4,0,0
4099,PRPF40A,0,0
4100,DLGAP3,0,0
4101,DCP2,0,0
4102,NPAS4,0,0
4103,EXOC3L4,0,0
4104,SRRM3,0,0
4105,GMPPA,0,0
4106,CAB39L,0,0
4107,MKI67,0,0
4108,GPATCH2L,0,0
4109,SRRM1,0,0
4110,NXN,0,0
4111,PES1,0,0
4112,CPB2,1,0
4113,ULK1,0,0
4114,THOC7,0,0
4115,GPD2,0,0
4116,TENT4B,0,0
4117,PXDNL,0,0
4118,KCNC1,0,0
4119,PRSS12,0,0
4120,NDUFV3,0,0
4121,UBE2D4,0,0
4122,C5orf49,0,0
4123,DDB1,0,0
4124,RBM4,0,0
4125,WNT5B,0,0
4126,RIPOR2,0,0
4127,ANAPC10,0,0
4128,EPHB1,0,0
4129,WNT9A,0,0
4130,ADGRL2,0,0
4131,POLR2A,0,0
4132,STAT5B,0,0
4133,MLX,0,0
4134,SLCO1A2,0,0
4135,RNF123,0,0
4136,DENR,0,0
4137,ADORA1,0,0
4138,TAF4,0,0
4139,IRF2,0,0
4140,CEP41,0,0
4141,ADAMTS12,0,0
4142,SDC4,0,0
4143,RCVRN,0,0
4144,ACOT4,0,0
4145,NPFFR1,0,0
4146,RNF139,0,0
4147,SALL1,0,0
4148,MICAL1,0,0
4149,THBS2,1,0
4150,CORO1B,0,0
4151,HNRNPH3,0,0
4152,SLX4,0,0
4153,CEACAM1,0,0
4154,EGR1,0,0
4155,OPHN1,0,0
4156,SLC26A2,0,0
4157,KIT,0,0
4158,SERPINF1,0,0
4159,ADRA2B,0,0
4160,HSPB2,0,0
4161,PLEKHA5,0,0
4162,BLM,0,0
4163,PIK3CA,0,0
4164,LCN1,0,0
4165,DERL3,0,0
4166,MGMT,0,0
4167,TFR2,0,0
4168,VANGL2,0,0
4169,POLR1B,0,0
4170,NACA2,0,0
4171,CYP2A6,0,0
4172,AGXT,0,1
4173,CD24,0,0
4174,VIM,1,0
4175,GYS2,0,0
4176,DDX3Y,0,0
4177,FGG,1,0
4178,CDKN1A,0,0
4179,ARHGDIG,0,0
4180,AP2M1,0,0
4181,OLFM3,0,0
4182,SUPT4H1,0,0
4183,HBA2,1,0
4184,RRP1B,0,0
4185,TLE7,0,0
4186,MRPS28,0,0
4187,PICK1,0,0
4188,KLHL12,0,0
4189,FCGR2A,0,0
4190,PTGER2,0,0
4191,PARD6B,0,0
4192,GADD45G,0,0
4193,NDP,0,0
4194,DNAJC8,0,0
4195,CNOT2,0,0
4196,RFK,0,0
4197,SPINT1,0,0
4198,ITGAE,0,0
4199,CCT2,0,0
4200,CELA2A,0,0
4201,HSD17B13,0,0
4202,ZNF207,0,0
4203,RXYLT1,0,0
4204,PCGF6,0,0
4205,GNPDA2,0,0
4206,WDFY3,0,0
4207,MTMR4,0,0
4208,PXMP4,0,0
4209,SAA4,1,0
4210,PIGL,0,1
4211,DOCK8,0,0
4212,DDX42,0,0
4213,SMAD6,0,0
4214,MYLK4,0,0
4215,KLHDC2,0,0
4216,FTSJ3,0,0
4217,SFRP2,0,0
4218,LAMB2,0,0
4219,NPTN,0,0
4220,PTPRR,0,0
4221,HINFP,0,0
4222,SF3B2,0,0
4223,MGST2,0,0
4224,ACSS1,0,0
4225,WNT8A,0,0
4226,RPS6KA1,0,0
4227,NDUFA4L2,0,0
4228,RUVBL2,0,0
4229,JAK3,0,0
4230,POU3F3,0,0
4231,PCSK9,0,1
4232,STXBP2,0,0
4233,PNLIPRP3,0,0
4234,ACVR2B,0,0
4235,PLA2G15,0,0
4236,SLU7,0,0
4237,GAB2,0,0
4238,ECH1,0,0
4239,RPP14,0,0
4240,TPRKB,0,0
4241,TM6SF2,0,0
4242,BMP2,0,0
4243,PHKG2,0,0
4244,GORASP1,0,0
4245,BCAT2,0,0
4246,PATL2,0,0
4247,SPG21,0,0
4248,UBE2E1,0,0
4249,HNRNPR,0,0
4250,FKBP10,0,0
4251,USP28,0,0
4252,NELFB,0,0
4253,PSMD6,0,0
4254,SLCO1B1,0,0
4255,EYS,0,0
4256,SCN4A,0,0
4257,PAF1,0,0
4258,SLC4A1AP,0,0
4259,EXOSC9,0,0
4260,HRAS,0,0
4261,E2F4,0,0
4262,FDXR,0,0
4263,CMTM6,0,0
4264,SSH1,0,0
4265,CSNK2A3,0,0
4266,TTL,0,0
4267,ADIPOQ,1,0
4268,RASL10A,0,0
4269,XYLT2,0,0
4270,SLC35D1,0,0
4271,NOA1,0,0
4272,RNASE3,0,0
4273,UCK1,0,0
4274,DLX5,0,0
4275,IMMT,0,0
4276,GDAP1,0,0
4277,KIF18B,0,0
4278,CDC42,0,0
4279,PARP12,0,0
4280,MYH9,0,0
4281,IL23R,0,0
4282,AHCYL2,0,0
4283,CXCL9,0,0
4284,BIRC6,0,0
4285,NDUFA4,0,0
4286,TNPO1,0,0
4287,COX6B2,0,0
4288,MAL2,0,0
4289,NDUFB2,0,0
4290,CALHM1,0,0
4291,HBM,0,0
4292,ST6GAL1,0,0
4293,CPSF7,0,0
4294,CYP17A1,0,0
4295,CORO1A,0,0
4296,GEMIN7,0,0
4297,GLDC,0,0
4298,TGFB1I1,0,0
4299,SMC6,0,0
4300,TAF1A,0,0
4301,JMJD4,0,0
4302,BBS4,0,0
4303,TXLNA,0,0
4304,RAMACL,0,0
4305,VPS52,0,0
4306,RPS4Y1,0,0
4307,HSD17B7,0,0
4308,IFI44L,0,0
4309,LBR,0,0
4310,KAT6B,0,0
4311,XYLB,0,0
4312,PRKCA,0,0
4313,LIMK1,0,0
4314,PAPOLB,0,0
4315,DCLRE1A,0,0
4316,ERN2,0,0
4317,HNRNPD,0,0
4318,AGL,0,0
4319,UBA3,0,0
4320,DDC,0,0
4321,RC3H2,0,0
4322,AVPR1A,0,0
4323,SF3B3,0,0
4324,ALAS2,0,0
4325,CYP7A1,0,0
4326,MYL9,1,0
4327,SLC17A6,0,0
4328,WT1,0,0
4329,PDGFRA,0,0
4330,CDC25A,0,0
4331,E2F7,0,0
4332,RHOBTB3,0,0
4333,RPS2,0,0
4334,PLXNB1,0,0
4335,PORCN,0,0
4336,SCT,0,0
4337,PSMD4,0,0
4338,CHRAC1,0,0
4339,PRKCD,0,0
4340,ZNF44,0,0
4341,SLC25A23,0,0
4342,DEFA6,0,0
4343,DPPA4,0,0
4344,EEF1A1,0,0
4345,RPL22,1,0
4346,VCP,1,0
4347,PITX1,0,0
4348,TAMM41,0,0
4349,MIS18A,0,0
4350,MT-ND1,0,0
4351,CCL15,0,0
4352,NOLC1,0,0
4353,DDX19A,0,0
4354,BCAP31,0,0
4355,DHPS,0,0
4356,PPP2R3A,0,0
4357,COLGALT1,0,0
4358,CLEC4G,0,0
4359,GAB1,0,0
4360,KHSRP,0,0
4361,PROZ,0,0
4362,ARMT1,0,0
4363,FGF22,0,0
4364,SLIT3,0,0
4365,ACSF3,0,0
4366,INS,0,1
4367,RFC2,0,0
4368,PLAC8,0,0
4369,CACNB3,0,0
4370,TEPSIN,0,0
4371,ALKBH4,0,0
4372,CYP2J2,0,0
4373,PRKCE,0,0
4374,DSC2,0,0
4375,TBC1D4,0,0
4376,USH1G,0,0
4377,PRPF40B,0,0
4378,MFN2,0,0
4379,GINS3,0,0
4380,TSPAN12,0,0
4381,MRPS31,0,0
4382,CORO7,0,0
4383,CERK,0,0
4384,CDKN2B,0,0
4385,STIP1,0,0
4386,ALB,1,1
4387,HELZ2,0,0
4388,VRK3,0,0
4389,MAPK1,0,0
4390,NOXO1,0,0
4391,TGFBR1,1,1
4392,AMPD1,0,0
4393,SLC22A7,0,0
4394,VPS39,0,0
4395,GALNT12,0,0
4396,NASP,0,0
4397,FANCE,0,0
4398,RBM25,0,0
4399,LIM2,0,0
4400,PCGF2,0,0
4401,PAFAH1B3,0,0
4402,FGF8,0,0
4403,MEN1,0,0
4404,DHCR7,0,0
4405,LFNG,0,0
4406,HPN,0,0
4407,PWWP3B,0,0
4408,PLPP4,0,0
4409,SIK1,0,0
4410,SUGCT,0,0
4411,PTCD3,0,0
4412,STK26,0,0
4413,DISC1,0,0
4414,BAG6,0,0
4415,ALKBH3,0,0
4416,SUPV3L1,0,0
4417,HDAC1,0,0
4418,TLN2,0,0
4419,PMS2,0,0
4420,TALDO1,0,0
4421,GPS1,0,0
4422,DEFA4,0,0
4423,AKR1D1,0,0
4424,H4C9,0,0
4425,WDR82,0,0
4426,GNG13,0,0
4427,MVB12B,0,0
4428,PAPPA,0,0
4429,PCF11,0,0
4430,MYL5,0,0
4431,ZYX,0,0
4432,SF3B6,0,0
4433,ATM,0,1
4434,ZNF763,0,0
4435,ITPA,0,0
4436,NDUFV1,0,0
4437,COG5,0,0
4438,ARF5,0,0
4439,GRIN3B,0,0
4440,CTRB2,0,0
4441,RGS19,0,0
4442,ADH1C,0,0
4443,PHLPP1,0,0
4525,PEX11A,0,0
4526,SCFD1,0,0
4527,DDX58,0,0
4528,C9orf72,0,0
4529,KCNIP1,0,0
4530,UPRT,0,0
4531,CTSD,1,0
4532,RNASEH2A,0,0
4533,ALOX5,0,0
4534,SERPINB10,0,0
4535,TRAF3IP3,0,0
4536,IL10RA,0,0
4537,MRPS9,0,0
4538,CLU,1,0
4539,MMP7,0,0
4540,CASP6,0,0
4541,IFT122,0,0
4542,WASF3,0,0
4543,PRIMPOL,0,0
4544,EFL1,0,0
4545,TDP1,0,0
4546,CYP2E1,0,0
4547,CCL25,0,0
4548,PPP1R3C,0,0
4549,NPRL3,0,0
4550,VAC14,0,0
4551,TMEM116,0,0
4552,CXCR5,0,0
4553,ST8SIA2,0,0
4554,CENPI,0,0
4555,BMP8A,0,0
4556,GEMIN5,0,0
4557,RNF5,0,0
4558,NDUFC1,0,0
4559,MRPS23,0,0
4560,WDR36,0,0
4561,RBPJ,0,0
4562,CLDN25,0,0
4563,TGFB2,1,1
4564,RAB3IL1,0,0
4565,SEC61A2,0,0
4566,LGALS9,0,0
4567,TPM1,0,0
4568,MESP2,0,0
4569,GNG3,0,0
4570,RETREG1,0,0
4571,SGK1,0,0
4572,NFYC,0,0
4573,FBXL14,0,0
4574,COL9A3,0,0
4575,DPY30,0,0
4576,CTRL,0,0
4577,CEPT1,0,0
4578,TPSD1,0,0
4579,HOXA10,0,0
4580,DPYD,0,0
4581,TUT1,0,0
4582,INSR,0,0
4583,PNPT1,0,0
4584,TSC22D3,0,0
4585,DGAT2,0,0
4586,TRPM3,0,0
4587,PARP1,0,0
4588,WDR77,0,0
4589,FBXO44,0,0
4590,LAMA3,0,0
4591,GPR1,0,0
4592,PUS10,0,0
4593,FOXD3,0,0
4594,KDM5C,0,0
4595,RXRB,0,0
4596,ZCCHC8,0,0
4597,RTP4,0,0
4598,PAX4,0,0
4599,TMSB4X,0,0
4600,NCALD,0,0
4601,HCFC2,0,0
4602,NPAS2,0,0
4603,AZU1,0,0
4604,BUD31,0,0
4605,E2F1,0,0
4606,GPX5,0,0
4607,PSMC3IP,0,0
4608,MED14,0,0
4609,CISH,0,0
4610,NEO1,0,0
4611,FBXL15,0,0
4612,NPY,0,0
4613,GSTT2B,0,0
4614,DPYSL2,1,0
4615,BRF1,0,0
4616,S100A4,0,0
4617,XRCC3,0,0
4618,POU2F2,0,0
4619,EIF3L,0,0
4620,ACOX2,0,0
4621,FOXH1,0,0
4622,GNLY,0,0
4623,PEX1,0,0
4624,NAA30,0,0
4625,VAV3,0,0
4626,DDIT3,0,0
4627,OCLN,0,0
4628,A4GALT,0,0
4629,CCPG1,0,0
4630,UBE2J1,0,0
4631,BBS5,0,0
4632,DNAJB14,0,0
4633,ATF4,0,0
4634,TNFRSF1B,0,0
4635,HYKK,0,0
4636,ZFP62,0,0
4637,LIPE,0,0
4638,TMEM37,0,0
4639,MPP2,0,0
4640,CNGB1,0,0
4641,LPXN,0,0
4642,RPS19BP1,0,0
4643,CACHD1,0,0
4644,CGA,0,0
4645,PTPRN,0,0
4646,GSK3B,0,0
4647,TDP2,0,0
4648,SPP1,1,0
4649,PLCB4,0,0
4650,KLHL9,0,0
4651,CACYBP,0,0
4652,SKA3,0,0
4653,ASF1B,0,0
4654,RBP3,0,0
4655,CHMP7,0,0
4656,DGCR2,0,0
4657,SIRT7,0,0
4658,HIP1,0,0
4659,WNT1,0,0
4660,PPIL3,0,0
4661,MNX1,0,0
4662,R3HDML,0,0
4663,YWHAG,0,0
4664,RPS18,0,0
4665,IDNK,0,0
4666,CYREN,0,0
4667,SERPINE1,0,1
4668,PIGP,0,0
4669,PHAX,0,0
4670,ZIC1,0,0
4671,IL1B,0,0
4672,ITGA3,0,0
4673,SLC22A3,0,0
4674,C2orf49,0,0
4675,PBRM1,0,0
4676,NDUFB1,0,0
4677,MAP3K14,0,0
4678,USP4,0,0
4679,UNC93B1,0,0
4680,GAL,0,0
4681,TDRD7,0,0
4682,TPM4,0,0
4683,NLRP6,0,0
4684,STAG3,0,0
4685,ABCB4,0,0
4686,ACTN1,1,0
4687,THOC3,0,0
4688,IL22RA1,0,0
4689,SDR42E1,0,0
4690,PLLP,0,0
4691,PEX11G,0,0
4692,PPP4R1,0,0
4693,KLRG1,0,0
4694,LAMA4,0,0
4695,SPACA9,0,0
4696,ERF,0,0
4697,NOMO2,0,0
4698,TTLL12,0,0
4699,UBE2A,0,1
4700,UBE2S,0,0
4701,SERPINB3,0,0
4702,CD8A,0,0
4703,CD151,0,0
4704,REV3L,0,0
4705,PASK,0,0
4706,FFAR2,0,0
4707,CHST14,0,0
4708,PIK3CD,0,0
4709,SOST,0,0
4710,GALT,0,0
4711,POP4,0,0
4712,GABARAPL2,0,0
4713,ATP2A3,0,0
4714,ERO1A,0,0
4715,CS,0,0
4716,CEP350,0,0
4717,ADSS1,0,0
4718,IDH3G,0,0
4719,MAP1S,0,0
4720,SYN3,0,0
4721,INPP1,0,0
4722,H2AX,0,0
4723,MTIF2,0,0
4724,GPC4,0,0
4725,PYGM,0,0
4726,PSG1,0,0
4727,P2RX2,0,0
4728,LSM4,0,0
4729,FLT4,0,0
4730,BRCA1,0,0
4731,TRAPPC4,0,0
4732,OC90,0,0
4733,TG,0,0
4734,LIFR,0,0
4735,ATP1A2,0,0
4736,SPN,0,0
4737,MPZL1,0,0
4738,STRAP,0,0
4739,AMDHD2,0,0
4740,NDUFA11,0,0
4741,HSDL2,0,0
4742,RPP30,0,0
4743,SS18,0,0
4744,PIK3C2B,0,0
4745,RFWD3,0,0
4746,SFRP5,0,0
4747,HACD1,0,0
4748,RPGRIP1,0,0
4749,EMC6,0,0
4750,RASGRP1,0,0
4751,RET,0,0
4752,TRIB1,0,0
4753,DNAH1,0,0
4754,THRB,0,0
4755,HPD,0,0
4756,DDX27,0,0
4757,HOXA9,0,0
4758,GNGT1,0,0
4759,CACNG4,0,0
4760,BAG4,0,0
4761,SUDS3,0,0
4762,CSF3R,0,0
4763,ANK2,0,0
4764,MYLK,1,1
4765,PARK7,0,0
4766,MYCBP2,0,0
4767,CFTR,0,0
4768,PSMB4,0,0
4769,CENPU,0,0
4770,COG6,0,0
4771,PTDSS1,0,0
4772,NOL10,0,0
4773,DPYSL5,0,0
4774,RGS7,0,0
4775,DAB2,0,0
4776,CPSF3,0,0
4777,PDGFRB,0,0
4778,DYNC1H1,0,0
4779,RFX5,0,0
4780,MSI2,0,0
4781,RAB27A,0,0
4782,TUBB,0,0
4783,POLR1E,0,0
4784,MRPL38,0,0
4785,NIFK,0,0
4786,SCAF4,0,0
4787,AP5Z1,0,0
4788,BMS1,0,0
4789,TBC1D10C,0,0
4790,IFNA7,0,0
4791,OGG1,0,0
4792,XIAP,0,0
4793,LOR,0,0
4794,WDR6,0,0
4795,UNC5C,0,0
4796,CD28,0,0
4797,PRDM14,0,0
4798,ASPM,0,0
4799,PSMB1,0,0
4800,RAB18,0,0
4801,REC8,0,0
4802,PAX2,0,0
4803,SMAD4,1,1
4804,TUBB4B,0,0
4805,GART,0,0
4806,TAF13,0,0
4807,RASSF1,0,0
4808,CLASRP,0,0
4809,KDM6A,0,0
4810,WNT16,0,0
4811,RAD51AP1,0,0
4812,DPF2,0,0
4813,YIPF3,0,0
4814,RPS3A,0,0
4815,LRP2,0,0
4816,ACADS,0,0
4817,CUX1,0,0
4818,FAM166C,0,0
4819,GUF1,0,0
4820,ASPN,0,0
4821,GOT1L1,0,0
4822,EPO,0,0
4823,MAP3K4,0,0
4824,TERF2IP,0,0
4825,BRD2,0,0
4826,HOXC13,0,0
4827,DYNLRB1,0,0
4828,TARBP2,0,0
4829,TPRN,0,0
4830,CACTIN,0,0
4831,SLC8A2,0,0
4832,EPHA8,0,0
4833,CHAF1B,0,0
4834,SCML2,0,0
4835,NDUFB9,0,0
4836,CXCL5,0,0
4837,RBFOX3,0,0
4838,GHR,0,0
4839,DNAAF5,0,0
4840,GALNT7,0,0
4841,GLYCTK,0,0
4842,PPP2R1B,0,0
4843,TNNI3,0,0
4844,LPCAT4,0,0
4845,PLCD1,0,0
4846,KAT8,0,0
4847,MAPK11,0,0
4848,DENND2B,0,0
4849,ZFAND1,0,0
4850,DUOXA2,0,0
4851,GHSR,0,0
4852,MCM7,0,0
4853,GPR42,0,0
4854,SKIV2L,0,1
4855,HSPB1,1,0
4856,ATXN7L3,0,0
4857,CTPS1,0,0
4858,P3H3,0,0
4859,EDN1,0,0
4860,RLBP1,0,0
4861,GAS2L1,0,0
4862,SC5D,0,0
4863,GEMIN6,0,0
4864,PGAM4,0,0
4865,CSF1,0,0
4866,CALCR,0,0
4867,ALG8,0,0
4868,YAF2,0,0
4869,DLG5,0,0
4870,STX12,0,0
4871,UQCRC1,0,0
4872,RGMB,0,0
4873,VEGFD,0,0
4874,ATL3,0,0
4875,HSPG2,0,0
4876,INVS,0,0
4877,HIF1AN,0,0
4878,TIMM17B,0,0
4879,ABCD2,0,0
4880,ZC3HAV1,0,0
4881,MRPS26,0,0
4882,ZBP1,0,0
4883,MSH6,0,0
4884,TIMP1,1,0
4885,BTC,0,0
4886,DNAAF1,0,0
4887,DNAAF3,0,0
4888,AMBRA1,0,0
4889,CASP5,0,0
4890,P2RX1,0,0
4891,SLC25A43,0,0
4892,GABRG1,0,0
4893,CHM,0,0
4894,IK,0,0
4895,PCARE,0,0
4896,POMGNT2,0,0
4897,CARS1,0,0
4898,RDX,0,0
4899,UBL7,0,0
4900,ARF4,0,0
4901,PRKD2,0,0
4902,ZC3HC1,0,0
4903,ANGPT1,0,0
4904,CCDC151,0,0
4905,DNAJC9,0,0
4906,ITIH2,1,0
4907,PPP1R3D,0,0
4908,KCNJ13,0,0
4909,DR1,0,0
4910,CASP1,0,0
4911,ABCF2,0,0
4912,OTUD3,0,0
4913,XBP1,0,0
4914,WDHD1,0,0
4915,UBE2V2,0,0
4916,ITGA1,0,0
4917,REL,0,0
4918,WASHC3,0,0
4919,HLA-C,0,0
4920,CASS4,0,0
4921,CCDC74B,0,0
4922,KRT1,0,0
4923,ADHFE1,0,0
4924,FEM1A,0,0
4925,SLCO1B3,0,0
4926,KIAA0319,0,0
4927,ATP1A1,0,0
4928,OBP2A,0,0
4929,FSCN1,0,0
4930,UHMK1,0,0
4931,UBFD1,0,0
4932,ALKBH1,0,0
4933,NKX2-1,0,0
4934,DDIT4,0,0
4935,GNAS,0,0
4936,IVD,0,0
4937,GPHN,0,0
4938,COPS7A,0,0
4939,PPP1CA,0,0
4940,CHST10,0,0
4941,EIF6,0,0
4942,MX1,0,0
4943,VPS18,0,0
4944,KIF15,0,0
4945,IL13RA2,0,0
4946,ATP6V1G3,0,0
4947,ING5,0,0
4948,GCK,0,0
4949,PRKCZ,0,0
4950,GABARAP,0,0
4951,MPND,0,0
4952,UST,0,0
4953,NDUFA10,0,0
4954,LINGO1,0,0
4955,PSME4,0,0
4956,C7,0,0
4957,SH2D1A,0,0
4958,SRA1,0,0
4959,PPCS,0,0
4960,RXFP4,0,0
4961,OLFM4,0,0
4962,TNKS1BP1,0,0
4963,NCOA7,0,0
4964,SMS,0,0
4965,VNN2,0,0
4966,HLA-DOB,0,0
4967,NEMF,0,0
4968,RAPGEF3,0,0
4969,PLCB1,0,0
4970,PAH,0,0
4971,PTGS1,0,0
4972,CCR6,0,0
4973,KIAA0319L,0,0
4974,OPLAH,0,0
4975,SOCS3,0,0
4976,B4GALT1,0,0
4977,RPS10,0,0
4978,EML4,0,0
4979,CBX6,0,0
4980,UXT,0,0
4981,TNMD,0,0
4982,VASN,0,0
4983,HK1,0,0
4984,POTEB2,0,0
4985,RIOK3,0,0
4986,TNFRSF12A,0,0
4987,SNX5,0,0
4988,PLS1,0,0
4989,DDA1,0,0
4990,MAGEL2,0,0
4991,HFM1,0,0
4992,PRPH2,0,0
4993,APOBEC3C,0,0
4994,PYGO2,0,0
4995,IQGAP2,0,0
4996,SIRT6,0,0
5101,CYP3A4,0,0
5102,XPNPEP1,0,0
5103,E2F2,0,0
5104,METTL16,0,0
5105,SIM1,0,0
5106,SH2D4A,0,0
5107,VTI1B,0,0
5108,RBL1,0,0
5109,MED6,0,0
5110,SYNM,0,0
5111,TK2,0,0
5112,CYP11B1,0,0
5113,KBTBD7,0,0
5114,GAGE12E,0,0
5115,VRK1,0,0
5116,FGF23,0,0
5117,LPCAT1,0,0
5118,CLCN1,0,0
5119,AGPS,0,0
5120,IRAK4,0,0
5121,MED9,0,0
5122,PDX1,0,0
5123,PIK3R6,0,0
5124,ARF6,0,0
5125,CD5,0,0
5126,CYC1,0,0
5127,TP63,0,0
5128,KRR1,0,0
5129,VLDLR,0,0
5130,CDAN1,0,0
5131,SH3GL2,0,0
5132,RAD52,0,0
5133,HSPB3,0,0
5134,RPL13,0,0
5135,TIMM10,0,0
5136,MGST3,0,0
5137,SEC63,0,0
5138,SLC35B4,0,0
5139,ERAL1,0,0
5140,SPATA16,0,0
5141,FBXW4,0,0
5142,DDX24,0,0
5143,ADCYAP1R1,0,0
5144,TTC26,0,0
5145,EIF3C,0,0
5146,RNF20,0,0
5147,SIGMAR1,0,0
5148,DOLK,0,0
5149,KCNAB3,0,0
5150,KISS1,0,0
5151,NPDC1,0,0
5152,CTC1,0,0
5153,TCF12,0,0
5154,ROPN1L,0,0
5155,FANCL,0,0
5156,DDT,0,0
5157,CH25H,0,0
5158,WNT10B,0,0
5159,PTPN3,0,0
5160,ZNF622,0,0
5161,STX18,0,0
5162,SPA17,0,0
5163,RFC4,0,0
5164,ORMDL2,0,0
5165,LSM11,0,0
5166,CPS1,0,0
5167,KCNQ3,0,0
5168,GAN,0,0
5169,S1PR1,0,0
5170,MAP3K11,0,0
5171,GUCY2C,0,0
5172,DNAH9,0,0
5173,OPTN,0,0
5174,IFT172,0,0
5175,PIAS1,0,0
5176,HMGN4,0,0
5177,IL15,0,0
5178,LEFTY1,0,0
5179,EPHX1,0,0
5180,CACNB2,0,0
5181,VEGFC,0,0
5182,PLEC,0,0
5183,DHCR24,0,0
5184,ATP6V0B,0,0
5185,METTL15,0,0
5186,ACACB,0,0
5187,CRYL1,0,0
5188,NPFF,0,0
5189,RPS6KB2,0,0
5190,CXCR2,0,0
5191,CER1,0,0
5192,TIMM9,0,0
5193,POLD3,0,0
5194,CCDC114,0,0
5195,FBP1,0,0
5196,SLC12A2,0,0
5197,STBD1,0,0
5198,RPL9,0,0
5199,ERCC6,0,0
5200,CSTB,1,0
5201,LGALS13,0,0
5202,METTL3,0,0
5203,SGCD,0,0
5204,PIGT,0,0
5205,BID,0,0
5206,RFNG,0,0
5207,RNF41,0,0
5208,THEM4,0,0
5209,DEPDC1B,0,0
5210,COL4A1,1,0
5211,SMARCAD1,0,0
5212,HLA-DRA,0,0
5213,KATNAL2,0,0
5214,THOC1,0,0
5215,PPP1R26,0,0
5216,XPA,0,0
5217,POU4F1,0,0
5218,LIPC,0,0
5219,ATP5MC2,0,0
5220,NCR2,0,0
5221,SERPINB13,0,0
5222,FBRS,0,0
5223,H3-5,0,0
5224,CDT1,0,0
5225,DNMT1,0,0
5226,NR4A2,0,0
5227,EIF2B5,0,0
5228,SNX12,0,0
5229,ITGB1,0,0
5230,CPE,0,0
5231,PER1,0,0
5232,REPIN1,0,0
5233,TAF3,0,0
5234,KNTC1,0,0
5235,MFNG,0,0
5236,MARK2,0,0
5237,SNRPD2,0,0
5238,USP1,0,0
5239,CLDN23,0,0
5240,SLAMF6,0,0
5241,XRCC4,0,0
5242,NCOA4,0,0
5243,CENPT,0,0
5244,CBX8,0,0
5245,PIP5K1A,0,0
5246,NT5M,0,0
5247,DUSP12,0,0
5248,TP53,0,0
5249,PIGA,0,0
5250,COX6A2,0,0
5251,CYP3A7,0,0
5252,CMTM7,0,0
5253,CCDC88C,0,0
5254,TBC1D17,0,0
5255,UPF3B,0,0
5256,NFATC3,0,0
5257,ERCC8,0,0
5258,TYK2,0,0
5259,DVL2,0,0
5260,IGFBP2,0,0
5261,DHX15,0,0
5262,ATP5MD,0,0
5263,NOM1,0,0
5264,ROCK2,0,0
5265,PYGB,0,0
5266,ADD2,0,0
5267,SLC25A18,0,0
5268,CDK12,0,0
5269,RBFOX2,0,0
5270,HPCA,0,0
5271,INO80E,0,0
5272,CDK9,0,0
5273,UQCRC2,0,0
5274,DMBT1,0,0
5275,MEIS2,0,0
5276,FAAH2,0,0
5277,TPR,0,0
5278,PHLDB2,0,0
5279,EAF1,0,0
5280,RANBP1,0,0
5281,KCND1,0,0
5282,RPL31,0,0
5283,TUBB3,0,0
5284,EYA2,0,0
5285,GCDH,0,0
5286,GJD2,0,0
5287,FBXL20,0,0
5288,MRPL54,0,0
5289,IAH1,0,0
5290,PRNP,0,0
5291,RIMS2,0,0
5292,PHKB,0,0
5293,PPCDC,0,0
5294,THAP11,0,0
5295,SMN1,0,0
5296,HPRT1,0,0
5297,LDB3,0,0
5298,ABCB11,0,0
5299,PDE1C,0,0
5300,PDIA5,0,0
5301,TP53INP1,0,0
5302,NID2,0,0
5303,SDE2,0,0
5304,ABHD5,0,0
5305,RABAC1,0,0
5306,DDX6,0,0
5307,ERBB3,0,0
5308,SLC27A2,0,0
5309,CTCFL,0,0
5310,PSMD14,0,0
5311,CHAC1,0,0
5312,UBQLN1,0,0
5313,FLI1,0,0
5314,AKR1A1,0,0
5315,ARFGAP1,0,0
5316,BRAF,0,0
5317,TET1,0,0
5318,LYST,0,0
5319,DDAH1,0,0
5320,FUT4,0,0
5321,SPDYE14,0,0
5322,NT5C3B,0,0
5323,IGFBP5,0,0
5324,MCCC2,0,0
5325,H4C6,0,0
5326,BRIP1,0,0
5327,SYK,0,0
5328,ATP2B2,0,0
5329,MPG,0,0
5330,CDC34,0,0
5331,ICOS,0,0
5332,MRPS33,0,0
5333,UGT2A2,0,0
5334,SDC2,0,0
5335,GATA1,0,0
5336,F11R,0,0
5337,CAPN3,0,0
5338,CERS4,0,0
5339,SOX17,0,0
5340,IDE,0,0
5341,NAA80,0,0
5342,SLC6A3,0,0
5343,ARHGEF12,0,0
5344,ELK4,0,0
5345,BAX,0,0
5346,RBM41,0,0
5347,TRIP10,0,0
5348,PNPO,0,0
5349,LAMA1,0,0
5350,UBE2L6,0,0
5351,FGFBP2,0,0
5352,CERS2,0,0
5353,IFT43,0,0
5354,IWS1,0,0
5355,RYR1,0,0
5356,NSDHL,0,0
5357,PRF1,0,0
5358,HELB,0,0
5359,DNAJB7,0,0
5360,EWSR1,0,0
5361,FYB1,0,0
5362,MALT1,0,0
5363,MYB,0,0
5364,MAP2K1,0,0
5365,TAL1,0,0
5366,CENPW,0,0
5367,PUS3,0,0
5368,PPIH,0,0
5369,CAMK2B,0,0
5370,HAP1,0,0
5371,LGSN,0,0
5372,RPL15,0,0
5373,ATP4A,0,0
5374,AGXT2,0,0
5375,FBXO21,0,0
5376,CLDN1,0,0
5377,RBP2,0,0
5378,PRH2,0,0
5379,MED1,0,0
5380,INTS11,0,0
5381,CCR3,0,0
5382,YBX1,0,0
5383,CREM,0,0
5384,GRAP2,0,0
5385,FBXO24,0,0
5386,CLDN5,0,0
5387,TRH,0,0
5388,GZMA,0,0
5389,SLC6A1,0,0
5390,EIF4A3,0,0
5391,ICE1,0,0
5392,RNF40,0,0
5393,YTHDC1,0,0
5394,RBX1,0,0
5395,BCL2L11,0,0
5396,COPG2,0,0
5397,HRG,0,0
5398,RBM34,0,0
5399,ATP6V0A1,0,0
5400,RMND5A,0,0
5401,KLRC1,0,0
5402,NAPRT,0,0
5403,WDR83,0,0
5404,CATSPER2,0,0
5405,KDM1A,0,0
5406,ACBD5,0,0
5407,IL1R2,0,0
5408,ATG16L2,0,0
5409,FXR2,0,0
5410,UCN,0,0
5411,CHMP5,0,0
5412,KIR3DL1,0,0
5413,TPD52,0,0
5414,BGLAP,0,0
5415,KLHL40,0,0
5416,EVX1,0,0
5417,NARS1,0,0
5418,PDE4C,0,0
5419,GNG2,0,0
5420,GSDMD,0,0
5421,HNRNPUL1,0,0
5422,RAET1E,0,0
5423,PDHX,0,0
5424,ADGRB1,0,0
5425,PRCC,0,0
5426,PRKAG1,0,0
5427,NOP16,0,0
5428,RPP21,0,0
5429,EIF4G3,0,0
5430,MCMBP,0,0
5431,PFAS,0,0
5432,MEIOC,0,0
5433,MNS1,0,0
5434,ACP1,0,0
5435,HSD17B1,0,0
5436,WLS,0,0
5437,BCL2L1,0,0
5438,MYL3,0,0
5439,SLC25A20,0,0
5440,EXOSC2,0,0
5441,TRMT11,0,0
5442,ITGA2B,0,0
5443,BORA,0,0
5444,JAK2,0,1
5445,APOD,0,0
5446,DRD3,0,0
5447,CPA3,0,0
5448,MRPS7,0,0
5449,BRD4,0,0
5450,MEF2D,0,0
5451,RIPOR3,0,0
5452,MYCBPAP,0,0
5453,NEB,0,0
5454,COL2A1,0,0
5455,EXOC7,0,0
5456,PLRG1,0,0
5457,YJU2,0,0
5458,TSNAX,0,0
5459,G6PC3,0,0
5460,LSM7,0,0
5461,MAN2A2,0,0
5462,GAL3ST2,0,0
5463,GLYAT,0,0
5464,TNFSF11,0,0
5465,B3GAT3,0,0
5466,ADAMTS2,0,0
5467,FLNA,1,0
5468,STUB1,0,0
5469,AP3B1,0,0
5470,NKD1,0,0
5471,PPRC1,0,0
5472,CSRNP2,0,0
5473,PTPN23,0,0
5474,PTPN11,0,0
5475,NLRP12,0,0
5476,DHRS3,0,0
5477,NOTCH1,1,0
5478,SGCG,0,0
5479,UTP4,0,0
5480,SNUPN,0,0
5481,EIF4G2,0,0
5482,PSMD2,0,0
5483,SWSAP1,0,0
5484,NUMB,0,0
5485,CASP3,0,0
5486,RGL4,0,0
5487,CACNB1,0,0
5488,PTPN13,0,0
5489,FBXO7,0,0
5490,INTS5,0,0
5491,PYURF,0,0
5492,CKLF,0,0
5493,GHRL,0,0
5494,XPC,0,0
5495,HOXC6,0,0
5496,TTC5,0,0
5497,IFIT5,0,0
5498,FUS,0,0
5499,NTF3,0,0
5500,SNX8,0,0
5501,SLC5A5,0,0
5502,YPEL5,0,0
5503,DEK,0,0
5504,BAIAP2L1,0,0
5505,THAP1,0,0
5506,RAET1L,0,0
5507,MCTS1,0,0
5508,SLC26A5,0,0
5509,DNAH10,0,0
5510,JMJD1C,0,0
5511,LIPG,0,0
5512,FETUB,0,0
5513,DTL,0,0
5514,MIS18BP1,0,0
5515,KLC4,0,0
5516,MRPL14,0,0
5517,COG2,0,0
5518,ORC4,0,0
5519,PCM1,0,0
5520,NFATC1,0,0
5521,CHMP3,0,0
5522,IDH3B,0,0
5523,C9orf16,0,0
5524,BROX,0,0
5525,HTR1A,0,0
5526,RSAD1,0,0
5527,GUCA2B,0,0
5528,UBB,0,0
5529,WBP2,0,0
5530,RMND5B,0,0
5531,NLRP7,0,0
5532,MADD,0,0
5533,RXFP1,0,0
5534,FTO,0,0
5535,LSP1,0,0
5536,COL1A1,1,0
5537,TSPYL2,0,0
5538,PGM2,0,0
5539,SLC26A6,0,0
5540,POLA1,0,0
5541,C6,0,0
5542,FGFBP1,0,0
5543,CTSB,0,0
5544,EPHA4,0,0
5545,LGALS4,0,0
5546,ATG10,0,0
5547,CALM3,0,0
5548,GUCA1B,0,0
5549,CCR7,0,0
5550,VAMP1,0,0
5551,AREG,0,0
5552,ALDOB,0,0
5553,COX7A1,0,0
5554,SUB1,0,0
5555,CDH2,0,0
5556,EIF2AK1,0,0
5557,SKA1,0,0
5558,GSTA1,0,0
5559,ALDH1A3,0,0
5560,THPO,0,1
5561,AASDHPPT,0,0
5562,NDUFB3,0,0
5563,TAS2R8,0,0
5564,RHBDL2,0,0
5565,TWISTNB,0,0
5566,MOGAT1,0,0
5567,LIN52,0,0
5568,PSMG3,0,0
5569,GNG11,0,0
5570,PGAM5,0,0
5571,GFPT2,0,0
5572,IL13,0,0
5573,PGM1,0,0
5574,NCBP2L,0,0
5575,ENTPD1,0,0
5576,CDH15,0,0
5577,CD160,0,0
5578,CIT,0,0
5579,MEST,0,0
5580,CD40LG,0,0
5581,DCAF17,0,0
5582,METTL6,0,0
5583,IL5,0,0
5584,GCGR,0,0
5585,MRPS24,0,0
5586,ATRIP,0,0
5587,ERN1,0,0
5588,PLCG2,0,0
5589,CDC73,0,0
5590,DPY19L2,0,0
5591,PFDN5,0,0
5592,VHL,0,0
5593,RPL18A,0,0
5594,SNX2,0,0
5595,PSAP,1,0
5596,FGF5,0,0
5597,DDB2,0,0
5598,DAO,0,0
5599,KYAT1,0,0
5600,BLK,0,0
5601,DNAJC3,0,0
5602,B4GALT2,0,0
5603,EFNA3,0,0
5604,NUP54,0,0
5605,RNPS1,0,0
5606,LMOD1,0,0
5607,IMP3,0,0
5608,TIMP4,0,0
5609,DCTN2,1,0
5610,ST13,0,0
5611,NUP155,0,0
5612,ADRB2,0,0
5613,SLC15A3,0,0
5614,WDR48,0,0
5615,DPYSL3,1,0
5616,ANGPTL1,0,0
5617,FGF1,0,0
5618,TRAPPC12,0,0
5619,SLC9A1,0,0
5620,TRRAP,0,0
5621,MAP2K7,0,0
5622,ASNS,0,0
5623,DNMT3A,0,0
5624,GMPR,0,0
5625,YEATS2,0,0
5626,SAA2,0,0
5627,TF,1,0
5628,RPL12,0,0
5629,B4GAT1,0,0
5630,EARS2,0,0
5631,RPS5,0,0
5632,CCDC12,0,0
5633,PNP,0,0
5634,GFM2,0,0
5635,RAB11FIP3,0,0
5636,PNLIPRP1,0,0
5637,ARPC4-TTLL3,0,0
5638,SCO2,0,0
5639,FAM161A,0,0
5640,ABCA1,0,0
5641,SORBS2,0,0
5642,H2AC6,0,0
5643,TEKT1,0,0
5644,FBXL19,0,0
5645,TSPAN33,0,0
5646,NTAN1,0,0
5647,GP9,0,0
5648,MEP1B,0,0
5649,MS4A6E,0,0
5650,MARS2,0,0
5651,AK5,0,0
5652,CRPPA,0,0
5653,PSMD9,0,0
5654,ADAM17,1,0
5655,POP5,0,0
5656,RAB26,0,0
5657,AMBP,1,0
5658,ATG16L1,0,0
5659,SPOP,0,0
5660,CMA1,0,0
5661,RPL7A,0,0
5662,IRF9,0,0
5663,ATXN1,0,0
5664,CHRD,0,0
5665,DLK1,0,0
5666,SPACA1,0,0
5667,MMP13,0,0
5668,GNG5,0,0
5669,NEDD4L,0,0
5670,SEC16A,0,0
5671,TTI2,0,0
5672,TRMT1,0,0
5673,RNF11,0,0
5674,SUPT16H,0,0
5675,IFT140,0,0
5676,TLNRD1,0,0
5677,LARS2,0,0
5678,NPC2,0,0
5679,MTHFD1L,0,0
5680,NT5E,0,0
5681,UBA1,0,0
5682,TGFBRAP1,0,0
5683,BICRA,0,0
5684,CNOT4,0,0
5685,TICRR,0,0
5686,UTS2,0,0
5687,CHMP4A,0,0
5688,TTI1,0,0
5689,BAIAP2,0,0
5690,MMP17,0,0
5691,CST2,0,0
5692,HSD17B12,0,0
5693,TSPAN9,0,0
5694,KLRC3,0,0
5695,YAP1,0,0
5696,POLR2B,0,0
5697,CCNQ,0,1
5698,SEC61A1,0,0
5699,TIMM17A,0,0
5700,CNTN5,0,0
5701,SEMA5A,0,0
5702,ATIC,0,0
5703,RXRG,0,0
5704,CLDN7,0,0
5705,LAP3,0,0
5706,BIRC7,0,0
5707,CD63,0,0
5708,NUDT2,0,0
5709,EHD3,0,0
5710,TSKU,0,0
5711,SMARCA4,0,0
5712,MTMR2,0,0
5713,RORA,0,0
5714,GSTA5,0,0
5715,KCNE2,0,0
5716,GCC2,0,0
5717,PGM5,1,0
5718,GMNN,0,0
5719,HACD4,0,0
5720,XRCC5,0,0
5721,BNIP3,0,0
5722,HEMK1,0,0
5723,NXF2,0,0
5724,FGF2,0,0
5725,FCGR3A,0,0
5726,ACADM,0,0
5727,NGF,0,0
5728,SMAD1,0,0
5729,KHK,0,0
5730,CDKN2D,0,0
5731,NRAS,0,0
5732,RNPC3,0,0
5733,PRPF31,0,0
5734,HSD11B1,0,0
5735,APOA2,1,0
5736,INPP5B,0,0
5737,NEUROG2,0,0
5738,HAO1,0,0
5739,TUBA1C,0,0
5740,TBX3,0,0
5741,SULT2A1,0,0
5742,FBXL3,0,0
5743,COX7A2,0,0
5744,SDHB,0,0
5745,RALGAPB,0,0
5746,DKK3,0,0
5747,AKR1B10,0,0
5748,POLI,0,0
5749,POLR1D,0,0
5750,RHO,0,0
5751,UCKL1,0,0
5752,TSG101,0,0
5753,NCOR1,0,0
5754,MAPK13,0,0
5755,MUTYH,0,0
5756,DYSF,0,0
5757,VPS29,0,0
5758,ZPR1,0,0
5759,CORT,0,0
5760,PSMA4,0,0
5761,BOP1,0,0
5762,DSC3,0,0
5763,RCL1,0,0
5764,B4GALT3,0,0
5765,ANKS4B,0,0
5766,VPS35L,0,0
5767,MRPL9,0,0
5768,CCDC92,0,0
5769,SPATA2,0,0
5770,ADAT2,0,0
5771,BAG5,0,0
5772,PCYT2,0,0
5773,CCL19,0,0
5774,METTL17,0,0
5775,VKORC1L1,0,0
5776,TRAPPC10,0,0
5777,TP53RK,0,0
5778,TFAP2D,0,0
5779,MUC20,0,0
5780,CRLS1,0,0
5781,SERPINA3,0,0
5782,ZNF274,0,0
5783,CPLX1,0,0
5784,PAX7,0,0
5785,THOC5,0,0
5786,LCN2,1,0
5787,NAIP,0,0
5788,CISD2,0,0
5789,LPIN1,0,0
5790,PNKP,0,0
5791,FGF6,0,0
5792,HLA-DMB,0,0
5793,LARGE1,0,0
5794,CDA,0,0
5795,CHD4,0,0
5796,COX8C,0,0
5797,RBM8A,0,0
5798,CBLL1,0,0
5799,CPSF4L,0,0
5800,IL23A,0,0
5801,HNRNPH2,0,0
5802,TOMM20,0,0
5803,IPO8,0,0
5804,SNRNP27,0,0
5805,DPPA5,0,0
5806,PDE6H,0,0
5807,YWHAE,0,0
5808,MZB1,0,0
5809,ADAR,0,0
5810,PKD2L1,0,0
5811,MYF6,0,0
5812,FOSB,0,0
5813,PPIB,0,0
5814,SIN3B,0,0
5815,P2RY13,0,0
5816,PKM,0,0
5817,OSTC,0,0
5818,CALR,0,0
5819,DDX28,0,0
5820,MGA,0,0
5821,PRR14,0,0
5822,NR3C2,0,0
5823,NDUFA13,0,0
5824,AK3,0,0
5825,FZD7,0,0
5826,MYO18A,0,0
5827,NDUFAF3,0,0
5828,BMP3,0,0
5829,FSTL3,0,0
5830,KDM4B,0,0
5831,DDX4,0,0
5832,NEFL,0,0
5833,AMH,0,0
5834,ADRM1,0,0
5835,TNKS,0,0
5836,APOC3,1,0
5837,BMI1,0,0
5838,POMC,0,0
5839,SZT2,0,0
5840,EZH2,0,0
5841,PLXNA3,0,0
5842,NUP205,0,0
5843,RNF213,0,0
5844,HOXA7,0,0
5845,APBA2,0,0
5846,PABPC5,0,0
5847,SRSF9,0,0
5848,STK3,0,0
5849,SLC19A2,0,0
5850,GUSB,0,0
5851,FOXP3,0,0
5852,CHAC2,0,0
5853,STT3A,0,0
5854,ACE2,0,0
5855,C1orf50,0,0
5856,ALKBH6,0,0
5857,RGS13,0,0
5858,KCNJ14,0,0
5859,CYP24A1,0,0
5860,GUCY2D,0,0
5861,SMARCA1,0,0
5862,C17orf49,0,0
5863,UBE2D1,0,0
5864,GBP1,0,0
5865,IZUMO1,0,0
5866,RMDN2,0,0
5867,MED24,0,0
5868,CPSF4,0,0
5869,BAG3,0,0
5870,AGO1,0,0
5871,MAP1LC3B,0,0
5872,DBH,0,0
5873,FZD9,0,0
5874,USP12,0,0
5875,ERCC4,0,0
5876,PFDN1,0,0
5877,FGGY,0,0
5878,NR0B1,0,0
5879,ZNF174,0,0
5880,TRAF5,0,0
5881,GGT1,0,0
5882,BPIFA2,0,0
5883,CHGA,0,0
5884,EFEMP2,0,1
5885,NOX1,0,0
5886,PHKA1,0,0
5887,MYOC,0,0
5888,DCLRE1C,0,0
5889,CYP2C9,0,0
5890,RBBP5,0,0
5891,RAF1,0,0
5892,EHHADH,0,0
5893,CYP4F22,0,0
5894,ZUP1,0,0
5895,PYGO1,0,0
5896,WNT4,0,0
5897,SPART,0,0
5898,IKBKG,0,0
5899,HIGD2A,0,0
5900,CENPM,0,0
5901,BBS7,0,0
5902,STARD3NL,0,0
5903,BCAN,0,0
5904,PSMC1,0,0
5905,PAPPA2,0,0
5906,FGR,0,0
5907,RLN3,0,0
5908,SELL,0,0
5909,UBOX5,0,0
5910,CCDC93,0,0
5911,EDNRB,0,0
5912,TLR9,0,0
5913,ALKBH7,0,0
5914,GAMT,0,0
5915,PTGER3,0,0
5916,TRAT1,0,0
5917,NOP10,0,0
5918,H4C4,0,0
5919,PLEKHM1,0,0
5920,ADGRV1,0,0
5921,TMED2,0,0
5922,CENPH,0,0
5923,SCO1,0,0
5924,HGSNAT,0,0
5925,EIF3G,0,0
5926,NDUFA6,0,0
5927,ATP1B2,0,0
5928,HGS,0,0
5929,DHFR,0,0
5930,PAK1,0,0
5931,CDKN3,0,0
5932,GSTM2,0,0
5933,EXOSC1,0,0
5934,BAD,0,0
5935,FBXO17,0,0
5936,RAB11FIP1,0,0
5937,LYAR,0,0
5938,MRTO4,0,0
5939,EXOSC7,0,0
5940,FAM3B,0,0
5941,MVK,0,0
5942,CSTA,0,0
5943,STS,0,0
5944,FBLN2,0,0
5945,IFT81,0,0
5946,HES5,0,0
5947,TOP3A,0,0
5948,LDB1,0,0
5949,ALDH7A1,0,0
5950,ICAM3,0,0
5951,PRKACA,0,0
5952,DAP3,0,0
5953,COCH,0,0
5954,AHCY,0,0
5955,CHTF18,0,0
5956,RP9,0,0
5957,WNT9B,0,0
5958,ZNF263,0,0
5959,TRAPPC5,0,0
5960,MAEA,0,0
5961,DYNC1LI1,0,0
5962,IL22RA2,0,0
5963,NCF2,0,0
5964,RPS15A,0,0
5965,ZFHX3,0,0
5966,BTF3,0,0
5967,MAP2K4,0,0
5968,AFG3L2,0,0
5969,NUP42,0,0
5970,WNT7B,0,0
5971,KDR,0,0
5972,IL3RA,0,0
5973,HBG1,0,0
5974,CD81,0,0
5975,LILRB2,0,0
5976,PLA2G12B,0,0
5977,GALK2,0,0
5978,TRIP4,0,0
5979,ARHGDIA,0,0
5980,EIF3E,0,0
5981,ADRA1D,0,0
5982,TSLP,0,0
5983,KCNE1,0,0
5984,PAFAH2,0,0
5985,TAB2,0,0
5986,ALOX15B,0,0
5987,NUDT16,0,0
5988,ELOF1,0,0
5989,MRPS14,0,0
5990,PRKDC,0,0
5991,SNRPG,0,0
5992,ESPL1,0,0
5993,PIK3C2G,0,0
5994,EDC4,0,0
5995,TNS2,0,0
5996,G6PC2,0,0
5997,BTRC,0,0
5998,LCP2,0,0
5999,HES1,0,0
6000,SMPD1,0,0
6001,SLC4A1,1,0
6002,PKD1,0,0
6003,TAB3,0,0
6004,PNLIP,0,0
6005,TACC3,0,0
6006,PKP3,0,0
6007,MSX2,0,0
6008,NDUFB5,0,0
6009,PRL,0,0
6010,SLC35B1,0,0
6011,ANAPC13,0,0
6012,TOMM40,0,0
6013,HNF1B,0,0
6014,ARC,0,0
6015,ORC3,0,0
6016,NFATC2,0,0
6017,COPE,0,0
6018,CXCL11,0,0
6019,ARHGEF1,0,0
6020,GET1,0,0
6021,EHMT1,0,0
6022,BTF3L4,0,0
6023,AWAT2,0,0
6024,FBXO43,0,0
6025,TRIM28,0,0
6026,FAU,0,0
6027,PPA1,0,0
6028,RUNX2,0,0
6029,TLE1,0,0
6030,BTBD7,0,0
6031,SULT1C4,0,0
6032,TRMT10C,0,0
6033,KLHL8,0,0
6034,SUGT1,0,0
6035,ENKUR,0,0
6036,SGPP2,0,0
6037,DDX60,0,0
6038,NFYB,0,0
6039,CAV3,0,0
6040,ADA2,0,0
6041,MRPS18B,0,0
6042,GUCA2A,0,0
6043,WWP2,0,0
6044,CYSLTR2,0,0
6045,MMP11,0,0
6046,ZER1,0,0
6047,TSTD3,0,0
6048,HOXA6,0,0
6049,RBPMS,0,0
6050,EEF1A2,0,0
6051,ALG3,0,0
6052,GTF2A1L,0,0
6053,B3GNT6,0,0
6054,MRM3,0,0
6055,KREMEN2,0,0
6056,EPAS1,0,0
6057,TNFRSF25,0,0
6058,PSME2,0,0
6059,ANAPC5,0,0
6060,WASF1,0,0
6061,THEM5,0,0
6062,TAT,1,0
6063,IL20RA,0,0
6064,ZDHHC8,0,0
6065,VGLL4,0,0
6066,GOLT1A,0,0
6067,MS4A4E,0,0
6068,CDH12,0,0
6069,PVALB,0,0
6070,PYCR2,0,0
6071,EIF3B,0,0
6072,PHF6,0,0
6073,FKBP5,0,0
6074,PRKACG,0,0
6075,DPP4,0,0
6076,PRAMEF15,0,0
6077,S1PR3,0,0
6078,TCF4,0,0
6079,CACNA1S,0,0
6080,TUBA3D,0,0
6081,PATL1,0,0
6082,PLTP,0,0
6083,ASAH2,0,0
6084,CPT1C,0,0
6085,EMP1,0,0
6086,GRXCR1,0,0
6087,PABPC4L,0,0
6088,ULBP3,0,0
6089,RND3,0,0
6090,EPHA10,0,0
6091,MED15,0,0
6092,NUP85,0,0
6093,C11orf74,0,0
6094,TKT,0,0
6095,PMF1,0,0
6096,ATG101,0,0
6097,KIF22,0,0
6098,WSB1,0,0
6099,SETDB1,0,0
6100,CPM,0,0
6101,GALNT9,0,0
6102,FAAP24,0,0
6103,CLCC1,0,0
6104,IL1RN,0,0
6105,TREM1,0,0
6106,PSMB5,0,0
6107,FAM32A,0,0
6108,NUP93,0,0
6109,MMP24,0,0
6110,ASCC3,0,0
6111,COL14A1,1,0
6112,TNFSF12,0,0
6113,GPCPD1,0,0
6114,RBBP7,0,0
6115,NKX6-1,0,0
6116,CREB3L4,0,0
6117,TXNRD3,0,0
6118,FPGS,0,0
6119,RPL36A-HNRNPH2,0,0
6120,TRMT5,0,0
6121,RPL37,0,0
6122,HBEGF,0,0
6123,EFHC2,0,0
6124,ESF1,0,0
6125,PRDX1,0,0
6126,SNX15,0,0
6127,PRPF3,0,0
6128,YARS2,0,0
6129,WNT7A,0,0
6130,HMGCR,0,0
6131,SLC38A3,0,0
6132,FCGR1A,0,0
6133,NTPCR,0,0
6134,GDF6,0,0
6135,SPDL1,0,0
6136,NGDN,0,0
6137,NGFR,0,0
6138,UNC13A,0,0
6139,MRPS30,0,0
6140,BCAS2,0,0
6141,FBXW9,0,0
6142,DBN1,0,0
6143,SSR3,0,0
6144,CLTB,0,0
6145,PSMD12,0,0
6146,SPDYC,0,0
6147,UNC13B,0,0
6148,NCOA1,0,0
6149,GALNT2,0,0
6150,TBCB,0,0
6151,FCHSD2,0,0
6152,SCN1A,0,0
6153,PTPRC,0,0
6154,PDZD7,0,0
6155,CYCS,0,0
6156,GLYATL1,0,0
6157,APEX2,0,0
6158,TNFRSF13C,0,0
6159,PRPF38A,0,0
6160,SEC61G,0,0
6161,NAA40,0,0
6162,MFN1,0,0
6163,LIAS,0,0
6164,ADIPOR2,0,0
6165,MAPRE2,0,0
6166,MRPS10,0,0
6167,KPTN,0,0
6168,ASNSD1,0,0
6169,EDC3,0,0
6170,PHC1,0,0
6171,PACS2,0,0
6172,HIBADH,0,0
6173,CHD7,0,0
6174,SYNGR1,0,0
6175,GCNT1,0,0
6176,ATXN3L,0,0
6177,NME3,0,0
6178,TRIM21,0,0
6179,SULT1B1,0,0
6180,APBB1IP,0,0
6181,KCTD1,0,0
6182,FTL,1,0
6183,SLC2A1,0,0
6184,APTX,0,0
6185,ATP12A,0,0
6186,REEP5,0,0
6187,MLLT1,0,0
6188,NAA16,0,0
6189,TLR2,0,0
6190,CSTF1,0,0
6191,NSL1,0,0
6192,IDO2,0,0
6193,SPTLC1,0,0
6194,AQP3,0,0
6195,WBP2NL,0,0
6196,DPH3,0,0
6197,TUBB2A,0,0
6198,PIGM,0,0
6199,MRPL20,0,0
6200,MYH14,0,0
6201,SKOR1,0,0
6202,COL6A2,1,0
6203,EREG,0,0
6204,MICB,0,0
6205,CALM2,0,0
6206,CCNA2,0,0
6207,PANK2,0,0
6208,SMG6,0,0
6209,EPHA7,0,0
6210,VTA1,0,0
6211,TSFM,0,0
6212,SLC25A25,0,0
6213,NCKAP1L,0,0
6214,SPARC,0,0
6215,PACS1,0,0
6216,LARGE2,0,0
6217,SAA2-SAA4,0,0
6218,IL33,0,0
6219,ING2,0,0
6220,VPS41,0,0
6221,MCM5,0,0
6222,DUSP10,0,0
6223,RPS6KB1,0,0
6224,POLR2M,0,0
6225,SCAF1,0,0
6226,MPP5,0,0
6227,KDELR3,0,0
6228,FDX2,0,0
6229,CFAP298,0,0
6230,COPRS,0,0
6231,IQSEC1,0,0
6232,GALNTL5,0,0
6233,BIRC2,0,0
6234,IFI6,0,0
6235,ADH5,0,0
6236,ASF1A,0,0
6237,GALNT18,0,0
6238,FGF16,0,0
6239,OAZ1,0,0
6240,FBXO30,0,0
6241,TUBA1B,0,0
6242,UGT2B15,0,0
6243,GRHL3,0,0
6244,PIP,0,0
6245,PPP2R3B,0,0
6246,MAPK6,0,0
6247,MAPK8IP2,0,0
6248,TCERG1,0,0
6249,TICAM1,0,0
6250,KANSL1,0,0
6251,ISY1-RAB43,0,0
6252,CHAMP1,0,0
6253,ORC1,0,0
6254,CAB39,0,0
6255,BCL2L10,0,0
6256,SLC22A17,0,0
6257,URI1,0,0
6258,MTPAP,0,0
6259,PTPRJ,0,0
6260,KIF2A,0,0
6261,MANF,0,0
6262,L3MBTL2,0,0
6317,HLF,0,0
6318,CXorf66,0,0
6319,OXCT2,0,0
6320,PUF60,0,0
6321,TOP1MT,0,0
6322,HOXA3,0,0
6323,ACAA1,0,0
6324,NRXN1,0,0
6325,AADAT,0,0
6326,WNT5A,0,0
6327,LRP1,0,0
6328,STRIP2,0,0
6329,MTRR,0,0
6330,PPT1,0,0
6331,SCTR,0,0
6332,DGUOK,0,0
6333,TADA3,0,0
6334,ATP6V1E1,0,0
6335,PYY,0,0
6336,DRD4,0,0
6337,MIF,1,0
6338,GALK1,0,0
6339,MICU3,0,0
6340,NKX2-2,0,0
6341,CARS2,0,0
6342,TLR3,0,0
6343,PUM3,0,0
6344,FERMT1,0,0
6345,FBXO5,0,0
6346,KIFC1,0,0
6347,RPS16,0,0
6348,BIRC3,0,0
6349,CAMKMT,0,0
6350,NCAPD2,0,0
6351,MYL10,0,0
6352,EPS15,0,0
6353,PANK3,0,0
6354,SLC5A2,0,0
6355,PROCR,0,0
6356,RPS6KA6,0,0
6357,ADRA1A,0,0
6358,CDK3,0,0
6359,PLEKHA7,0,0
6360,GRAP,0,0
6361,ZBTB16,0,0
6362,IGLL5,1,0
6363,ABCC6,0,1
6364,GNG8,0,0
6365,DET1,0,0
6366,RPL17,0,0
6367,ARNT2,0,0
6368,ARPC5L,0,0
6369,TOR1A,0,0
6370,GPX7,0,0
6371,CYLD,0,0
6372,ZFP57,0,0
6373,KRT7,0,0
6374,UQCR10,0,0
6375,NDUFB8,0,0
6376,NAA38,0,0
6377,LGALS9B,0,0
6378,UBR7,0,0
6379,RIN3,0,0
6380,CYP1B1,0,0
6381,AGO4,0,0
6382,LPIN3,0,0
6383,RAMP1,0,0
6384,IL11RA,0,0
6385,SOD3,1,0
6386,SETD7,0,0
6387,EGR3,0,0
6388,MGAM2,0,0
6389,PADI4,0,0
6390,GP5,0,0
6391,ACSM3,0,0
6392,MYBBP1A,0,0
6393,POLR2J2,0,0
6394,SPG7,0,0
6395,MCL1,0,0
6396,SRP68,0,0
6397,AMY1B,0,0
6398,VPS4A,0,0
6399,BRD9,0,0
6400,LDHAL6B,0,0
6401,RIOK1,0,0
6402,LIN28A,0,0
6403,ATF2,0,0
6404,PRTN3,0,0
6405,NSA2,0,0
6406,PCGF5,0,0
6407,AAAS,0,0
6408,CSNK2B,0,0
6409,PGM3,0,0
6410,FA2H,0,0
6411,MYL12B,0,0
6412,GLUL,0,0
6413,ACOT8,0,0
6414,PLK1,0,0
6415,NIPAL4,0,0
6416,TONSL,0,0
6417,LTB4R2,0,0
6418,PTPRB,0,0
6419,SNAI2,0,0
6420,IER2,0,0
6421,C17orf80,0,0
6422,TUBA4A,0,0
6423,UMOD,0,0
6424,COX17,0,0
6425,CHEK2,0,0
6426,CCR10,0,0
6427,FGF7,0,0
6428,ULBP2,0,0
6429,JOSD1,0,0
6430,KCTD13,0,0
6431,MICOS13,0,0
6432,ANXA2,1,0
6433,VBP1,0,0
6434,ST6GALNAC2,0,0
6435,QKI,0,0
6436,CCDC86,0,0
6437,INPP5F,0,0
6438,XRN1,0,0
6439,NPM1,0,0
6440,PTPN22,0,0
6441,GMPS,0,0
6442,FLG2,0,0
6443,MMP12,1,1
6444,CSH2,0,0
6445,EIF4E3,0,0
6446,LPO,0,0
6447,CCL4L2,0,0
6448,INTS3,0,0
6449,H3C14,0,0
6450,ZC3H12A,0,0
6451,C1GALT1C1L,0,0
6452,TNFRSF17,0,0
6453,MYBPC2,0,0
6454,AP4B1,0,0
6455,CRYGC,0,0
6456,CHEK1,0,0
6457,CREB3L1,0,0
6458,CHERP,0,0
6459,IL12RB2,0,0
6460,NEDD8,0,0
6461,SLX1A,0,0
6462,PCCB,0,0
6463,LAMC2,0,0
6464,MBD1,0,0
6465,WDR11,0,0
6466,SMPD4,0,0
6467,ATP6V1A,0,0
6468,IDI2,0,0
6469,MRM1,0,0
6470,TWNK,0,0
6471,SIRT5,0,0
6472,FBXO2,0,0
6473,MAFK,0,0
6474,SND1,0,0
6475,PITRM1,0,0
6476,GNG12,0,0
6477,CHRM1,0,0
6478,SETMAR,0,0
6479,PPP2R5A,0,0
6480,JCHAIN,1,0
6481,SNX10,0,0
6482,PHLDA1,0,0
6483,POU5F1,0,0
6484,CDC27,0,0
6485,FBXO27,0,0
6486,PANK1,0,0
6487,FBXO41,0,0
6488,IFNA14,0,0
6489,ZMAT2,0,0
6490,MBD3,0,0
6491,BDP1,0,0
6492,CALCOCO2,0,0
6493,KDM2B,0,0
6494,PRAM1,0,0
6495,ALOX12B,0,0
6496,MPP6,0,0
6497,GNMT,0,0
6498,NGEF,0,0
6499,TTR,0,0
6500,ARHGEF7,0,0
6501,SAP130,0,0
6502,CST4,0,0
6503,NDUFAF2,0,0
6504,HSPD1,0,0
6505,SCN3B,0,0
6506,TIPIN,0,0
6507,NKG7,0,0
6508,MYH7B,0,0
6509,PPA2,0,0
6510,AQR,0,0
6511,ACAD10,0,0
6512,RCOR1,0,0
6513,PDCD11,0,0
6514,APBB1,0,0
6515,HSPA1A,1,0
6516,DHX34,0,0
6517,FEN1,0,0
6518,MOGAT2,0,0
6519,FECH,0,0
6520,TNFRSF1A,0,0
6521,C6orf15,0,0
6522,MRPS11,0,0
6523,PNN,0,0
6524,LGALS1,1,0
6525,FOXRED2,0,0
6526,ACAD9,0,0
6527,ANO2,0,0
6528,CD1A,0,0
6529,PIK3R3,0,0
6530,UCHL3,0,0
6531,BNIP2,0,0
6532,HADH,0,0
6533,TIGIT,0,0
6534,CCNC,0,0
6535,TYMS,0,0
6536,TEKT4,0,0
6537,TNIP2,0,0
6538,HOGA1,0,0
6539,UVRAG,0,0
6540,FLOT1,0,0
6541,SPINK1,0,0
6542,IGF2BP1,0,0
6543,PRODH2,0,0
6544,OTX2,0,0
6545,LTC4S,0,0
6546,SRSF8,0,0
6547,PFKM,0,0
6548,RTKN,0,0
6549,TNFRSF4,0,0
6550,NFE2L2,0,0
6551,IL6ST,0,0
6552,ARRB1,0,0
6553,POLL,0,0
6554,RPP25,0,0
6555,GALNT10,0,0
6556,ACBD3,0,0
6557,MTCH2,0,0
6558,HAVCR2,0,0
6559,TOMM22,0,0
6560,ECHS1,0,0
6561,PLGRKT,0,0
6562,MYL4,0,0
6563,AQP11,0,0
6564,ACTG2,0,0
6565,GRIN2A,0,0
6566,ARHGAP1,0,0
6567,RANBP9,0,0
6568,ACER1,0,0
6569,CACNA2D2,0,0
6570,RBM10,0,0
6571,ERO1B,0,0
6572,MUC5AC,0,0
6573,ATG13,0,0
6574,LAMTOR1,0,0
6575,NUDT15,0,0
6576,DGAT1,0,0
6577,TUT4,0,0
6578,SULT2B1,0,0
6579,WIF1,0,0
6580,USP20,0,0
6581,TDG,0,0
6582,MBD4,0,0
6583,ACLY,0,0
6584,TAF6,0,0
6585,TXNL4A,0,0
6586,VPS4B,0,0
6587,VAPB,0,0
6588,GP2,0,0
6589,AP1G2,0,0
6590,DNAJB4,0,0
6591,PPP4R2,0,0
6592,PGK1,0,0
6593,AFTPH,0,0
6594,GTPBP10,0,0
6595,GADL1,0,0
6596,NDUFA12,0,0
6597,TARS3,0,0
6598,MPHOSPH8,0,0
6599,VPS33B,0,0
6600,CDCA3,0,0
6601,PBK,0,0
6602,PRAMEF17,0,0
6603,PTK6,0,0
6604,EIF5A,0,0
6605,SDHA,0,0
6606,CDC42EP4,0,0
6607,ACSL4,0,0
6608,PRPF19,0,0
6609,CENPP,0,0
6610,WDR70,0,0
6611,COQ4,0,0
6612,CYP21A2,0,0
6613,PSMB10,0,0
6614,CACNA1C,0,0
6615,DFFA,0,0
6616,PI4K2B,0,0
6617,ECSIT,0,0
6618,ACOT1,0,0
6619,RNASEK,0,0
6620,CDC25C,0,0
6621,KIAA1549,0,0
6622,PRDM4,0,0
6623,PRPF18,0,0
6624,NAT8,0,0
6625,EP400,0,0
6626,CADM3,0,0
6627,CSF3,0,0
6628,BCL6,0,0
6629,DRG1,0,0
6630,UBE3D,0,0
6631,NFKBIB,0,0
6632,CCDC9,0,0
6633,RSPO4,0,0
6634,REG3A,0,0
6635,PAM,0,0
6636,FXN,0,0
6637,RANBP10,0,0
6638,CDK5RAP1,0,0
6639,DUSP4,0,0
6640,MAP2K6,0,0
6641,TINF2,0,0
6642,TNFAIP2,0,0
6643,MMP14,0,0
6644,STAG2,0,0
6645,PSPH,0,0
6646,MAG,0,0
6647,C6orf52,0,0
6648,POMP,0,0
6649,WDR4,0,0
6650,NAF1,0,0
6651,STAC3,0,0
6652,POLR2I,0,0
6653,INPP4A,0,0
6654,DNALI1,0,0
6655,H4C8,0,0
6656,SESN1,0,0
6657,AKR1B1,0,0
6658,TCF3,0,0
6659,TSR2,0,0
6660,GCNT2,0,0
6661,CRK,0,0
6662,FXR1,0,0
6663,MTM1,0,0
6664,DNAJC19,0,0
6665,RHOV,0,0
6666,HEATR5B,0,0
6667,CDKN1C,0,0
6668,ATP5MC3,0,0
6669,ADGRL3,0,0
6670,EEF1AKNMT,0,0
6671,MRPL19,0,0
6672,RNF103,0,0
6673,RNASEH1,0,0
6674,ACAT2,0,0
6675,CNIH1,0,0
6676,PRKD1,0,0
6677,PEX12,0,0
6678,GK,0,0
6679,DDX31,0,0
6680,IL4,0,0
6681,SAP18,0,0
6682,TAF10,0,0
6683,RASSF7,0,0
6684,GAS2L2,0,0
6685,AVP,1,0
6686,RHOQ,0,0
6687,DUOX1,0,0
6688,COPB1,0,0
6689,TNP1,0,0
6690,SELENOI,0,0
6691,UQCRFS1,0,0
6692,CYP2R1,0,0
6693,PLPP2,0,0
6694,BRK1,0,0
6695,CYP27C1,0,0
6696,H3C1,0,0
6697,UFD1,0,0
6698,GK2,0,0
6699,BRINP1,0,0
6700,LGMN,0,0
6701,ENO1,1,0
6702,RAE1,0,0
6703,MAFG,0,0
6704,SFN,0,0
6705,ATP23,0,0
6706,SMC3,0,0
6707,AKAP1,0,0
6708,RAD23B,0,0
6709,CRB3,0,0
6710,TLK1,0,0
6711,NCOA3,0,0
6712,DST,0,0
6713,IGSF8,0,0
6714,SLC35A3,0,0
6715,BCL2L13,0,0
6716,NKIRAS2,0,0
6717,PARN,0,0
6718,ADAMTS4,0,0
6719,DLG3,0,0
6720,ZNF513,0,0
6721,ARAF,0,0
6722,NANOS2,0,0
6723,SAFB2,0,0
6724,SLC25A11,0,0
6725,DDX21,0,0
6726,CBFB,0,0
6727,GPKOW,0,0
6728,TLE5,0,0
6729,BCL3,0,0
6730,ITSN1,0,0
6731,ERH,0,0
6732,NIPSNAP2,0,0
6733,XDH,0,0
6734,MYO15A,0,0
6735,MTAP,0,0
6736,DDX55,0,0
6737,ZNF148,0,0
6738,ISCA2,0,0
6739,IFIT3,0,0
6740,SIX1,0,0
6741,TRAPPC13,0,0
6742,ANK1,0,0
6743,RPL30,0,0
6744,CRTAP,0,0
6745,PIGH,0,0
6746,HTR2B,0,0
6747,CFAP77,0,0
6748,SET,0,0
6749,REST,0,0
6750,UBL4A,0,0
6751,ABCD3,0,0
6752,PSME3,0,0
6753,SSBP4,0,0
6754,HMGN2,0,0
6755,CAND1,0,0
6756,EPHB3,0,0
6757,SLC1A6,0,0
6758,ZBTB17,0,0
6759,POLE3,0,0
6760,GCLC,0,0
6761,GLCCI1,0,0
6762,PISD,0,0
6763,ATP6V1E2,0,0
6764,MUC2,0,0
6765,NUDC,0,0
6766,RPL32,0,0
6767,PPAN-P2RY11,0,0
6768,CD14,0,0
6769,PSMD11,0,0
6770,PIK3R4,0,0
6771,BMT2,0,0
6772,FBXL13,0,0
6773,KLRC4,0,0
6774,LHFPL5,0,0
6775,TNNC2,0,0
6776,NCAM1,0,0
6777,PGM2L1,0,0
6778,BCLAF1,0,0
6779,CASP8AP2,0,0
6780,SMARCD1,0,0
6781,FRG2,0,0
6782,TGFB3,1,1
6783,MED30,0,0
6784,LSM5,0,0
6785,CR2,0,0
6786,CMTM2,0,0
6787,AP1M2,0,0
6788,KAT2B,0,0
6789,BANP,0,0
6790,HSPA4,1,0
6791,PGD,0,0
6792,QPCTL,0,0
6793,EIF1AD,0,0
6794,APEX1,0,0
6795,LSM10,0,0
6796,ARG1,0,0
6797,RMND1,0,0
6798,TEP1,0,0
6799,SAMM50,0,0
6800,IMPDH1,0,0
6801,PDGFC,0,0
6802,SMO,0,0
6803,TRPV6,0,0
6804,HAUS6,0,0
6805,GLP1R,0,0
6806,MRM2,0,0
6807,LEP,0,0
6808,P2RX4,0,0
6809,PFKP,0,0
6810,CD300C,0,0
6811,NSF,0,0
6812,H2BC13,0,0
6813,NOTCH2,0,1
6814,DEPDC1,0,0
6815,NOC2L,0,0
6816,LARP4B,0,0
6817,EEPD1,0,0
6818,GAPDH,1,0
6819,TCP1,0,0
6820,AP1AR,0,0
6821,CTAG1B,0,0
6822,RBM28,0,0
6823,FCGBP,0,0
6824,CARD9,0,0
6825,OXA1L,0,0
6826,TUBB6,0,0
6827,XCL1,0,0
6828,NRIP1,0,0
6829,ANKS3,0,0
6830,DCAF7,0,0
6831,CLEC7A,0,0
6832,GINS2,0,0
6833,PSME3IP1,0,0
6834,EIF2S3B,0,0
6835,MCF2,0,0
6836,ZNF501,0,0
6837,GALR2,0,0
6838,HSPA1L,0,0
6839,ARL6IP5,0,0
6840,HOXA5,0,0
6841,DKKL1,0,0
6842,H4C5,0,0
6843,ASIC1,0,0
6844,ASCL1,0,0
6845,TMPRSS9,0,0
6846,NR4A1,0,0
6847,USP7,0,0
6848,HSP90AA1,0,0
6849,ACAN,0,0
6850,CMTM8,0,0
6851,NDUFAF7,0,0
6852,RAD51B,0,0
6853,IL17A,0,0
6854,IKBKE,0,0
6855,TAS2R10,0,0
6856,SMU1,0,0
6857,UTP23,0,0
6858,GPX4,0,0
6859,UBA52,0,0
6860,MS4A3,0,0
6861,STK38,0,0
6862,SHC2,0,0
6863,PKHD1,0,0
6864,GOLIM4,0,0
6865,DERL1,0,0
6866,SLC23A2,0,0
6867,PNPLA3,0,0
6868,DNAJA1,0,0
6869,RDH11,0,0
6870,ACTN3,0,0
6871,NUDT14,0,0
6872,GIP,0,0
6873,CLN6,0,0
6874,CBL,0,0
6875,POLR3C,0,0
6876,CRYZ,0,0
6877,DHDH,0,0
6878,FANCM,0,0
6879,CNGA1,0,0
6880,TPM2,1,0
6881,ABI1,0,0
6882,ALG12,0,0
6883,DAZ1,0,0
6884,KLF1,0,0
6885,QRSL1,0,0
6886,BFSP2,0,0
6887,DYRK1A,0,0
6888,UBA7,0,0
6889,CTNS,0,0
6890,FANCC,0,0
6891,NRDE2,0,0
6892,ATP6V0A2,0,0
6893,ACOT2,0,0
6894,HCRT,0,0
6895,POLR1A,0,0
6896,HNF4A,0,0
6897,UTP6,0,0
6898,IL31,0,0
6899,COPS6,0,0
6900,TAF5,0,0
6901,RARG,0,0
6902,RAB1B,0,0
6903,SCNN1G,0,0
6904,PLA2G4A,0,0
6905,GSTA4,0,0
6906,GRIN2B,0,0
6907,APRT,0,0
6908,DENND1B,0,0
6909,PRDX3,0,0
6910,ANKRD9,0,0
6911,VAMP7,0,0
6912,C12orf66,0,0
6913,NMNAT1,0,0
6914,LRRC32,0,0
6915,NPRL2,0,0
6916,OXCT1,0,0
6917,ADGRD1,0,0
6918,ARL2BP,0,0
6919,RANGRF,0,0
6920,ZNRD1,0,0
6921,CCL13,0,0
6922,MB,0,0
6923,TM7SF2,0,0
6924,H4C3,0,0
6925,BMP7,0,0
6926,RELN,0,0
6927,CYP51A1,0,0
6928,KIF5C,0,0
6929,PSMD3,0,0
6930,ACTR5,0,0
6931,MUC7,0,0
6932,GPI,0,0
6933,RDH8,0,0
6934,EPRS1,0,0
6935,LIPF,0,0
6936,GOLGA1,0,0
6937,UGGT1,0,0
6938,IFT46,0,0
6939,RHOG,0,0
6940,DCDC2,0,0
6941,MTREX,0,0
6942,PROKR2,0,0
6943,DDX5,0,0
6944,CRTC2,0,0
6945,FILIP1,0,0
6946,IFNA6,0,0
6947,SUGP1,0,0
6948,HSD17B4,0,0
6949,TNFRSF8,0,0
6950,MED8,0,0
6951,SEC24B,0,0
6952,PMPCA,0,0
6953,ENC1,0,0
6954,FNTA,0,0
6955,ELL3,0,0
6956,SMARCB1,0,0
6957,PSMB7,0,0
6958,HOXC8,0,0
6959,GPRASP1,0,0
6960,STX6,0,0
6961,NDUFA3,0,0
6962,CSK,0,0
6963,RAPGEF1,0,0
6964,CXorf56,0,0
6965,H4C13,0,0
6966,ITGB8,0,0
6967,VKORC1,0,0
6968,CYB5B,0,0
6969,NSUN5,0,0
6970,CXCR4,0,0
6971,DSTN,1,0
6972,ACO2,0,0
6973,SLC2A2,0,0
6974,AKAP11,0,0
6975,TWIST1,0,0
6976,RGS6,0,0
6977,SORCS2,0,0
6978,SMURF2,0,0
6979,PIK3C3,0,0
6980,H2BC4,0,0
6981,METTL14,0,0
6982,VDAC1,0,0
6983,SPOCK1,0,0
6984,ROCK1,0,0
6985,VIPR2,0,0
6986,NIT2,0,0
6987,RPS7,0,0
6988,NCAPH,0,0
6989,NAGK,0,0
6990,GFI1,0,0
6991,NDUFB6,0,0
6992,CPSF2,0,0
6993,ACTR3B,0,0
6994,REG1A,0,0
6995,COL11A1,0,0
6996,ADSS2,0,0
6997,CHRM3,0,0
6998,PIP4P1,0,0
6999,FBXO31,0,0
7000,KEAP1,0,0
7001,SMC1B,0,0
7002,SPATA7,0,0
7003,ZSWIM8,0,0
7004,IRF7,0,0
7005,SPTAN1,0,0
7006,KRTCAP2,0,0
7007,FGF18,0,0
7008,ADRB1,0,0
7009,CHP2,0,0
7010,BET1,0,0
7011,LRRC41,0,0
7012,ARL6IP1,0,0
7013,SGPP1,0,0
7014,VAMP3,0,0
7015,AQP1,0,0
7016,ALOX15,0,0
7017,ROR1,0,0
7018,METAP1D,0,0
7019,PI4KA,0,0
7020,VAMP8,0,0
7021,AFM,0,0
7022,HSD17B10,0,0
7023,CXCL10,0,0
7024,MCIDAS,0,0
7025,TNS1,0,0
7026,TNF,0,1
7027,SLC1A2,0,0
7028,JAM3,0,0
7029,SLAMF7,0,0
7030,XPNPEP2,0,0
7031,RINT1,0,0
7032,TPCN1,0,0
7033,NEIL1,0,0
7034,SS18L1,0,0
7035,CALD1,1,0
7036,SRP54,0,0
7037,SLC25A17,0,0
7038,CKAP5,0,0
7039,HCST,0,0
7040,RANGAP1,0,0
7041,AUTS2,0,0
7042,SAA1,1,0
7043,ANKRD50,0,0
7044,BPIFA1,0,0
7045,RPUSD2,0,0
7046,PCGF1,0,0
7047,TAF1C,0,0
7048,CRABP1,0,0
7049,TNFRSF14,0,0
7050,LIX1,0,0
7051,CLDN4,0,0
7052,GSTM3,0,0
7053,RPAP2,0,0
7054,POLK,0,0
7055,RPL27A,0,0
7056,NR1I2,0,0
7057,PSMC4,0,0
7058,RPL26,0,0
7059,FGFR4,0,0
7060,TAGLN3,0,0
7061,ING3,0,0
7062,COL4A3,1,0
7063,FAM131B,0,0
7064,SNX20,0,0
7065,FXYD2,0,0
7066,MRPL16,0,0
7067,PIGS,0,0
7068,MS4A1,0,0
7069,IL3,0,0
7070,TRAF2,0,0
7071,CPEB2,0,0
7072,AXL,1,0
7073,DRG2,0,0
7074,CSRP3,0,0
7075,TGFB1,0,0
7076,PELI1,0,0
7077,HS3ST1,0,0
7078,RNF7,0,0
7079,MMP21,0,0
7080,MMP1,0,0
7081,MTOR,0,0
7082,PLAU,0,0
7083,TNFAIP1,0,0
7084,NOP2,0,0
7085,TMEM114,0,0
7086,CARD8,0,0
7087,STX16,0,0
7088,KIF7,0,0
7089,ATP1A4,0,0
7090,ZC3H13,0,0
7091,SNAP25,0,0
7092,CKS2,0,0
7093,NFKB2,0,0
7094,NEDD9,0,0
7095,GIPC1,0,0
7096,TMED4,0,0
7097,LALBA,0,0
7098,CITED2,0,0
7099,WNT3,0,0
7100,STIM1,0,0
7101,WDR34,0,0
7102,CCN3,0,0
7103,H2AC8,0,0
7104,EME1,0,0
7105,EXOC3L1,0,0
7106,MCM9,0,0
7107,GATM,0,0
7108,MTNR1B,0,0
7109,NEK7,0,0
7110,CGB5,0,0
7111,UNC5D,0,1
7112,FAM98B,0,0
7113,SELENOP,0,0
7114,MYEOV,0,0
7115,HMOX1,0,0
7116,MYLK3,0,0
7117,DCTN1,0,0
7118,SFRP1,0,0
7119,SGCE,0,0
7120,BHLHE41,0,0
7121,RRP12,0,0
7122,XPO6,0,0
7123,MRPL22,0,0
7124,HSPA5,1,0
7125,TEC,0,0
7126,IL31RA,0,0
7127,ADGRA2,0,0
7128,SLC2A3,0,0
7129,TRAPPC2,0,0
7130,PIH1D2,0,0
7131,HSPB8,0,0
7132,COL4A6,1,0
7133,LRP5,0,0
7134,HMGCLL1,0,0
7135,ACVR2A,0,0
7136,SRSF1,0,0
7137,ALDH5A1,0,0
7138,HBG2,0,0
7139,CLASP1,0,0
7140,TET3,0,0
7141,CCDC170,0,0
7142,TRMT61A,0,0
7143,PREX1,0,0
7144,NPC1L1,0,0
7145,CASP8,0,0
7146,SNTG1,0,0
7147,TIMMDC1,0,0
7148,ZMAT5,0,0
7149,DDAH2,0,0
7150,HMOX2,0,0
7151,RWDD4,0,0
7152,YWHAB,1,0
7153,TAF1L,0,0
7154,HEY2,1,1
7155,PTGS2,0,0
7156,CRLF2,0,0
7157,HADHA,0,0
7158,H2AC17,0,0
7159,YRDC,0,0
7160,FGF17,0,0
7161,IL27RA,0,0
7162,CENPF,0,0
7163,STX2,0,0
7164,TSHR,0,0
7165,SLX4IP,0,0
7166,DCAF8,0,0
7167,LRRK2,0,0
7168,IFT57,0,0
7169,HLA-DQA2,0,0
7170,SPHK1,0,0
7171,CD200,0,0
7172,TLCD3B,0,0
7173,QRFP,0,0
7174,COL5A1,0,0
7175,SLC18A3,0,0
7176,CCN1,0,0
7177,NDUFB10,0,0
7178,MARCHF6,0,0
7179,ACKR2,0,0
7180,GNPDA1,0,0
7181,STAG1,0,0
7182,CELA3B,0,0
7183,CD99,0,0
7184,SDAD1,0,0
7185,GNA12,0,0
7186,UTY,0,0
7187,GPT2,0,0
7188,OGDHL,0,0
7189,ALG6,0,0
7190,VAPA,0,0
7191,UTP14A,0,0
7192,P4HB,0,0
7193,SERPINH1,0,0
7194,CLPX,0,0
7195,PFKL,0,0
7196,CHRNA3,0,0
7197,RABIF,0,0
7198,SEC11A,0,0
7199,DUSP8,0,0
7200,CD1D,0,0
7201,MICA,0,0
7202,H2AC20,0,0
7203,IFT27,0,0
7204,PPP2R3C,0,0
7205,ACSF2,0,0
7206,VDAC2,0,0
7207,EIF1AX,0,0
7208,TRAPPC3,0,0
7209,CD27,0,0
7210,SLC6A4,0,0
7211,NPVF,0,0
7212,AICDA,0,0
7213,PLA2G5,0,0
7214,BCL11B,0,0
7215,STK38L,0,0
7216,USP22,0,0
7217,DLAT,0,0
7218,CCT6B,0,0
7219,HOXB2,0,0
7220,FGFR1,0,1
7221,CXXC1,0,0
7222,AFF4,0,0
7223,SLC44A4,0,0
7224,DDX47,0,0
7225,NKTR,0,0
7226,EIF4EBP2,0,0
7227,CNTF,0,0
7228,GJA8,0,0
7229,MTX2,0,0
7230,APPBP2,0,0
7231,ERCC3,0,0
7232,GLUD1,0,0
7233,MRNIP,0,0
7234,CLPB,0,0
7235,RAC1,0,0
7236,EIF1AY,0,0
7237,FAAH,0,0
7238,CENPJ,0,0
7239,GSPT1,0,0
7240,RPS27,0,0
7241,PLXNB2,0,0
7242,SHMT2,0,0
7243,UBQLN2,0,0
7244,LIN7A,0,0
7245,CLEC2D,0,0
7246,THBD,0,1
7247,MYF5,0,0
7248,ZC3H3,0,0
7249,EPOR,0,0
7250,CDC42EP2,0,0
7251,YTHDF1,0,0
7252,CACNG3,0,0
7253,SPATA20,0,0
7254,DNAJB1,0,0
7255,KCNE4,0,0
7256,ENTPD8,0,0
7257,PDP1,0,0
7258,COL6A3,0,0
7259,SNRPD3,0,0
7260,HDAC9,0,0
7261,SCARA3,0,0
7262,RASIP1,0,0
7263,H4C1,0,0
7264,RACGAP1,0,0
7265,FURIN,0,0
7266,TM4SF19,0,0
7267,CYB5RL,0,0
7268,HCK,0,0
7269,MYL6B,0,0
7270,CXCL1,0,0
7271,DPT,1,0
7272,TUSC3,0,0
7273,MPST,0,0
7274,MAP3K10,0,0
7275,WASHC4,0,0
7276,WDR74,0,0
7277,IFIT1B,0,0
7278,PITPNM1,0,0
7279,CUL3,0,0
7280,UCMA,0,0
7281,TRPM4,0,0
7282,SMPD2,0,0
7283,MT-ND3,0,0
7284,PPP2R5B,0,0
7285,ACVRL1,0,1
7286,DSG3,0,0
7287,PLA2G2F,0,0
7288,EDNRA,0,0
7289,OLIG2,0,0
7290,RELT,0,0
7291,GOPC,0,0
7292,RPAP1,0,0
7293,UBE2L5,0,0
7294,GJA5,0,0
7295,PPP3CC,0,0
7296,YAE1,0,0
7297,VPS37C,0,0
7298,CLTCL1,0,0
7299,MAP3K13,0,0
7300,PIGN,0,1
7301,POLR3D,0,0
7302,SSH2,0,0
7303,MAX,0,0
7304,HLA-DQA1,0,0
7305,B3GAT2,0,0
7306,SMOX,0,0
7307,EMG1,0,0
7308,ARID4B,0,0
7309,HSPA8,0,0
7310,MC4R,0,0
7311,GBA2,0,0
7312,NTHL1,0,0
7313,SIRT1,0,0
7314,NUP214,0,0
7315,GOLGA3,0,0
7316,SDCBP,0,0
7317,PHF10,0,0
7318,GTF2I,0,0
7319,PFKFB1,0,0
7320,DUOX2,0,0
7321,BPIFB2,0,0
7322,MYADM,0,0
7323,ANO6,0,0
7324,ICAM5,0,0
7325,DSC1,0,0
7326,VPS16,0,0
7327,TENT2,0,0
7328,RECK,0,0
7329,TEN1,0,0
7330,RGR,0,0
7331,KCNJ5,0,0
7332,CFAP45,0,0
7333,GLMN,0,0
7334,KHNYN,0,0
7335,EEFSEC,0,0
7336,PIM1,0,0
7337,LCK,0,0
7338,GPATCH1,0,0
7339,NHEJ1,0,0
7340,SUMF1,0,0
7341,ASIC2,0,0
7342,CCNI,0,0
7343,ATP6V1G2,0,0
7344,NOXA1,0,0
7345,RRAGA,0,0
7346,PTCH1,0,0
7347,PPP1R3E,0,0
7348,NIPA1,0,0
7349,LBX1,0,0
7350,ATP6V0C,0,0
7351,DLL1,0,0
7352,MPHOSPH10,0,0
7353,STRA6,0,0
7354,MTX3,0,0
7355,PDHB,0,0
7356,FBXO32,0,0
7357,SRP9,0,0
7358,SERPINA5,0,0
7359,PEMT,0,0
7360,CYB5R3,0,0
7361,GTPBP1,0,0
7362,IL11,0,0
7363,PKP1,0,0
7364,EMC1,0,0
7365,UBE2D3,0,0
7366,AGO3,0,0
7367,COL11A2,0,0
7368,CFH,1,0
7369,CELF1,0,0
7370,ATF3,0,0
7371,TIGAR,0,0
7372,H2BC3,0,0
7373,ETS1,0,0
7374,HDAC2,0,0
7375,CTNNB1,0,0
7376,MRPL58,0,0
7377,ZNF593,0,0
7378,HSD11B1L,0,0
7379,ABL1,0,0
7380,RPF2,0,0
7381,GNAI1,0,0
7382,ACTR8,0,0
7383,NR0B2,0,0
7384,MDH2,0,0
7385,USP14,0,0
7386,FAHD2A,0,0
7387,LIPT1,0,0
7388,IDH1,0,0
7389,RPL19,0,0
7390,ZNF827,0,0
7391,BICRAL,0,0
7392,MLH1,0,0
7393,DESI1,0,0
7394,PNPLA7,0,0
7395,BAZ1A,0,0
7396,MMGT1,0,0
7397,LAMTOR4,0,0
7398,UBE2T,0,0
7433,NOS1,0,0
7434,HUWE1,0,0
7435,APLF,0,0
7436,RHEB,0,0
7437,SPTLC3,0,0
7438,CNIH2,0,0
7439,COPS4,0,0
7440,PPIL2,0,0
7441,LAMC3,0,0
7442,SH3YL1,0,0
7443,SRMS,0,0
7444,H2BC9,0,0
7445,CACNA1G,0,0
7446,FOSL2,0,0
7447,TERT,0,0
7448,SERPIND1,0,0
7449,GAS2,0,0
7450,EIF4G1,0,0
7451,BCORL1,0,0
7452,DUSP5,0,0
7453,IL25,0,0
7454,WNT2B,0,0
7455,GNG7,0,0
7456,CLCN6,0,0
7457,ALDOA,0,0
7458,HCCS,0,0
7459,TRIR,0,0
7460,HLA-DPA1,0,0
7461,LTBR,0,0
7462,TBCD,0,0
7463,WIPF1,0,0
7464,ITGA2,0,0
7465,FBXW7,0,0
7466,GJD3,0,0
7467,RAG1,0,0
7468,ITGB5,0,0
7469,POLR1C,0,0
7470,METTL1,0,0
7471,NMNAT2,0,0
7472,NAA25,0,0
7473,PRKAG2,0,0
7474,CASP7,0,0
7475,TNFRSF10B,0,0
7476,WDPCP,0,0
7477,MMP2,1,0
7478,TPH2,0,0
7479,ENAH,0,0
7480,TMEM147,0,0
7481,CDH5,0,0
7482,ICA1,0,0
7483,STOML3,0,0
7484,RELA,0,0
7485,TTC4,0,0
7486,QPRT,0,0
7487,CLN8,0,0
7488,DIS3,0,0
7489,RPIA,0,0
7490,MGST1,0,0
7491,WDR35,0,0
7492,NCAPH2,0,0
7493,CTSH,0,0
7494,FAM50A,0,0
7495,PKP2,0,0
7496,MED26,0,0
7497,MTMR3,0,0
7498,IL12RB1,0,0
7499,C15orf40,0,0
7500,COA4,0,0
7501,MAP1B,0,0
7502,POLR2G,0,0
7503,NOX3,0,0
7504,ISCU,0,0
7505,CENPC,0,0
7506,TNNI1,0,0
7507,PNPLA2,0,0
7508,GDF3,0,0
7509,TAB1,0,0
7510,MRPL43,0,0
7511,EIF4E2,0,0
7512,SPTSSA,0,0
7513,FMOD,0,0
7514,ITGAV,0,0
7515,PRIM1,0,0
7516,IFIT1,0,0
7517,CSF2RB,0,0
7518,RBPJL,0,0
7519,E2F3,0,0
7520,GRM5,0,0
7521,ADA,0,0
7522,ALG10B,0,0
7523,PABPC3,0,0
7524,ROR2,0,0
7525,IL27,0,0
7526,NCLN,0,0
7527,SARS2,0,0
7528,SNAP47,0,0
7529,EXOSC8,0,0
7530,GNRHR,0,0
7531,ZNF629,0,0
7532,CLPS,0,0
7533,MRPL17,0,0
7534,COX7C,0,0
7535,NTSR1,0,0
7536,UFM1,0,0
7537,MORF4L2,0,0
7538,TLK2,0,0
7539,GDNF,0,0
7540,TNNT3,0,0
7541,FBXO6,0,0
7542,BUB3,0,0
7543,RIMBP2,0,0
7544,FBXO40,0,0
7545,DLD,0,0
7546,ATXN2,0,0
7547,SLC8A1,0,0
7548,C12orf43,0,0
7549,GUCA1A,0,0
7550,RGS11,0,0
7551,HDAC3,0,0
7552,VARS1,0,0
7553,MADCAM1,0,0
7554,MAPK12,0,0
7555,LRPAP1,0,0
7556,RHOJ,0,0
7557,FMR1,0,0
7558,SPG11,0,0
7559,GNRH1,0,0
7560,PRKAG3,0,0
7561,HMGXB4,0,0
7562,SMCR8,0,0
7563,SYNJ2,0,0
7564,XAF1,0,0
7565,AKR1C4,0,0
7566,SARDH,0,0
7567,TXLNB,0,0
7568,STXBP5L,0,0
7569,FANCD2,0,0
7570,RPS20,0,0
7571,TRMT61B,0,0
7572,ASS1,0,0
7573,MT-ND6,0,0
7574,CAPZB,0,0
7575,SMC1A,0,0
7576,ARSA,0,0
7577,IAPP,0,0
7578,CD207,0,0
7579,TSPAN32,0,0
7580,OR10W1,0,0
7581,COPS8,0,0
7582,NAA50,0,0
7583,HOXA11,0,0
7584,CD22,0,0
7585,IL9R,0,0
7586,MED23,0,0
7587,SIAH1,0,0
7588,PRSS3,0,0
7589,GORASP2,0,0
7590,H2AC13,0,0
7591,SERTAD1,0,0
7592,PACSIN2,0,0
7593,KLHL20,0,0
7594,ADAM19,0,0
7595,NEIL2,0,0
7596,STRADB,0,0
7597,BNIP1,0,0
7598,BBIP1,0,0
7599,CCDC130,0,0
7600,CD3EAP,0,0
7601,ARL2,0,0
7602,ADAM15,0,0
7603,MIIP,0,0
7604,HSP90B1,1,0
7605,KCNQ2,0,0
7606,TERF1,0,0
7607,SNAPC1,0,0
7608,SNRNP40,0,0
7609,KMT2B,0,0
7610,IFNA4,0,0
7611,LIMD1,0,0
7612,RPL18,0,0
7613,MSH5,0,0
7614,CHGB,0,0
7615,SLC23A1,0,0
7616,TAF15,0,0
7617,ELN,1,1
7618,NOL7,0,0
7619,PLCG1,0,0
7620,CD82,0,0
7621,GANC,0,0
7622,NTRK2,0,0
7623,FDXACB1,0,0
7624,GP1BA,0,0
7625,DEGS2,0,0
7626,UPF3A,0,0
7627,RBL2,0,0
7628,CCL17,0,0
7629,PDE1B,0,0
7630,TPSAB1,0,0
7631,KLF2,0,0
7632,TP53INP2,0,0
7633,VEZT,0,0
7634,SHC1,0,0
7635,PLAGL1,0,0
7636,ARPIN,0,0
7637,TLE6,0,0
7638,ZFP42,0,0
7639,RBP1,0,0
7640,PIP5K1B,0,0
7641,PTH,0,0
7642,MORF4L1,0,0
7643,EIF2B3,0,0
7644,VTN,1,0
7645,PYHIN1,0,0
7646,TRAPPC11,0,0
7647,CCDC105,0,0
7648,DCAF5,0,0
7649,GPT,0,0
7650,MUS81,0,0
7651,RIPK2,0,0
7652,SPDYE11,0,0
7653,CLPP,0,0
7654,SNX4,0,0
7655,AGFG1,0,0
7656,UBL5,0,0
7657,FGL1,0,0
7658,ITIH4,1,0
7659,BEAN1,0,0
7660,GDE1,0,0
7661,DHFR2,0,0
7662,NCKAP1,0,0
7663,DAPL1,0,0
7664,KMT2A,0,0
7665,IL24,0,0
7666,ZNF408,0,0
7667,MRPL42,0,0
7668,CDH9,0,0
7669,NOD1,0,0
7670,SETD3,0,0
7671,IFI35,0,0
7672,NUP107,0,0
7673,BARD1,0,0
7674,NSUN6,0,0
7675,TNFRSF19,0,0
7676,KLHDC3,0,0
7677,NANOGP8,0,0
7678,RPL28,0,0
7679,CALB2,0,0
7680,NOD2,0,0
7681,KCNIP4,0,0
7682,LENG1,0,0
7683,LIN9,0,0
7684,ALS2,0,0
7685,RPL36AL,0,0
7686,FOS,0,0
7687,ALOXE3,0,0
7688,RB1CC1,0,0
7689,EIF3F,0,0
7690,PSMB8,0,0
7691,RACK1,0,0
7692,ZG16,0,0
7693,C4A,0,0
7694,AASDH,0,0
7695,BLVRA,0,0
7696,SREK1,0,0
7697,MTRES1,0,0
7698,ZMYND10,0,0
7699,TRAPPC2B,0,0
7700,LRPPRC,0,0
7701,KLRB1,0,0
7702,INSM1,0,0
7703,ALKBH5,0,0
7704,MEAK7,0,0
7705,TFAP2A,0,0
7706,RAD23A,0,0
7707,SLC25A13,0,0
7708,CAD,0,0
7709,CERS1,0,0
7710,SNTB2,0,0
7711,AGMO,0,0
7712,RAB7A,0,0
7713,USP46,0,0
7714,GBF1,0,0
7715,VPS26A,0,0
7716,RALGDS,0,0
7717,POLB,0,0
7718,ACADVL,0,0
7719,GNB5,0,0
7720,CD53,0,0
7721,RPL36,0,0
7722,EIF5,0,0
7723,INPP4B,0,0
7724,ARL3,0,0
7725,SMARCAL1,0,0
7726,FABP6,0,0
7727,PDYN,0,0
7728,MAML3,0,0
7729,PRRC2B,0,0
7730,PSMB11,0,0
7731,FGF19,0,0
7732,HEY1,0,0
7733,CD68,0,0
7734,XYLT1,0,0
7735,CPLX3,0,0
7736,GALNT4,0,0
7737,STAB2,0,0
7738,CTSL,0,0
7739,BAHD1,0,0
7740,DDX1,0,0
7741,DKK2,0,0
7742,SCGB1A1,0,0
7743,NDOR1,0,0
7744,USB1,0,0
7745,DOK2,0,0
7746,RHOH,0,0
7747,GAGE12F,0,0
7748,ELOVL6,0,0
7749,GPR171,0,0
7750,SLC17A7,0,0
7751,EXD2,0,0
7752,NLGN4X,0,0
7753,H2AZ1,0,0
7754,HBZ,0,0
7755,BACH2,0,0
7756,HTATSF1,0,0
7757,MMP25,0,0
7758,SSPN,0,0
7759,FUCA1,0,0
7760,CD109,0,0
7761,OGDH,0,0
7762,GNA15,0,0
7763,FST,0,0
7764,CHMP4C,0,0
7765,HRC,0,0
7766,SENP6,0,0
7767,CCR8,0,0
7768,CXCL16,0,0
7769,SPOPL,0,0
7770,MOB1A,0,0
7771,ITSN2,0,0
7772,NDUFA8,0,0
7773,SLC19A3,0,0
7774,KIAA1549L,0,0
7775,GGA1,0,0
7776,HLA-A,0,0
7777,WDR59,0,0
7778,CPT1A,0,0
7779,RB1,0,0
7780,PLA2G2A,0,0
7781,PEX26,0,0
7782,COPB2,0,0
7783,TTC37,0,1
7784,CHTOP,0,0
7785,MAPRE1,0,0
7786,SLC25A3,0,0
7787,PPIE,0,0
7788,MOGS,0,0
7789,NDUFA9,0,0
7790,TBCA,0,0
7791,AIP,0,0
7792,EXOSC3,0,0
7793,MAML1,0,0
7794,PGS1,0,0
7795,GAK,0,0
7796,CSNK1A1,0,0
7797,NMRK2,0,0
7798,SLC9A3R1,0,0
7799,MICALL1,0,0
7800,PLCB3,0,0
7801,UTP25,0,0
7802,BTBD9,0,0
7803,SETD1A,0,0
7804,AVPR1B,0,0
7805,CCT7,0,0
7806,PDIA4,0,0
7807,PCYT1B,0,0
7808,EIF1,0,0
7809,TMED9,0,0
7810,AP3M2,0,0
7811,INPP5E,0,0
7812,NODAL,0,0
7813,JUN,0,0
7814,N6AMT1,0,0
7815,PEX2,0,0
7816,RBM15B,0,0
7817,ISG15,0,0
7818,SOX1,0,0
7819,POLR3G,0,0
7820,NAB1,0,0
7821,ZFP36,0,0
7822,ELP3,0,0
7823,ATR,0,0
7824,RAB10,0,0
7825,CTSC,0,0
7826,CIB2,0,0
7827,AHSG,1,0
7828,EIF3K,0,0
7829,CAV2,0,0
7830,SMARCA5,0,0
7831,IGF2BP3,0,0
7832,GEMIN8,0,0
7833,PLA2G3,0,0
7834,MIP,0,0
7835,APOA5,0,0
7836,MFSD8,0,0
7837,SNX27,0,0
7838,DNTT,0,0
7839,POLD1,0,0
7840,TNFSF13,0,0
7841,RFC5,0,0
7842,TECTA,0,0
7843,INHBC,0,0
7844,TPH1,0,0
7845,PEX5L,0,0
7846,CRKL,0,0
7847,MED22,0,0
7848,PGAP1,0,0
7849,FMNL2,0,0
7850,ARAP3,0,0
7851,UBC,0,0
7852,CDK8,0,0
7853,GNPNAT1,0,0
7854,TXNRD2,0,0
7855,CCL26,0,0
7856,KIF2C,0,0
7857,ADGRL1,0,0
7858,NKX2-5,0,0
7859,NSUN4,0,0
7860,PLCD4,0,0
7861,FUNDC1,0,0
7862,PTX3,0,0
7863,GLI1,0,0
7864,PPP1R1A,0,0
7865,H3C11,0,0
7866,GJC2,0,0
7867,ARID4A,0,0
7868,ADPGK,0,0
7869,GIT1,0,0
7870,SENP7,0,0
7871,ADRA2A,0,0
7872,CHPT1,0,0
7873,HLA-DQB1,0,0
7874,LIG1,0,0
7875,CCR5,0,0
7876,RHOC,0,0
7877,OLR1,0,0
7878,LEO1,0,0
7879,RBMX2,0,0
7880,UBE2L3,0,0
7881,DHX32,0,0
7882,NANOG,0,0
7883,SFRP4,0,0
7884,PDS5B,0,0
7885,RBM17,0,0
7886,COL5A3,0,0
7887,BDH1,0,0
7888,GEMIN2,0,0
7889,SYTL5,0,0
7890,SPAST,0,0
7891,ECPAS,0,0
7892,TYMP,0,0
7893,PGF,0,1
7894,DLL3,0,0
7895,USP9Y,0,0
7896,ZZZ3,0,0
7897,IKBKB,0,0
7898,EPC2,0,0
7899,VPS54,0,0
7900,PCBD1,0,0
7901,ATP6V1C2,0,0
7902,ENTPD2,0,0
7903,C1GALT1C1,0,0
7904,SIRT2,0,0
7905,ATXN7L2,0,0
7906,SLC32A1,0,0
7907,HBD,0,0
7908,KLHL25,0,0
7909,SLC22A18,0,0
7910,NEUROD4,0,0
7911,CCNO,0,0
7912,USPL1,0,0
7913,MYL12A,0,0
7914,MYDGF,0,0
7915,RRP36,0,0
7916,CNOT6,0,0
7917,INO80,0,0
7918,BCL9L,0,0
7919,NLRP1,0,0
7920,AKR7A3,0,0
7921,NUP62,0,0
7922,TLN1,0,0
7923,C1GALT1,0,0
7924,NBN,0,0
7925,HADHB,0,0
7926,HOXB7,0,0
7927,HERC6,0,0
7928,GJB1,0,0
7929,HS2ST1,0,0
7930,ITGA4,0,0
7931,PSG9,0,0
7932,EAPP,0,0
7933,RRP15,0,0
7934,TAX1BP1,0,0
7935,SLF1,0,0
7936,STX8,0,0
7937,GNAQ,0,0
7938,ECHDC1,0,0
7939,PDE2A,0,0
7940,PPP1R11,0,0
7941,GPATCH4,0,0
7942,PARP8,0,0
7943,MYOG,0,0
7944,SMIM24,0,0
7945,MBOAT4,0,0
7946,GOLGA7,0,0
7947,DBP,0,0
7948,CNOT10,0,0
7949,M6PR,0,0
7950,RPA3,0,0
7951,FOPNL,0,0
7952,LHPP,0,0
7953,NCF1,0,0
7954,PIGK,0,0
7955,ZNF469,0,0
7956,SRBD1,0,0
7957,SFPQ,0,0
7958,ST8SIA4,0,0
7959,ENO2,0,0
7960,CFLAR,0,0
7961,TMEM199,0,0
7962,CDC37,0,0
7963,APOBEC2,0,0
7964,PRG2,0,0
7965,PSMA2,0,0
7966,POLR2H,0,0
7967,PSMB9,0,0
7968,P2RY4,0,0
7969,G3BP1,0,0
7970,TOP2A,0,0
7971,RIMKLB,0,0
7972,PLEK,0,0
7973,ARHGEF5,0,0
7974,F2R,0,0
7975,NRP2,0,0
7976,CREB3,0,0
7977,RARS2,0,0
7978,MED7,0,0
7979,KIN,0,0
7980,PIK3R1,0,0
7981,MRPS36,0,0
7982,LAMTOR3,0,0
7983,ACSL1,0,0
7984,IFRD2,0,0
7985,RAB9A,0,0
7986,RWDD1,0,0
7987,SMAD5,0,0
7988,RICTOR,0,0
7989,PACSIN1,0,0
7990,PRPF6,0,0
7991,BUB1B,0,0
7992,MRPL1,0,0
7993,COX7B2,0,0
7994,H2BC6,0,0
7995,RSPH6A,0,0
7996,COL3A1,1,0
7997,FASN,0,0
7998,PAQR5,0,0
7999,RHOA,0,0
8000,CLCN3,0,0
8001,DGKA,0,0
8002,MYH1,0,0
8003,AGER,0,0
8004,UQCRH,0,0
8005,ZC3H11A,0,0
8006,PAFAH1B2,0,0
8007,WDR19,0,0
8008,IDO1,0,0
8009,GDF1,0,0
8010,KLK4,0,0
8011,IMPA2,0,0
8012,PET117,0,0
8013,IRS4,0,0
8014,ZBTB47,0,0
8015,NONO,0,0
8016,ECI1,0,0
8017,OPRM1,0,0
8018,TNFSF8,0,0
8019,SF3B4,0,0
8020,HAND2,0,0
8021,HNRNPA1,0,0
8022,PYM1,0,0
8023,EIF2S3,0,0
8024,SOCS2,0,0
8025,RAB35,0,0
8026,CD86,0,0
8027,CXCR3,0,0
8028,STAM2,0,0
8029,PDCD6,0,0
8030,ALDH16A1,0,0
8031,GALC,0,0
8032,CCNE2,0,0
8033,RPL35,0,0
8034,IGFBP3,0,0
8035,RAB11A,0,0
8036,COL12A1,1,0
8037,FRAT1,0,0
8038,CDC45,0,0
8039,NOP56,0,0
8040,PRDM16,0,0
8041,GRIN2D,0,0
8042,GIPC3,0,0
8043,RBM5,0,0
8044,DCAF11,0,0
8045,PGAP2,0,0
8046,SDHC,0,0
8047,PRKCB,0,0
8048,PDRG1,0,0
8049,PRICKLE2,0,0
8050,CFAP53,0,0
8051,EXTL1,0,0
8052,WDR24,0,0
8053,PSMF1,0,0
8054,HRH2,0,0
8055,RSL1D1,0,0
8056,DCAF16,0,0
8057,NEXN,0,0
8058,AQP10,0,0
8059,PPP5C,0,0
8060,CDC23,0,0
8061,TMEM254,0,0
8062,P2RY11,0,0
8063,POLR3F,0,0
8064,RAB15,0,0
8065,RNF113A,0,0
8066,JAK1,0,0
8067,CEP290,0,0
8068,MPP3,0,0
8069,MTUS1,0,0
8070,PNPLA6,0,0
8071,GTF2A2,0,0
8072,RSPH3,0,0
8073,FLG,0,0
8074,SLC13A1,0,0
8075,GAGE12G,0,0
8076,NKX6-2,0,0
8077,TIMP3,0,0
8078,HNRNPC,0,0
8079,USP45,0,0
8080,CCL11,0,0
8081,POLR2J3,0,0
8082,ANO1,0,0
8083,AGO2,0,0
8084,DHX38,0,0
8085,GPLD1,1,0
8086,DDX20,0,0
8087,FTCD,0,0
8088,VPS72,0,0
8089,TRAM1,0,0
8090,EYA1,0,0
8091,GLUD2,0,0
8092,BECN1,0,0
8093,MRPL27,0,0
8094,NADK2,0,0
8095,TKTL1,0,0
8096,CCDC97,0,0
8097,PABPN1L,0,0
8098,SRR,0,0
8099,SELPLG,0,0
8100,WASHC5,0,0
8101,HDAC10,0,0
8102,L3HYPDH,0,0
8103,EXOSC10,0,0
8104,DYNC1I2,0,0
8105,ALDH1A2,0,0
8106,PNPLA5,0,0
8107,FBXO3,0,0
8108,RPS26,0,0
8109,PFDN4,0,0
8110,TRPM5,0,0
8111,WFS1,0,0
8112,ASGR1,0,0
8113,CTNNBL1,0,0
8114,KAT14,0,0
8115,MRPL10,0,0
8116,APP,0,0
8117,SPP2,0,0
8118,CDKAL1,0,0
8119,HAUS1,0,0
8120,SMNDC1,0,0
8121,KPNB1,0,0
8122,DNAL4,0,0
8123,NDUFS5,0,0
8124,PPP2R2C,0,0
8125,RTRAF,0,0
8126,INTS1,0,0
8127,SUMF2,0,0
8128,UBASH3A,0,0
8129,HHEX,0,0
8130,TTC27,0,0
8131,SCRIB,0,0
8132,CD2AP,0,0
8133,ADD3,0,0
8134,PRPF4,0,0
8135,HYDIN,0,0
8136,ADORA3,0,0
8137,EXOC1,0,0
8138,RGS18,0,0
8139,FBLN5,1,1
8140,ADD1,0,0
8141,GPX8,0,0
8142,TNNT1,0,0
8143,TRNT1,0,0
8144,SRSF6,0,0
8145,KLF5,0,0
8146,MCM3,0,0
8147,TWSG1,0,0
8148,STOM,0,0
8149,RPE,0,0
8150,CLSTN1,0,0
8151,FGD3,0,0
8152,GLA,0,0
8153,FCGR2B,0,0
8154,RGS17,0,0
8155,RAB11FIP4,0,0
8156,CKS1B,0,0
8157,KRTAP13-3,0,0
8158,UNC5A,0,0
8159,TSNARE1,0,0
8160,CSRNP1,0,0
8161,SOX2,0,0
8162,STK11,0,0
8163,ABCF3,0,0
8164,SDR16C5,0,0
8165,ADCY7,0,0
8166,TXNL4B,0,0
8167,MYH2,0,0
8168,OAS3,0,0
8169,TRIP11,0,0
8170,MSH4,0,0
8171,NCBP2,0,0
8172,FLNB,0,0
8173,NEK10,0,0
8174,GATA2,0,0
8175,FOSL1,0,0
8176,FERMT3,0,0
8177,SOD2,0,0
8178,ZMYM2,0,0
8179,ITGB4,0,0
8180,TPD52L2,0,0
8181,PLA2G7,1,0
8182,MRPL11,0,0
8183,EFNB1,0,0
8184,DOCK1,0,0
8185,TIMELESS,0,0
8186,RCAN3,0,0
8187,CENPO,0,0
8188,TAF5L,0,0
8189,FSHB,0,0
8190,CHD1,0,0
8191,FRZB,0,0
8192,ABCC8,0,0
8193,UGP2,0,0
8194,PPP1R15A,0,0
8195,MTHFR,1,1
8196,SAG,0,0
8197,ARF3,0,0
8198,BRD8,0,0
8199,CDSN,0,0
8200,SLC25A24,0,0
8201,PDZD3,0,0
8202,SEC22A,0,0
8203,PPP1R16B,0,0
8204,KRAS,0,0
8205,PDE6A,0,0
8206,TADA1,0,0
8207,NDUFS7,0,0
8208,EP300,0,0
8209,AKR1C3,0,0
8210,GGT7,0,0
8211,NOMO3,0,0
8212,PMPCB,0,0
8213,FIG4,0,0
8214,FDX1,0,0
8215,BECN2,0,0
8216,RMI2,0,0
8217,SART3,0,0
8218,PDE11A,0,0
8219,ANO5,0,0
8220,MRPS5,0,0
8221,UBE2D2,0,0
8222,SHC4,0,0
8223,RPL34,0,0
8224,WARS2,0,0
8225,PRKAR1A,0,0
8226,RPL7,0,0
8227,PRPH,0,0
8228,SPCS2,0,0
8229,AGK,0,0
8230,LUC7L3,0,0
8231,C1QB,0,0
8232,PXMP2,0,0
8233,ATP1B4,0,0
8234,H3C13,0,0
8235,USP25,0,0
8236,SERPINA12,0,0
8237,PF4V1,0,0
8238,CD47,0,0
8239,C1orf131,0,0
8240,DNAAF4,0,0
8241,ALDH3B2,0,0
8242,RASD2,0,0
8243,CXCL6,0,0
8244,NFIL3,0,0
8245,RFC3,0,0
8246,UTS2R,0,0
8247,MRPL2,0,0
8248,DNAL1,0,0
8249,MKNK1,0,0
8250,COL13A1,0,0
8251,CKB,0,0
8252,INPP5D,0,0
8253,REELD1,0,0
8254,REN,0,0
8255,AMPD3,0,0
8256,DYNC1LI2,0,0
8257,SPTSSB,0,0
8258,GPX6,0,0
8259,ZC3H18,0,0
8260,RNF125,0,0
8261,UTP18,0,0
8262,EXOC8,0,0
8263,DPM2,0,0
8264,TXN2,0,0
8265,E2F8,0,0
8266,PRAG1,0,0
8267,GAST,0,0
8268,AK9,0,0
8269,MST1R,0,0
8270,EEF1B2,0,0
8271,ACTL6B,0,0
8272,NUDT19,0,0
8273,INHA,0,0
8274,PKP4,0,0
8275,HOXA4,0,0
8276,GTF2H1,0,0
8277,DHX33,0,0
8278,CEACAM6,0,0
8279,NELFA,0,0
8280,ATP5PD,0,0
8281,G6PC,0,0
8282,DYNLL1,0,0
8283,NPY2R,0,0
8284,SEMA4G,0,0
8285,TXNIP,0,0
8286,CACNA1E,0,0
8287,SYVN1,0,0
8288,AMPD2,0,0
8289,PAX6,0,0
8290,GLE1,0,0
8291,CLASP2,0,0
8292,NFKBIA,0,0
8293,AP2S1,0,0
8294,SSR2,0,0
8295,RPL23,0,0
8296,NT5C,0,0
8297,PRKCI,0,0
8298,FKBP1B,0,0
8299,AFP,0,0
8300,NDUFS4,0,0
8301,PLG,1,1
8302,HDAC8,0,0
8303,NDUFB4,0,0
8304,XRCC6,0,0
8305,FGFRL1,0,0
8306,ATP6V0E1,0,0
8307,ACVR1B,0,0
8308,TTN,0,0
8309,MTMR1,0,0
8310,INCENP,0,0
8311,H6PD,0,0
8312,CLEC1B,0,0
8313,AFF1,0,0
8314,FYN,0,0
8315,RING1,0,0
8316,GRIP1,0,0
8317,RBSN,0,0
8318,PRAMEF4,0,0
8319,FCF1,0,0
8320,MAP2K3,0,0
8321,PEX16,0,0
8322,NCK2,0,0
8323,NDUFA7,0,0
8324,GUCY2F,0,0
8325,HAUS7,0,0
8326,SNAPC2,0,0
8327,CYP7B1,0,0
8328,NRROS,0,0
8329,EVL,0,0
8330,FGF4,0,0
8331,PHB,1,0
8332,PKN1,0,0
8377,TPO,0,0
8378,COL4A2,1,0
8379,ZFC3H1,0,0
8380,DYNC1I1,0,0
8381,SEMA3F,0,0
8382,THG1L,0,0
8383,RPLP1,0,0
8384,MRS2,0,0
8385,MAML2,0,0
8386,ZBTB8OS,0,0
8387,CYFIP1,0,0
8388,CDX2,0,0
8389,TIRAP,0,0
8390,RYBP,0,0
8391,IFNA21,0,0
8392,TAF6L,0,0
8393,GSN,1,0
8394,PCDH15,0,0
8395,IFT80,0,0
8396,SCIMP,0,0
8397,ATG9A,0,0
8398,ASB9,0,0
8399,P2RX5,0,0
8400,MEF2A,0,0
8401,YARS1,0,0
8402,CDC6,0,0
8403,MAGT1,0,0
8404,DYNLT1,0,0
8405,CCL22,0,0
8406,ARID1A,0,0
8407,DSG1,0,0
8408,SPAG8,0,0
8409,CPA1,0,0
8410,SCN4B,0,0
8411,CD1E,0,0
8412,PIKFYVE,0,0
8413,ANAPC15,0,0
8414,SDHD,0,0
8415,SMG5,0,0
8416,UGT1A4,0,0
8417,MYO7A,0,0
8418,CLRN1,0,0
8419,FCGR3B,0,0
8420,STAT5A,0,0
8421,JUP,0,0
8422,SF3A3,0,0
8423,UGT2B17,0,0
8424,ARHGAP31,0,0
8425,OIP5,0,0
8426,RPL24,0,0
8427,GRK2,0,0
8428,KRT19,0,0
8429,RPN2,0,0
8430,SERPING1,1,0
8431,APOM,0,0
8432,PLXDC1,0,0
8433,SLC25A4,0,0
8434,WAS,0,0
8435,CDC42EP1,0,0
8436,PPP1R12A,0,0
8437,CDC42EP3,0,0
8438,TMEM258,0,0
8439,GTPBP4,0,0
8440,SALL4,0,0
8441,CASP10,0,0
8442,ANGEL1,0,0
8443,SRGAP2,0,0
8444,BOD1L1,0,0
8445,SERP1,0,0
8446,ALDH2,0,0
8447,CACNA1B,0,0
8448,ETFB,0,0
8449,EXOC5,0,0
8450,SUPT5H,0,0
8451,ANK3,0,0
8452,FGF10,0,0
8453,ASXL1,0,0
8454,DCUN1D3,0,0
8455,TEKT3,0,0
8456,A1CF,0,0
8457,HNRNPL,0,0
8458,IMPDH2,0,0
8459,FBXW11,0,0
8460,PPM1D,0,0
8461,RUNX3,0,0
8462,TMEM126B,0,0
8463,MC3R,0,0
8464,TPX2,0,0
8465,FLT3LG,0,0
8466,ATP7A,0,0
8467,NUP62CL,0,0
8468,DNAH11,0,0
8469,CXCL12,0,0
8470,KCNJ6,0,0
8471,TRIM25,0,0
8472,MED19,0,0
8473,NUP50,0,0
8474,MNT,0,0
8475,MYO7B,0,0
8476,BRD7,0,0
8477,PTGDR2,0,0
8478,NR3C1,0,0
8479,MYH4,0,0
8480,HTR1B,0,0
8481,ARPC4,0,0
8482,CD163,0,0
8483,MSLN,0,0
8484,SCAF8,0,0
8485,CALCA,0,0
8486,RTCB,0,0
8487,RRP8,0,0
8488,HDAC11,0,0
8489,DDX39A,0,0
8490,MGAM,0,0
8491,EIF5B,0,0
8492,RAMAC,0,0
8493,TMPRSS6,0,0
8494,CLDN3,0,0
8495,NINJ1,0,0
8496,PDF,0,0
8497,DROSHA,0,0
8498,ACTN4,0,0
8499,PPP3R2,0,0
8500,F7,0,0
8501,MEFV,0,0
8502,STAB1,0,0
8503,SPAG9,0,0
8504,ARFIP2,0,0
8505,COX11,0,0
8506,BAG1,0,0
8507,CCK,0,0
8508,APC,0,0
8509,BMP6,0,0
8510,CCNH,0,0
8511,DAB1,0,0
8512,CCND3,0,0
8513,VPS45,0,0
8514,MRPL18,0,0
8515,NXT1,0,0
8516,ELOB,0,0
8517,TRAK2,0,0
8518,OCM,0,0
8519,NAALADL1,0,0
8520,PPFIA3,0,0
8521,ARSB,0,0
8522,GNL1,0,0
8523,PRAMEF10,0,0
8524,FHL5,0,0
8525,COASY,0,0
8526,MGLL,0,0
8527,FZD3,0,0
8528,COL6A1,1,0
8529,EYA3,0,0
8530,KAT5,0,0
8531,MNDA,0,0
8532,CDK13,0,0
8533,VCX3A,0,0
8534,RNF103-CHMP3,0,0
8535,PODXL,0,0
8536,CFAP52,0,0
8537,LYRM7,0,0
8538,SERPINB9,0,0
8539,SNAPC3,0,0
8540,PFN3,0,0
8541,ROBO2,0,0
8542,YWHAZ,0,0
8543,CBLN1,0,0
8544,FKBP1A,0,0
8545,TSR1,0,0
8546,YBX3,0,0
8547,RPS9,0,0
8548,CLIC4,0,0
8549,HBP1,0,0
8550,DOT1L,0,0
8551,C8A,1,0
8552,MRPL46,0,0
8553,DEPTOR,0,0
8554,HSD17B6,0,0
8555,MRI1,0,0
8556,MOGAT3,0,0
8557,TRAPPC2L,0,0
8558,MAPT,0,0
8559,CWC27,0,0
8560,CECR2,0,0
8561,FANCB,0,0
8562,CDH13,0,0
8563,MAPK3,0,0
8564,SIRT3,0,0
8565,MDFI,0,0
8566,CTNNA1,0,0
8567,MEPE,0,0
8568,RAB5B,0,0
8569,FOXE1,0,0
8570,RBM45,0,0
8571,MYH3,0,0
8572,HRK,0,0
8573,CYP4A11,0,0
8574,LRP8,0,0
8575,ITPR1,0,0
8576,SLC25A6,0,0
8577,TEX10,0,0
8578,MOCOS,0,0
8579,LNPEP,0,0
8580,TSSK6,0,0
8581,EI24,0,0
8582,GALNT16,0,0
8583,DHX58,0,0
8584,GTF3C5,0,0
8585,ADSL,0,0
8586,NSD3,0,0
8587,TFDP2,0,0
8588,SPHK2,0,0
8589,DHRS4,0,0
8590,RAD21L1,0,0
8591,APOE,1,1
8592,CNOT7,0,0
8593,TNRC6B,0,0
8594,SARNP,0,0
8595,MEA1,0,0
8596,H2BC12,1,0
8597,NIN,0,0
8598,GOT1,0,0
8599,RBM14,0,0
8600,HIP1R,0,0
8601,SLC30A8,0,0
8602,PRKACB,0,0
8603,TIAL1,0,0
8604,ATF6B,0,0
8605,DICER1,0,0
8606,PAG1,0,0
8607,APOB,1,1
8608,LTO1,0,0
8609,GON7,0,0
8610,IL1RL1,0,0
8611,PRCD,0,0
8612,MAP1A,0,0
8613,GTF2A1,0,0
8614,DLG4,0,0
8615,CDK2,0,0
8616,PNMA8B,0,0
8617,STYK1,0,0
8618,MAPKAPK2,0,0
8619,MFAP2,0,0
8620,TSEN54,0,0
8621,ZSWIM7,0,0
8622,FBXO42,0,0
8623,LAGE3,0,0
8624,DMP1,0,0
8625,USO1,0,0
8626,DHX29,0,0
8627,KAT2A,0,0
8628,BMP15,0,0
8629,CRYBB3,0,0
8630,STX1A,0,0
8631,C11orf58,0,0
8632,PRKAR2B,0,0
8633,CYP8B1,0,0
8634,HSPE1,0,0
8635,ATP6AP1,0,0
8636,SPC24,0,0
8637,BNIP3L,0,0
8638,FBP2,0,0
8639,BACH1,0,0
8640,OPTC,0,0
8641,U2SURP,0,0
8642,POLR3K,0,0
8643,FAM207A,0,0
8644,IFT52,0,0
8645,MAT2A,0,0
8646,TRAM2,0,0
8647,IFNA5,0,0
8648,STX17,0,0
8649,CALML4,0,0
8650,NLRP4,0,0
8651,ACSS2,0,0
8652,BRMS1L,0,0
8653,TLE3,0,0
8654,DDX41,0,0
8655,AMY2A,0,0
8656,HJURP,0,0
8657,TAF7,0,0
8658,NEIL3,0,0
8659,CCNB1,0,0
8660,ANGPTL3,0,0
8661,ESS2,0,0
8662,AIRE,0,0
8663,AIFM1,0,0
8664,IFRD1,0,0
8665,SAT1,0,0
8666,CLPTM1L,0,0
8667,INHBA,0,0
8668,COL8A1,0,0
8669,POLR2J,0,0
8670,NCR1,0,0
8671,CREB3L3,0,0
8672,CCL8,0,0
8673,NUPR1,0,0
8674,DNAH17,0,0
8675,EPX,1,0
8676,OLIG1,0,0
8677,HIF1A,0,0
8678,IFNGR1,0,0
8679,AKR1C1,0,0
8680,LRRC6,0,0
8681,GSKIP,0,0
8682,ASCL2,0,0
8683,LDB2,0,0
8684,CDHR5,0,0
8685,PPP1R8,0,0
8686,PROS1,1,0
8687,ATF6,0,0
8688,PCDH7,0,0
8689,SUPT20H,0,0
8690,BSN,0,0
8691,SERPINA7,0,0
8692,ZNF346,0,0
8693,RBM42,0,0
8694,VIRMA,0,0
8695,CYP1A1,0,0
8696,UQCRHL,0,0
8697,GPHA2,0,0
8698,NFKB1,0,0
8699,SNRNP70,0,0
8700,COG7,0,0
8701,C9orf135,0,0
8702,SLC35B3,0,0
8703,CXCR1,0,0
8704,TADA2B,0,0
8705,TRAF1,0,0
8706,MRPS22,0,0
8707,E2F6,0,0
8708,H2BC15,0,0
8709,SMAD3,1,1
8710,NOCT,0,0
8711,CNST,0,0
8712,PNOC,0,0
8713,SNAPC4,0,0
8714,KIF21A,0,0
8715,PIK3AP1,0,0
8716,LZTFL1,0,0
8717,KIF4B,0,0
8718,AP1S3,0,0
8719,KCNG4,0,0
8720,FBXW12,0,0
8721,PLCE1,0,0
8722,FBXO15,0,0
8723,SNRNP200,0,0
8724,MED4,0,0
8725,RNF8,0,0
8726,RHOB,0,0
8727,NSMAF,0,0
8728,IFNA2,0,0
8729,ATXN7L1,0,0
