NodeIndex,GeneSymbol,AAA,PAD,AMI,Stroke,HeartFailure
0,ATOX1,0,0,0,0,0
1,CLUAP1,0,0,0,0,0
2,ALAS1,0,0,0,0,0
3,IDUA,0,0,0,0,1
4,TNFRSF10A,0,0,0,0,0
5,RGPD5,0,0,0,0,0
6,ORM2,0,0,0,0,0
7,ZFP91,0,0,0,0,0
8,SENP8,0,0,0,0,0
9,KCNB1,0,0,0,0,0
10,GDF7,0,0,0,0,0
11,GTF2B,0,0,0,0,0
12,RPS6KA4,0,0,0,0,0
13,FGF20,0,0,0,0,0
14,GNB3,0,0,0,0,0
15,RETSAT,0,0,0,0,0
16,YOD1,0,0,0,0,0
17,PARD3,0,0,0,0,0
18,B2M,0,0,0,0,0
19,MLH3,0,0,0,0,0
20,PAQR8,0,0,0,0,0
21,HSD3B2,0,0,0,0,0
22,RPS21,0,0,0,0,0
23,MED12L,0,0,0,0,0
24,CTBP1,0,0,0,0,0
25,NFKBID,0,0,0,0,0
26,PAFAH1B1,0,0,0,0,0
27,C9orf116,0,0,0,0,0
28,HOMER1,0,0,0,0,0
29,ARHGAP29,0,0,0,0,0
30,ASB4,0,0,0,0,0
31,MATN3,0,0,0,0,0
32,ISCA1,0,0,0,0,0
33,CLCNKA,0,0,0,0,0
34,CCL28,0,0,0,0,0
35,AHSA1,0,0,0,0,0
36,PLD4,0,0,0,0,0
37,PRKAB1,0,0,0,0,0
38,MSMB,0,0,0,0,0
39,FCER1G,0,0,0,0,0
40,CCAR2,0,0,0,0,0
41,LATS2,0,0,0,0,0
42,FBLIM1,0,0,0,0,0
43,POTEF,0,0,0,0,0
44,CCDC173,0,0,0,0,0
45,PRKN,0,0,0,0,0
46,KRT5,0,0,0,0,0
47,DEGS1,0,0,0,0,0
48,PPP3CB,0,0,0,0,0
49,WDR63,0,0,0,0,0
50,POGZ,0,0,0,0,0
51,SERPINA1,1,0,0,0,1
52,ICAM1,0,0,0,0,0
53,SENP2,0,0,0,0,0
54,POMK,0,0,0,0,0
55,AMELY,0,0,0,0,0
56,NFYA,0,0,0,0,0
57,IHH,0,0,0,0,0
58,TMSB4Y,0,0,0,0,0
59,KPNA1,0,0,0,0,0
60,CST3,1,0,0,1,0
61,PELO,0,0,0,0,0
62,IL2RA,0,0,0,0,0
63,MARCHF5,0,0,0,0,0
64,HBQ1,0,0,0,0,0
65,CRY1,0,0,0,0,0
66,APOBEC3G,0,0,0,0,0
67,RPL8,0,0,0,0,0
68,AOC1,0,0,0,0,0
69,ATG5,0,0,0,0,0
70,PIH1D3,0,0,0,0,0
71,RNF4,0,0,0,0,0
72,STRN,0,0,0,0,0
73,DSP,0,0,0,0,1
74,TLR7,0,0,0,0,0
75,SRF,0,0,0,0,0
76,RSRC1,0,0,0,0,0
77,P2RX7,0,0,0,0,0
78,STRN4,0,0,0,0,0
79,H3-3A,0,0,0,0,0
80,STK36,0,0,0,0,0
81,PDE6C,0,0,0,0,0
82,CAPZA1,0,0,0,0,0
83,CLINT1,0,0,0,0,0
84,SMG7,0,0,0,0,0
85,SSR4,0,0,0,0,0
86,FANCG,0,0,0,0,0
87,IL1R1,0,0,0,0,0
88,ENSP00000490530,0,0,0,0,0
89,DAOA,0,0,0,0,0
90,OXT,0,0,0,0,0
91,PFKFB2,0,0,0,0,0
92,CCNDBP1,0,0,0,0,0
93,HOXA13,0,0,0,0,0
94,WAPL,0,0,0,0,0
95,CNOT3,0,0,0,0,0
96,PHEX,0,0,0,0,0
97,TRMT6,0,0,0,0,0
98,HYOU1,0,0,0,0,0
99,ZC3H6,0,0,0,0,0
100,PLN,0,0,0,0,1
101,AGMAT,0,0,0,0,0
102,DEFA1B,0,0,0,0,0
103,GJA1,0,0,0,0,1
104,MAP3K3,0,0,0,0,0
105,HHAT,0,0,0,0,0
106,MRPL39,0,0,0,0,0
107,ITGA10,0,0,0,0,0
108,GHRH,0,0,0,0,0
109,SMARCE1,0,0,0,0,0
110,ENSP00000492220,0,0,0,0,0
111,TTLL6,0,0,0,0,0
112,MIXL1,0,0,0,0,0
113,KCNJ1,0,0,0,0,0
114,APBB3,0,0,0,0,0
115,NAAA,0,0,0,0,0
116,LPCAT3,0,0,0,0,0
117,IFNL1,0,0,0,0,0
118,SLAMF1,0,0,0,0,0
119,RPL39L,0,0,0,0,0
120,FBN1,1,1,0,1,1
121,PIGO,0,0,0,0,0
122,PSMA7,0,0,0,0,0
123,ACTR10,0,0,0,0,0
124,LDLR,0,1,1,0,0
125,VIL1,0,0,0,0,0
126,ELL,0,0,0,0,0
127,PDHA1,0,0,0,0,0
128,LRP6,0,0,0,0,0
129,JUND,0,0,0,0,0
130,CHN2,0,0,0,0,0
131,PRKRA,0,0,0,0,0
132,CACNB4,0,0,0,0,0
133,MUC5B,0,0,0,0,0
134,CSAD,0,0,0,0,0
135,SCP2,0,0,0,0,0
136,RAPGEF4,0,0,0,0,0
137,VCX,0,0,0,0,0
138,TIMM8B,0,0,0,0,0
139,HSPBP1,0,0,0,0,0
140,CBFA2T3,0,0,0,0,0
141,RCC1,0,0,0,0,0
142,IL21,0,0,0,0,0
143,H3C15,0,0,0,0,0
144,ABCF2-2,0,0,0,0,0
145,PAK3,0,0,0,0,0
146,ASGR2,0,0,0,0,0
147,ACTL6A,0,0,0,0,0
148,GTF2H5,0,0,0,0,0
149,ST6GALNAC1,0,0,0,0,0
150,VPS33A,0,0,0,0,1
151,SNRPB2,0,0,0,0,0
152,RAB40B,0,0,0,0,0
153,RRM2B,0,0,0,0,0
154,CHCHD4,0,0,0,0,0
155,DNAI2,0,0,0,0,0
156,GAGE12J,0,0,0,0,0
157,SLC10A1,0,0,0,0,0
158,HAUS5,0,0,0,0,0
159,ITGB3BP,0,0,0,0,0
160,RAD51,0,0,0,0,0
161,CD1B,0,0,0,0,0
162,POLE2,0,0,0,0,0
163,TRIM23,0,0,0,0,0
164,FIP1L1,0,0,0,0,0
165,BAZ1B,0,0,0,0,0
166,CTNND2,0,0,0,0,0
167,FSTL1,0,0,0,0,0
168,GNG10,0,0,0,0,0
169,NME7,0,0,0,0,0
170,ANAPC2,0,0,0,0,0
171,HHATL,0,0,0,0,0
172,HLA-DQB2,0,0,0,0,0
173,POU2F3,0,0,0,0,0
174,RRM1,0,0,0,0,0
175,MTX1,0,0,0,0,0
176,HPGDS,0,0,0,0,0
177,TAGLN,1,0,0,0,0
178,ACAT1,0,0,0,0,0
179,PTTG1,0,0,0,0,0
180,CD7,0,0,0,0,0
181,CCL5,0,0,0,0,0
182,RALB,0,0,0,0,0
183,DNAJC17,0,0,0,0,0
184,ADAMTS7,0,0,0,0,0
185,PDGFB,0,0,0,0,0
186,DCK,0,0,0,0,0
187,LIG3,0,0,0,0,0
188,GTF3C2,0,0,0,0,0
189,ACSL6,0,0,0,0,0
190,CD72,0,0,0,0,0
191,HSPA9,0,0,0,0,0
192,PHKA2,0,0,0,0,0
193,MMUT,0,0,0,1,0
194,PHB2,0,0,0,0,0
195,OSBP,0,0,0,0,0
196,P4HA3,0,0,0,0,0
197,ROPN1B,0,0,0,0,0
198,NDUFV2,0,0,0,0,0
199,KCNE1B,0,0,0,0,0
200,ADH1B,1,0,0,0,0
201,DCAF12,0,0,0,0,0
202,SDS,0,0,0,0,0
203,IFNA17,0,0,0,0,0
204,EVI5,0,0,0,0,0
205,HLX,0,0,0,0,0
206,ABCC2,0,0,0,0,0
207,ATP5MF,0,0,0,0,0
208,ETF1,0,0,0,0,0
209,CRBN,0,0,0,0,0
210,CUEDC2,0,0,0,0,0
211,UPP1,0,0,0,0,0
212,IL21R,0,0,0,0,0
213,CCT6A,0,0,0,0,0
214,PRKRIP1,0,0,0,0,0
215,RIPK3,0,0,0,0,0
216,CXCL17,0,0,0,0,0
217,OSGIN2,0,0,0,0,0
218,ACAA2,0,0,0,0,0
219,MEF2C,0,0,0,0,0
220,KIF14,0,0,0,0,0
221,SPEF1,0,0,0,0,0
222,CENPS,0,0,0,0,0
223,LONP2,0,0,0,0,0
224,CPLX2,0,0,0,0,0
225,VPS11,0,0,0,0,0
226,TAF7L,0,0,0,0,0
227,ACOX1,0,0,0,0,0
228,MTHFD2,0,0,0,0,0
229,GNB1L,0,0,0,0,0
230,CDH23,0,0,0,0,0
231,USH1C,0,0,0,0,0
232,ALDH4A1,0,0,0,0,0
233,OSCAR,0,0,0,0,0
234,CHDH,0,0,0,0,0
235,SETD6,0,0,0,0,0
236,RRAS,0,0,0,0,0
237,FGF13,0,0,0,0,0
238,COPS5,0,0,0,0,0
239,PLXNA4,0,0,0,0,0
240,FNBP1,0,0,0,0,0
241,GAPDHS,0,0,0,0,0
242,FBXO4,0,0,0,0,0
243,SNX9,0,0,0,0,0
244,PRSS1,0,0,0,0,0
245,HBB,1,0,0,1,1
246,GRP,0,0,0,0,0
247,PEX19,0,0,0,0,0
248,SLC51A,0,0,0,0,0
249,GFM1,0,0,0,0,0
250,IFNL2,0,0,0,0,0
251,NDUFB7,0,0,0,0,0
252,SLC18A1,0,0,0,0,0
253,SQLE,0,0,0,0,0
254,LTB,0,0,0,0,0
255,RRAGB,0,0,0,0,0
256,MCM8,0,0,0,0,0
257,MED28,0,0,0,0,0
258,PARP3,0,0,0,0,0
259,MAD1L1,0,0,0,0,0
260,COG8,0,0,0,0,0
261,DCC,0,0,0,0,0
262,BMP10,0,0,0,0,0
263,EPN3,0,0,0,0,0
264,UGT1A7,0,0,0,0,0
265,COX10,0,0,0,0,0
266,PSMD10,0,0,0,0,0
267,USHBP1,0,0,0,0,0
268,HNF1A,0,0,0,0,0
269,SLC27A1,0,0,0,0,0
270,MSH2,0,0,0,0,0
271,PRH1,0,0,0,0,0
272,SRSF4,0,0,0,0,0
273,GABBR1,0,0,0,0,0
274,STON1-GTF2A1L,0,0,0,0,0
275,ZMYND11,0,0,0,0,0
276,ASL,0,0,0,0,0
277,TBC1D10B,0,0,0,0,0
278,ATP5PB,0,0,0,0,0
279,NR5A1,0,0,0,0,0
280,PSMD13,0,0,0,0,0
281,FTH1,1,0,0,0,0
282,ORC2,0,0,0,0,0
283,CETN2,0,0,0,0,0
284,CCDC40,0,0,0,0,0
285,MTIF3,0,0,0,0,0
286,FBXW10,0,0,0,0,0
287,EXOC3L2,0,0,0,0,0
288,NOS2,0,0,0,0,0
289,INHBB,0,0,0,0,0
290,RNF2,0,0,0,0,0
291,SIRT4,0,0,0,0,0
292,RBBP6,0,0,0,0,0
293,DKC1,0,0,0,0,0
294,MYMK,0,0,0,0,0
295,SPAG5,0,0,0,0,0
296,NIPSNAP1,0,0,0,0,0
297,DDX10,0,0,0,0,0
298,G6PD,0,0,0,0,0
299,CDC26,0,0,0,0,0
300,PEX3,0,0,0,0,0
301,TLE2,0,0,0,0,0
302,TOMM6,0,0,0,0,0
303,H4C2,0,0,0,0,0
304,ERBB2,0,0,0,0,0
305,SLC25A41,0,0,0,0,0
306,RGS1,0,0,0,0,0
307,PRG3,0,0,0,0,0
308,FAXDC2,0,0,0,0,0
309,FGA,1,0,0,0,0
310,ZCCHC17,0,0,0,0,0
311,SLC22A14,0,0,0,0,0
312,PLD1,0,0,0,0,0
313,GRM1,0,0,0,0,0
314,CES1,0,0,0,0,0
315,BCL2,0,0,0,0,0
316,NR1H4,0,0,0,0,0
317,SEC62,0,0,0,0,0
318,LPL,0,1,1,0,0
319,YWHAH,0,0,0,0,0
320,GMIP,0,0,0,0,0
321,ENPEP,0,0,0,0,0
322,ALK,0,0,0,0,0
323,HLA-E,0,0,0,0,0
324,ZCCHC4,0,0,0,0,0
325,CD38,0,0,0,0,0
326,CCT4,0,0,0,0,0
327,AIPL1,0,0,0,0,0
328,ICE2,0,0,0,0,0
329,CYTH3,0,0,0,0,0
330,H3-4,0,0,0,0,0
331,PYROXD1,0,0,0,0,0
332,CLCA2,0,0,0,0,0
333,IFNA1,0,0,0,0,0
334,TACO1,0,0,0,0,0
335,PCBD2,0,0,0,0,0
336,CELA3A,0,0,0,0,0
337,ADM,1,0,0,0,0
338,CUL9,0,0,0,0,0
339,PABPN1,0,0,0,0,0
340,TSC2,0,0,0,0,0
341,TCF7L1,0,0,0,0,0
342,CHORDC1,0,0,0,1,0
343,HSPA4L,0,0,0,0,0
344,NCAPG2,0,0,0,0,0
345,PRMT8,0,0,0,0,0
346,ARPC3,0,0,0,0,0
347,INO80B,0,0,0,0,0
348,PFKFB3,0,0,0,0,0
349,HGD,0,0,1,0,0
350,MAGI1,0,0,0,0,0
351,SSU72P2,0,0,0,0,0
352,EDN3,0,0,0,0,0
353,OTOG,0,0,0,0,0
354,ZYG11B,0,0,0,0,0
355,GSTM1,0,0,0,0,0
356,RAB23,0,0,0,0,0
357,TRIT1,0,0,0,0,0
358,NCR3,0,0,0,0,0
359,HARS2,0,0,0,0,0
360,NUP37,0,0,0,0,0
361,SGF29,0,0,0,0,0
362,ATRX,0,0,0,0,0
363,SAP30L,0,0,0,0,0
364,ITGA8,1,0,0,0,0
365,SNX1,0,0,0,0,0
366,TPM3,1,0,0,0,0
367,ZNF683,0,0,0,0,0
368,ZKSCAN3,0,0,0,0,0
369,RMDN3,0,0,0,0,0
370,EDF1,0,0,0,0,0
371,CRY2,0,0,0,0,0
372,DAG1,0,0,0,0,0
373,ABCB1,0,0,0,0,0
374,GPD1L,0,0,0,0,0
375,SYP,0,0,0,0,0
376,GPR143,0,0,0,0,0
377,TAF1D,0,0,0,0,0
378,AXIN2,0,0,0,0,0
379,MED11,0,0,0,0,0
380,ERBB4,0,0,0,0,0
381,HORMAD1,0,0,0,0,0
382,RNF146,0,0,0,0,0
383,CDC16,0,0,0,0,0
384,GGPS1,0,0,0,0,0
385,SYNJ1,0,0,0,0,0
386,COX5A,0,0,0,0,0
387,CYP26A1,0,0,0,0,0
388,PSMC5,0,0,0,0,0
389,HACD3,0,0,0,0,0
390,DMXL1,0,0,0,0,0
391,VNN1,0,0,0,0,0
392,NEFH,0,0,0,0,0
393,BCL2L2,0,0,0,0,0
394,TAF4B,0,0,0,0,0
395,TPSB2,0,0,0,0,0
396,FRYL,0,0,0,0,0
397,SSBP1,0,0,0,0,0
398,BCL7B,0,0,0,0,0
399,RRAGD,0,0,0,0,0
400,GNAI2,0,0,0,0,0
401,CCKAR,0,0,0,0,0
402,GDI2,0,0,0,1,0
403,AANAT,0,0,0,0,0
404,FAP,0,0,0,0,0
405,HDAC6,0,0,0,0,0
406,EGR2,0,0,0,0,0
407,DNA2,0,0,0,0,0
408,GATA6,0,0,0,1,1
409,TNFRSF13B,0,0,0,0,0
410,LGR4,0,0,0,0,0
411,CDC20,0,0,0,0,0
412,PLOD2,0,0,0,0,0
413,TXNDC17,0,0,0,0,0
414,PLK4,0,0,0,0,0
415,UGT2B10,0,0,0,0,0
416,PHLDA2,0,0,0,0,0
417,SULT1C3,0,0,0,0,0
418,MAOA,0,0,0,0,0
419,CCL27,0,0,0,0,0
420,PHYH,0,0,0,0,1
421,LPA,1,1,1,0,0
422,RIPK1,0,0,0,0,0
423,HM13,0,0,0,0,0
424,ACTA1,0,0,0,0,0
425,PRKG1,1,1,0,1,0
426,CETP,0,0,0,0,0
427,RRM2,0,0,0,0,0
428,ARNT,0,0,0,0,0
429,LYPLA1,0,0,0,0,0
430,OTUB2,0,0,0,0,0
431,EIF3A,0,0,0,0,0
432,HS6ST1,0,0,0,0,0
433,DCTN3,0,0,0,0,0
434,SYBU,0,0,0,0,0
435,CALCB,0,0,0,0,0
436,TAF1,0,0,0,0,0
437,CCND2,0,0,0,0,0
438,JAG1,0,1,0,1,0
439,ZW10,0,0,0,0,0
440,THRAP3,0,0,0,0,0
441,RAD54L2,0,0,0,0,0
442,CBX4,0,0,0,0,0
443,RALA,0,0,0,0,0
444,DIMT1,0,0,0,0,0
445,AGRN,0,0,0,0,0
446,CLEC4M,0,0,0,0,0
447,PFN1,0,0,0,0,0
448,EPN1,0,0,0,0,0
449,CPD,0,0,0,0,0
450,NVL,0,0,0,0,0
451,FYTTD1,0,0,0,0,0
452,PIGB,0,0,0,0,0
453,CRYBA1,0,0,0,0,0
454,APOA4,0,0,0,0,0
455,HLA-F,0,0,0,0,0
456,TOP1,0,0,0,0,0
457,FLT1,0,0,0,0,0
458,NFKBIZ,0,0,0,0,0
459,RPS4X,0,0,0,0,0
460,RPL10A,1,0,0,0,0
461,CTTNBP2NL,0,0,0,0,0
462,POMGNT1,0,0,0,0,0
463,SNRPN,0,0,0,1,0
464,RAB3GAP2,0,0,0,0,1
465,MAP3K7,0,0,0,0,0
466,ZRSR2,0,0,0,0,0
467,ACER2,0,0,0,0,0
468,TMED7,0,0,0,0,0
469,E7ENQ6_HUMAN,0,0,0,0,0
470,CCNB3,0,0,0,0,0
471,C1orf109,0,0,0,0,0
472,PPP1R7,0,0,0,0,0
473,RSPH4A,0,0,0,0,0
474,FCRLA,0,0,0,0,0
475,NCL,0,0,0,0,0
476,MRPL13,0,0,0,0,0
477,SIGLEC1,0,0,0,0,0
478,NIP7,0,0,0,0,0
479,POLM,0,0,0,0,0
480,ATP5F1B,1,0,0,0,0
481,SLC44A2,0,0,0,1,0
482,CCDC13,0,0,0,0,0
483,ARIH1,0,0,0,0,0
484,PEX10,0,0,0,0,0
485,GCC1,0,0,0,0,0
486,UGT1A6,0,0,0,0,0
487,PLCZ1,0,0,0,0,0
488,TRAPPC6B,0,0,0,0,0
489,SEC22B,0,0,0,0,0
490,AHSP,0,0,0,0,0
491,ABT1,0,0,0,0,0
492,IGBP1,0,0,0,0,0
493,SLC26A4,0,0,0,0,0
494,DDR2,0,0,0,0,0
495,MYH7,0,0,0,0,1
496,CC2D1A,0,0,0,0,0
497,DUSP7,0,0,0,0,0
498,NUP58,0,0,0,0,0
499,MMAB,0,0,0,0,0
500,TNFSF13B,0,0,0,0,0
501,SRC,0,0,0,0,0
502,SRSF10,0,0,0,0,0
503,CACNA1H,0,0,0,0,0
504,MRPL35,0,0,0,0,0
505,FOXP1,0,0,0,0,0
506,SDHAF1,0,0,0,0,0
507,CCT5,0,0,0,0,0
508,C9orf78,0,0,0,0,0
509,RALGAPA2,0,0,0,0,0
510,CRYBA4,0,0,0,0,0
511,GNAT3,0,0,0,0,0
512,MRPL23,0,0,0,0,0
513,AP3B2,0,0,0,0,0
514,ABI3,0,0,0,0,0
515,AP2B1,0,0,0,0,0
516,MRPL32,0,0,0,0,0
517,MMP10,0,0,0,0,0
518,H3C8,0,0,0,0,0
519,RRAGC,0,0,0,0,0
520,PTGER4,0,0,0,0,0
521,TBCE,0,0,0,0,0
522,SLC30A3,0,0,0,0,0
523,NDUFS6,0,0,0,1,0
524,H2AC11,0,0,0,0,0
525,ZC3H15,0,0,0,0,0
526,FITM2,0,0,0,0,0
527,AIF1,0,0,0,0,0
528,ODC1,0,0,0,0,0
529,GRB2,0,0,0,0,0
530,TBX2,0,0,0,0,0
531,CYB5R2,0,0,0,0,0
532,SETD1B,0,0,0,0,0
533,HELLS,0,0,0,0,0
534,EBI3,0,0,0,0,0
535,B3GAT1,0,0,0,0,0
536,NOC4L,0,0,0,0,0
537,BUB1,0,0,0,0,0
538,CCL21,0,0,0,0,0
539,CCL1,0,0,0,0,0
540,LOXHD1,0,0,0,0,0
541,SIX6,0,0,0,0,0
542,POLA2,0,0,0,0,0
543,CASR,0,0,0,0,1
544,RGSL1,0,0,0,0,0
545,TUBB1,0,0,0,0,0
546,DPYS,0,0,0,0,0
547,POLR2K,0,0,0,0,0
548,MLNR,0,0,0,0,0
549,CD1C,0,0,0,0,0
550,THAP3,0,0,0,0,0
551,RNASEH2B,0,0,0,0,0
552,DCTN6,0,0,0,0,0
553,UTP3,0,0,0,0,0
554,FAM98A,0,0,0,0,0
555,NUP43,0,0,0,0,0
556,PENK,0,0,0,0,0
557,XXYLT1,0,0,0,0,0
558,LYZ,1,0,0,0,0
559,PRSS16,0,0,0,0,1
560,LAMA5,0,0,0,0,0
561,SRY,0,0,0,0,0
562,GNB4,0,0,0,0,0
563,HSD17B3,0,0,0,0,0
564,PSMA5,0,0,0,0,0
565,FLNC,0,0,0,1,1
566,MTMR8,0,0,0,0,0
567,CWF19L2,0,0,0,0,0
568,PMCH,0,0,0,0,0
569,BGN,0,0,0,0,0
570,SRP19,0,0,0,0,0
571,EFNA1,0,0,0,0,0
572,PKLR,0,0,0,0,0
573,NUFIP2,0,0,0,0,0
574,SLC35A2,0,0,0,0,0
575,HOXD4,0,0,0,0,0
576,NFKBIE,0,0,0,0,0
577,TEX48,0,0,0,0,0
578,COX6C,0,0,0,0,0
579,SDC1,0,0,0,0,0
580,C2,0,0,0,0,0
581,RPH3A,0,0,0,0,0
582,TNPO2,0,0,0,0,0
583,HBE1,0,0,0,0,0
584,CXCR6,0,0,0,0,0
585,RASD1,0,0,0,0,0
586,MIOX,0,0,0,0,0
587,ASDURF,0,0,0,0,0
588,GDF5,0,0,0,0,0
589,DMRT1,0,0,0,0,0
590,APOH,1,0,0,0,0
591,KYAT3,0,0,0,0,0
592,CAGE1,0,0,0,0,0
593,PCK2,0,0,0,0,0
594,POLDIP3,0,0,0,0,0
595,UGT1A5,0,0,0,0,0
596,CCN2,0,0,0,0,0
597,HNRNPA2B1,0,0,0,0,1
598,OCA2,0,0,0,0,0
599,GALNT5,0,0,0,0,0
600,FKBP4,0,0,0,0,0
601,RSL24D1,0,0,0,0,0
602,ATP5MGL,0,0,0,0,0
603,CACNA1A,0,0,0,0,0
604,SYF2,0,0,0,0,0
605,GCH1,0,0,0,0,0
606,SRSF3,0,0,0,0,0
607,EIF2AK2,0,0,0,0,0
608,GZMK,0,0,0,0,0
609,CHUK,0,0,0,0,0
610,REXO1,0,0,0,0,0
611,ZPBP,0,0,0,0,0
612,ADAT3,0,0,0,0,0
613,GPNMB,0,0,0,0,0
614,GALNT3,0,0,0,0,0
615,NUP153,0,0,0,0,0
616,SNX17,0,0,0,0,0
617,CD3G,0,0,0,0,0
618,BAAT,0,0,0,0,0
619,TARBP1,0,0,0,0,0
620,AQP2,0,0,0,0,0
621,ROPN1,0,0,0,0,0
622,HTR1D,0,0,0,0,0
623,WIPI2,0,0,0,0,0
624,CYBB,0,0,0,0,0
625,P3H4,0,0,0,0,0
626,SEMG1,0,0,0,0,0
627,MRPL40,0,0,0,0,0
628,SLC34A3,0,0,0,0,0
629,UBE2R2,0,0,0,0,0
630,VIP,0,0,0,0,0
631,INTS4,0,0,0,0,0
632,CNGA3,0,0,0,0,0
633,MED27,0,0,0,0,0
634,ELOA,0,0,0,0,0
635,OAT,0,0,0,0,0
636,RIPPLY1,0,0,0,0,0
637,GPC3,0,0,0,0,0
638,KCNQ1,0,0,0,1,0
639,ATAD5,0,0,0,0,0
640,RSC1A1,0,0,0,0,0
641,POFUT1,0,0,0,0,0
642,COX5B,0,0,0,0,0
643,RAD17,0,0,0,0,0
644,DBT,0,0,0,0,0
645,PREB,0,0,0,0,0
646,SRPK1,0,0,0,0,0
647,ALOX5AP,0,0,0,0,0
648,GALE,0,0,0,0,0
649,FAM53C,0,0,0,0,0
650,PSMC6,0,0,0,0,0
651,NUDT21,0,0,0,0,0
652,IFT88,0,0,0,0,0
653,NAA35,0,0,0,0,0
654,OTC,0,0,0,1,0
655,FNBP1L,0,0,0,0,0
656,RPS23,0,0,0,0,0
657,CDS2,0,0,0,0,0
658,IST1,0,0,0,0,0
659,STRADA,0,0,0,0,1
660,RORC,0,0,0,0,0
661,MELK,0,0,0,0,0
662,SURF1,0,0,0,0,1
663,ITGB6,0,0,0,0,0
664,APMAP,0,0,0,0,0
665,RNF128,0,0,0,0,0
666,SRSF12,0,0,0,0,0
667,PANX1,0,0,0,0,0
668,CPB1,0,0,0,0,0
669,CD34,0,1,0,0,0
670,CEP55,0,0,0,0,0
671,DSG2,0,0,0,0,0
672,ALG1,0,0,0,0,0
673,CABYR,0,0,0,0,0
674,MRPS18A,0,0,0,0,0
675,RAG2,0,0,0,0,0
676,NOL12,0,0,0,0,0
677,PSME1,0,0,0,0,0
678,PDCD4,0,0,0,0,0
679,NMRAL1,0,0,0,0,0
680,CHMP6,0,0,0,0,0
681,WDR43,0,0,0,0,0
682,AP2A2,0,0,0,0,0
683,KDM2A,0,0,0,0,0
684,MCOLN1,0,0,0,0,0
685,HAAO,0,0,0,0,0
686,TWIST2,0,0,0,0,0
687,SRSF2,0,0,0,0,0
688,CYBA,0,0,0,0,0
689,CPA2,0,0,0,0,0
690,KNG1,1,0,0,1,0
691,CKMT1B,0,0,0,0,0
692,PRPS1,0,0,0,0,0
693,IFI44,0,0,0,0,0
694,CRYM,0,0,0,0,0
695,KCNA1,0,0,0,0,0
696,SMKR1,0,0,0,0,0
697,AKAP10,0,0,0,0,0
698,CEACAM5,0,0,0,0,0
699,MRPL33,0,0,0,0,0
700,G3BP2,0,0,0,0,0
701,YIF1A,0,0,0,0,0
702,PALB2,0,0,0,0,0
703,IRAK2,0,0,0,0,0
704,AVPR2,0,0,0,0,0
705,SHLD2,0,0,0,0,0
706,B3GALNT1,0,0,0,0,0
707,USH2A,0,0,0,0,0
708,KRT17,0,0,0,0,0
709,MKS1,0,0,0,0,0
710,KHDRBS1,0,0,0,0,0
711,MS4A12,0,0,0,0,0
712,USP36,0,0,0,1,0
713,FEM1C,0,0,0,0,0
714,DECR1,0,0,0,0,0
715,LAMB3,0,0,0,0,0
716,GNRH2,0,0,0,0,0
717,KLC3,0,0,0,0,0
718,ENY2,0,0,0,0,0
719,PRDM2,0,0,0,0,0
720,CCDC65,0,0,0,0,0
721,KCNJ2,0,0,0,0,0
722,UBE2N,0,0,0,0,0
723,AK8,0,0,0,0,0
724,NME8,0,0,0,0,0
725,CALML5,0,0,0,0,0
726,GINS1,0,0,0,0,0
727,GBA,0,0,0,0,0
728,TENT4A,0,0,0,0,0
729,LDHAL6A,0,0,0,0,0
730,CTRB1,0,0,0,0,0
731,PRM1,0,0,0,0,0
732,BDH2,0,0,0,0,0
733,SH2B3,0,0,1,1,0
734,CSNK2B-2,0,0,0,0,0
735,ACAP2,0,0,0,0,0
736,ZIC4,0,0,0,0,0
737,RARA,0,0,0,0,0
738,SST,0,0,0,0,0
739,TTC21B,0,0,0,0,0
740,FADS1,0,0,0,0,0
741,IGF2,1,0,0,0,0
742,SRGN,0,0,0,0,0
743,DDX49,0,0,0,0,0
744,KCNIP2,0,0,0,0,0
745,CSNK2A2,0,0,0,0,0
746,UBN1,0,0,0,0,0
747,PRM2,0,0,0,0,0
748,RTCA,0,0,0,0,0
749,SCRN2,0,0,0,0,0
750,EFHC1,0,0,0,0,0
751,SGO1,0,0,0,0,0
752,INSIG1,0,0,0,0,0
753,SEC31A,0,0,0,0,0
754,POM121C,0,0,0,0,0
755,ATP5F1A,0,1,0,0,0
756,MATR3,0,0,0,0,0
757,PAK1IP1,0,0,0,0,0
758,POSTN,1,0,0,0,0
759,INTS9,0,0,0,0,0
760,DNAJB11,0,0,0,0,0
761,MOG,0,0,0,0,0
762,GSTM4,0,0,0,0,0
763,VPS8,0,0,0,0,0
764,DMD,0,0,0,0,1
765,CYP2S1,0,0,0,0,0
766,TNRC6C,0,0,0,0,0
767,PLA2G6,0,0,0,0,0
768,PEBP1,1,0,0,0,0
769,SLC25A5,0,0,0,0,0
770,CLN3,0,0,0,0,0
771,TAZ,0,0,0,0,1
772,RALBP1,0,0,0,0,0
773,DRD2,0,0,0,0,0
774,AK2,0,0,0,0,0
775,CD2,0,0,0,0,0
776,PREP,0,0,0,0,0
777,PLA2G4D,0,0,0,0,0
778,MAOB,0,0,0,0,0
779,TNFAIP3,0,0,0,0,0
780,PAOX,0,0,0,0,0
781,CAPN1,0,0,0,0,0
782,ACTB,0,0,0,1,0
783,VENTX,0,0,0,0,0
784,WNT10A,0,0,0,0,0
785,CSF2,0,0,0,0,0
786,RECQL4,0,0,0,0,0
787,F2RL3,0,0,0,0,0
788,SHC3,0,0,0,0,0
789,DARS1,0,0,0,0,0
790,ILK,0,0,0,0,0
791,DSN1,0,0,0,0,0
792,LSM2,0,0,0,0,0
793,THY1,0,0,0,0,0
794,EGFR,0,0,0,0,0
795,ACTR6,0,0,0,0,0
796,ATP6AP2,0,0,0,0,0
797,UTP20,0,0,0,0,0
798,RDH5,0,0,0,0,0
799,BTAF1,0,0,0,0,0
800,IGF1R,0,0,0,0,0
801,LSG1,0,0,0,0,0
802,SCG3,0,0,0,0,0
803,EXOC6B,0,0,0,0,0
804,CXCL3,0,0,0,0,0
805,IL7,0,0,0,0,0
806,RPP38,0,0,0,0,0
807,MBTPS1,0,0,0,0,0
808,ITGB2,0,0,0,0,0
809,GRPEL1,0,0,0,0,0
810,DNAH5,0,0,0,0,0
811,COL4A5,1,0,0,0,0
812,DCP1A,0,0,0,0,0
813,TYROBP,0,0,0,0,0
814,PRIM2,0,0,0,0,0
815,MLPH,0,0,0,0,0
816,SMARCD2,0,0,0,0,0
817,SNTB1,0,0,0,0,0
818,SERPINB2,0,0,0,0,0
819,PCBP1,0,0,0,0,0
820,PARS2,0,0,0,0,0
821,OSGEP,0,0,0,0,0
822,HOXB3,0,0,0,0,0
823,SERBP1,0,0,0,0,0
824,PAK5,0,0,0,0,0
825,APOBR,0,0,0,0,0
826,BPIFB1,0,0,0,0,0
827,GNAO1,0,0,0,1,0
828,LIPA,0,0,0,1,0
829,RPL5,0,0,0,0,0
830,GAGE1,0,0,0,0,0
831,XAB2,0,0,0,0,0
832,ATP5PF,0,0,0,0,0
833,RNASE2,0,0,0,0,0
834,CEACAM8,0,0,0,0,0
835,ACOX3,0,0,0,0,0
836,TSN,0,0,0,0,0
837,PSMD8,0,0,0,0,0
838,IFNG,0,0,0,0,0
839,P2RX6,0,0,0,0,0
840,F8,0,0,0,0,0
841,DCUN1D5,0,0,0,0,0
842,NUDT5,0,0,0,0,0
843,HSPE1-MOB4,0,0,0,0,0
844,GRPEL2,0,0,0,0,0
845,PDXP,0,0,0,0,0
846,GABRA6,0,0,0,0,0
847,TUBA1A,0,0,0,0,0
848,SNRPD1,0,0,0,0,0
849,EIF4EBP1,0,0,0,0,0
850,RPL29,0,0,0,0,0
851,NFS1,0,0,0,0,0
852,LRMDA,0,0,0,0,0
853,ANGPTL8,0,0,0,0,0
854,BCOR,0,1,0,0,0
855,INSL6,0,0,0,0,0
856,ACOT7,0,0,0,0,0
857,PGRMC2,0,0,0,0,0
858,GLRA2,0,0,0,0,0
859,DQX1,0,0,0,0,0
860,RTN4R,0,0,0,0,0
861,HAUS8,0,0,0,0,0
862,CUL4A,0,0,0,0,0
863,MACC1,0,0,0,0,0
864,SEC23A,0,0,0,0,0
865,FBXO36,0,0,0,0,0
866,ATP5MC1,0,0,0,0,0
867,NDUFA5,0,0,0,0,0
868,CD3E,0,0,0,0,0
869,IKZF3,0,0,0,0,0
870,GPAA1,0,0,0,0,0
871,CCR9,0,0,0,0,0
872,WDR78,0,0,0,0,0
873,FSIP1,0,0,0,0,0
874,NELFE,0,0,0,0,0
875,H2BC17,0,0,0,0,0
876,COLGALT2,0,0,0,0,0
877,CCR2,0,0,0,0,0
878,CLN5,0,0,0,0,0
879,NUSAP1,0,0,0,0,0
880,TNN,0,0,0,0,0
881,FBXO8,0,0,0,0,0
882,WDR26,0,0,0,0,0
883,B4GALT7,0,0,0,0,0
884,KALRN,0,0,0,0,0
885,EIF2B2,0,0,0,0,0
886,SULT1E1,0,0,0,0,0
887,THAP12,0,0,0,0,0
888,UNC45B,0,0,0,0,0
889,POLR3A,0,0,0,0,0
890,TRPA1,0,0,0,0,0
891,GTF2E1,0,0,0,0,0
892,CREB1,0,0,0,0,0
893,SLC18A2,0,0,0,0,0
894,GYG2,0,0,0,0,0
895,AP1S2,0,0,0,0,0
896,PPP3CA,0,0,0,0,0
897,TAF11,0,0,0,0,0
898,CTPS2,0,0,0,0,0
899,ADRA1B,0,0,0,0,0
900,NDUFB11,0,0,0,0,0
901,NAT2,0,0,0,0,0
902,STAT3,0,0,0,0,0
903,ARSG,0,0,0,0,0
904,RPL6,0,0,0,0,0
905,ELANE,1,0,0,0,0
906,ATG4A,0,0,0,0,0
907,LYN,0,0,0,0,0
908,BYSL,0,0,0,0,0
909,RPL36A,0,0,0,0,0
910,PPIL1,0,0,0,0,0
911,PRAME,0,0,0,0,0
912,PDCD1LG2,0,0,0,0,0
913,FBXO16,0,0,0,0,0
914,LPAR2,0,0,0,0,0
915,KCNA7,0,0,0,0,0
916,ACADSB,0,0,0,0,0
917,ALDH18A1,0,0,0,0,0
918,OMG,0,0,0,0,0
919,PMVK,0,0,0,0,0
920,FLT3,0,0,0,0,0
921,UBIAD1,0,0,0,0,0
922,HTR2A,0,0,0,0,0
923,PATJ,0,0,0,0,0
924,AP4E1,0,0,0,0,0
925,POLR2C,0,0,0,0,0
926,HAO2,0,0,0,0,0
927,CD69,0,0,0,0,0
928,MALSU1,0,0,0,0,0
929,DAZL,0,0,0,0,0
930,ERBIN,0,0,0,0,0
931,TFPI2,0,0,0,0,0
932,CCNE1,0,0,0,0,0
933,PPP2R1A,0,0,0,0,0
934,C19orf12,0,0,0,0,0
935,ZCCHC7,0,0,0,0,0
936,UAP1,0,0,0,0,0
937,ZFY,0,0,0,0,0
938,MSX1,0,0,0,0,0
939,PLAUR,1,0,0,0,0
940,SNX3,0,0,0,0,0
941,POLR3B,0,0,0,0,0
942,TFAP2B,0,0,0,0,0
943,TRPV5,0,0,0,0,0
944,CSN2,0,0,0,0,0
945,NEU3,0,0,0,0,0
946,CWF19L1,0,0,0,0,0
947,TFB2M,0,0,0,0,0
948,MTHFD1,0,0,0,0,0
949,RAB6B,0,0,0,0,0
950,PHF12,0,0,0,0,0
951,HSCB,0,0,0,0,0
952,PIPOX,0,0,0,0,0
953,IDH3A,0,0,0,0,0
954,ARCN1,0,0,0,0,0
955,PGAM1,0,0,0,0,0
956,CRHR1-2,0,0,0,0,0
957,DCAF4,0,0,0,0,0
958,NAB2,0,0,0,0,0
959,ULK3,0,0,0,0,0
960,PEA15,0,0,0,0,0
961,MRPS6,0,0,0,0,0
962,CCNT2,0,0,0,0,0
963,RRP7A,0,0,0,0,0
964,APOBEC3A,0,0,0,0,0
965,AQP8,0,0,0,0,0
966,H2BC21,0,0,0,0,0
967,GGA2,0,0,0,0,0
968,IL22,0,0,0,0,0
969,SSBP2,0,0,0,0,0
970,EPM2A,0,0,0,0,0
971,FOXRED1,0,0,0,0,0
972,BEST1,0,0,0,0,0
973,CALML3,0,0,0,0,0
974,TRUB1,0,0,0,0,0
975,DCN,0,0,0,0,0
976,PMM1,0,0,0,0,0
977,NKD2,0,0,0,0,0
978,H4C14,0,0,0,0,0
979,ANAPC1,0,0,0,0,0
980,ESYT1,0,0,0,0,0
981,CEP192,0,0,0,0,0
982,TBL2,0,0,0,0,0
983,SRSF11,0,0,0,0,0
984,FBXO45,0,0,0,0,0
985,RPF1,0,0,0,0,0
986,GLIS3,0,0,0,0,0
987,CMTM3,0,0,0,0,0
988,PRKCQ,0,0,0,0,0
989,KCTD17,0,0,0,0,0
990,PMP2,0,0,0,0,0
991,SERPINI1,0,0,0,0,0
992,RP2,0,0,0,0,0
993,GSS,0,0,0,0,0
994,PDE9A,0,0,0,1,0
995,CD247,0,0,0,0,0
996,GSR,0,0,0,0,0
997,FEM1B,0,0,0,0,0
998,ACAD11,0,0,0,0,0
999,NDUFAF1,0,0,0,0,1
1000,GALNT6,0,0,0,0,0
1001,ASAH1,0,0,0,0,0
1002,PPME1,0,0,0,0,0
1003,ACE,0,1,1,0,1
1004,RPTOR,0,0,0,1,0
1005,LY96,0,0,0,0,0
1006,COP1,0,0,0,0,0
1007,INSRR,0,0,0,0,0
1008,FBXL8,0,0,0,0,0
1009,NRP1,0,0,0,0,0
1010,MFAP1,0,0,0,0,0
1011,PDIA2,0,0,0,0,0
1012,SF3B1,0,0,0,0,1
1013,NAA15,0,0,0,0,0
1014,MAN2A1,0,0,0,0,0
1015,CYP4A22,0,0,0,0,0
1016,MRPS16,0,0,0,0,0
1017,PIK3CB,0,0,0,0,0
1018,LLGL2,0,0,0,0,0
1019,CCL16,0,0,0,0,0
1020,PINX1,0,0,0,0,0
1021,IL19,0,0,0,0,0
1022,RPL21,0,0,0,0,0
1023,EXOSC5,0,0,0,0,0
1024,VARS2,0,0,0,0,0
1025,SLC1A4,0,0,0,0,0
1026,GTF2H3,0,0,0,0,0
1027,RABGGTA,0,0,0,0,0
1028,EEF1E1,0,0,0,0,0
1029,COL18A1,1,0,0,0,0
1030,BPGM,0,0,0,0,0
1031,GTPBP6,0,0,0,0,0
1032,COPS7B,0,0,0,0,0
1033,CTSK,0,0,0,0,0
1034,MYL7,0,0,0,0,0
1035,RPS11,0,0,0,0,0
1036,MRPS27,0,0,0,0,0
1037,MLKL,0,0,0,0,0
1038,MIEF2,0,0,0,0,0
1039,RLN2,0,0,0,0,0
1040,CSH1,0,0,0,0,0
1041,POP7,0,0,0,0,0
1042,NUP188,0,0,0,0,0
1043,HEXB,0,0,0,0,1
1044,MKNK2,0,0,0,0,0
1045,SLC10A7,0,0,0,0,0
1046,GPX3,0,0,0,0,0
1047,EFTUD2,0,0,0,0,0
1048,SLC11A1,0,0,0,0,0
1049,ABI3BP,0,0,0,0,0
1050,POLR2E,0,0,0,0,0
1051,ACP5,0,0,0,0,0
1052,RRAS2,0,0,0,0,0
1053,RAVER1,0,0,0,0,0
1054,TOPBP1,0,0,0,0,0
1055,ZNRF3,0,0,0,0,0
1056,PRKAB2,0,0,0,0,0
1057,TRAF6,0,0,0,0,0
1058,MOCS1,0,0,0,0,0
1059,RETNLB,0,0,0,0,0
1060,ORC5,0,0,0,0,0
1061,TXNDC12,0,0,0,0,0
1062,CDKN1B,0,0,0,0,0
1063,AKR1C2,0,0,0,0,0
1064,POM121,0,0,0,0,0
1065,EXTL2,0,0,0,0,0
1066,FIZ1,0,0,0,0,0
1067,SLC26A1,0,0,0,0,0
1068,MRPL50,0,0,0,0,0
1069,MYOD1,0,0,0,0,0
1070,DIS3L,0,0,0,0,0
1071,BUD23,0,0,0,0,0
1072,FUCA2,0,0,0,0,0
1073,MRPS35,0,0,0,0,0
1074,PER2,0,0,0,0,0
1075,TAX1BP3,0,0,0,0,0
1076,DNAH7,0,0,0,0,0
1077,HGFAC,0,0,0,0,0
1078,BAG2,0,0,0,0,0
1079,NAT14,0,0,0,0,0
1080,SKP1,0,0,0,0,0
1081,LRTOMT,0,0,0,0,0
1082,USP6,0,0,0,0,0
1083,KREMEN1,0,0,0,0,0
1084,RPE65,0,0,0,0,0
1085,ARR3,0,0,0,0,0
1086,C12orf57,0,0,0,0,0
1087,APOC1,1,0,0,0,0
1088,TRPV2,0,0,0,0,0
1089,TBK1,0,0,0,0,0
1090,HACD2,0,0,0,0,0
1091,SDF4,0,0,0,0,0
1092,RAD18,0,0,0,0,0
1093,CTLA4,0,0,0,0,0
1094,CYFIP2,0,0,0,0,0
1095,RCAN2,0,0,0,0,0
1096,RDH12,0,0,0,0,0
1097,KCNH2,0,0,0,0,1
1098,PAX3,0,0,0,0,0
1099,RARS1,0,0,0,0,0
1100,ATG4B,0,0,0,0,0
1101,KLK15,0,0,0,0,0
1102,LSR,0,0,0,0,0
1103,GLRX5,0,0,0,0,0
1104,ZP2,0,0,0,0,0
1105,VPS37A,0,0,0,0,0
1106,PTAR1,0,0,0,0,0
1107,PON3,0,0,0,0,0
1108,RDH16,0,0,0,0,0
1109,SCARB1,0,0,0,0,0
1110,CFAP206,0,0,0,0,0
1111,GNL3L,0,0,0,0,0
1112,COPS3,0,0,0,0,0
1113,CTSA,0,0,0,0,0
1114,CHCHD6,0,0,0,0,0
1115,KCNQ5,0,0,0,0,0
1116,CBX3,0,0,0,0,0
1117,POU2AF1,0,0,0,0,0
1118,NLRP11,0,0,0,0,0
1119,PIK3C2A,0,0,1,1,0
1120,TNFSF4,0,0,0,0,0
1121,MED21,0,0,0,0,0
1122,CUL2,0,0,0,0,0
1123,SMARCA2,0,0,0,0,0
1124,PMP22,0,0,0,0,0
1125,VGF,0,0,0,0,0
1126,LGR6,0,0,0,0,0
1127,RPUSD1,0,0,0,0,0
1128,ZSCAN10,0,0,0,0,0
1129,CALU,0,0,0,0,0
1130,PLD2,0,0,0,0,0
1131,CPLANE1,0,0,0,0,0
1132,IL6,0,1,1,0,0
1133,INTS6,0,0,0,0,0
1134,RPL3,0,0,0,0,0
1135,TMOD4,0,0,0,1,0
1136,UBE4B,0,0,0,0,0
1137,EHD1,0,0,0,0,0
1138,LIN7C,0,0,0,0,0
1139,FANCF,0,0,0,0,0
1140,TIMM23B,0,0,0,0,0
1141,HNRNPH1,1,0,0,0,0
1142,TIA1,0,0,0,0,0
1143,ROBO3,0,0,0,0,0
1144,OBP2B,0,0,0,0,0
1145,KLK3,0,0,0,0,0
1146,PGK2,0,0,0,0,0
1147,KIF27,0,0,0,0,0
1148,WARS1,0,0,0,0,0
1149,NEU4,0,0,0,0,0
1150,TIMM22,0,0,0,0,0
1151,ACOT9,0,0,0,0,0
1152,GABARAPL1,0,0,0,0,0
1153,PDS5A,0,0,0,0,0
1154,ENTPD4,0,0,0,0,0
1155,HDDC2,0,0,0,0,0
1156,ADCY3,0,0,0,0,0
1157,FADS6,0,0,0,0,0
1158,HPR,0,0,0,0,0
1159,PRKAA1,0,0,0,0,0
1160,BCL2A1,0,0,0,0,0
1161,CXCL8,0,0,1,1,0
1162,GPN3,0,0,0,0,0
1163,COL5A2,0,0,0,0,0
1164,FIS1,0,0,0,0,0
1165,TARS1,0,0,0,0,0
1166,IFNA10,0,0,0,0,0
1167,KIF4A,0,0,0,0,0
1168,PTGES3,0,0,0,0,0
1169,TSC1,0,0,0,0,0
1170,MRPS18C,0,0,0,0,0
1171,BICDL1,0,0,0,0,0
1172,DKK1,0,0,0,0,0
1173,ATP5F1C,0,0,0,0,0
1174,PRICKLE4,0,0,0,0,0
1175,EXOSC4,0,0,0,0,0
1176,TRUB2,0,0,0,0,0
1177,ABCF1,0,0,0,0,0
1178,RPS8,0,0,0,0,0
1179,P2RY14,0,0,0,0,0
1180,CIITA,0,0,0,0,0
1181,MOV10,0,0,0,0,0
1182,SPDYA,0,0,0,0,0
1183,BCKDK,0,0,0,0,0
1184,APLNR,0,0,0,0,0
1185,AOC3,1,0,0,0,0
1186,CHD3,0,0,0,1,0
1187,MTG1,0,0,0,0,0
1188,ST3GAL1,0,0,0,0,0
1189,RD3,0,0,0,0,0
1190,MFF,0,0,0,0,0
1191,PIP4P2,0,0,0,0,0
1192,KIF1A,0,0,0,0,0
1193,TECTB,0,0,0,0,0
1194,RSAD2,0,0,0,0,0
1195,HCFC1,0,0,0,0,0
1196,USP2,0,0,0,0,0
1197,TTC30A,0,0,0,0,0
1198,DERL2,0,0,0,0,0
1199,ERCC1,0,0,0,0,0
1200,SF3A1,0,0,0,0,0
1201,CLDN2,0,0,0,0,0
1202,GPBAR1,0,0,0,0,0
1203,CANX,0,0,0,0,0
1204,OXSR1,0,0,0,0,0
1205,MERTK,0,0,0,0,0
1206,GATB,0,0,0,0,0
1207,MAPK9,0,0,0,0,0
1208,GOLPH3,0,0,0,0,0
1209,INTS7,0,0,0,0,0
1210,PDCD6IP,0,0,0,0,0
1211,SETX,0,0,0,0,0
1212,INSL4,0,0,0,0,0
1213,GNAT1,0,0,0,0,0
1214,C1orf194,0,0,0,0,0
1215,GET4,0,0,0,0,0
1216,SYNRG,0,0,0,0,0
1217,PRPF4B,0,0,0,0,0
1218,LTA4H,0,0,0,0,0
1219,EPHB4,0,0,0,0,1
1220,SMPD3,0,0,0,0,0
1221,NMT1,0,0,0,0,0
1222,SRM,0,0,0,0,0
1223,CYP2U1,0,0,0,0,0
1224,LOC114841035,0,0,0,0,0
1225,ZNF281,0,0,0,0,0
1226,FOXN1,0,0,0,0,0
1227,RBM15,0,0,0,0,0
1228,PPARA,0,0,0,0,0
1229,FBXO34,0,0,0,0,0
1230,DUX4,0,0,0,0,0
1231,AP4M1,0,0,0,0,0
1232,C1D,0,0,0,0,0
1233,CSE1L,0,0,0,0,0
1234,WASL,0,0,0,0,0
1235,C9,1,0,0,0,0
1236,LTV1,0,0,0,0,0
1237,TRAPPC8,0,0,0,0,0
1238,KIF20A,0,0,0,1,0
1239,PPM1B,0,0,0,0,0
1240,UNC13D,0,0,0,0,0
1241,PSMB6,0,0,0,0,0
1242,EIF4H,0,0,0,0,0
1243,PTK2B,0,0,0,0,0
1244,STK40,0,0,0,0,0
1245,NPHS1,0,0,0,0,0
1246,DNAAF2,0,0,0,0,0
1247,MYH13,0,0,0,0,0
1248,ZCWPW1,0,0,0,0,0
1249,GLT6D1,0,0,0,0,0
1250,PPP2CB,0,0,0,0,0
1251,NR1D2,0,0,0,0,0
1252,NR5A2,0,0,0,0,0
1253,ERLIN2,0,0,0,0,0
1254,CTTNBP2,0,0,0,0,0
1255,RYK,0,0,0,0,0
1256,TMCO1,0,0,0,0,0
1257,KCNA6,0,0,0,0,0
1258,GGT5,0,0,0,0,0
1259,PACRG,0,0,0,0,0
1260,ABCB8,0,0,0,0,0
1261,CREBBP,0,0,0,0,0
1262,ABCA4,0,0,0,0,0
1263,OR1F1,0,0,0,0,0
1264,ATF5,0,0,0,0,0
1265,RHEBL1,0,0,0,0,0
1266,AFDN,0,0,0,0,0
1267,FGF9,0,0,0,0,0
1268,NME1,0,0,0,0,0
1269,ALDH1A1,0,0,0,0,0
1270,TRIP6,0,0,0,0,0
1271,NOTUM,0,0,0,0,0
1272,NBAS,0,0,0,0,0
1273,SEMA3G,0,0,0,0,0
1274,hCG_1984214,0,0,0,0,0
1275,ZNF436,0,0,0,0,0
1276,FGFR1OP,0,0,0,0,0
1277,AIM2,0,0,0,0,0
1278,LEPR,0,0,0,0,0
1279,MRPL57,0,0,0,0,0
1280,IRAK3,0,0,0,0,0
1281,PDK1,0,0,0,0,0
1282,CYTH1,0,0,0,0,0
1283,DFFB,0,0,0,0,0
1284,MAGOH,0,0,0,0,0
1285,PPP2R5E,0,0,0,0,0
1286,SDSL,0,0,0,0,0
1287,CAVIN1,0,0,0,0,1
1288,KIF5A,0,0,0,0,0
1289,TRA2B,0,0,0,0,0
1290,CD6,0,0,0,0,0
1291,PEX11B,0,0,0,0,0
1292,EMC4,0,0,0,0,0
1293,MBIP,0,0,0,0,0
1294,ADCYAP1,0,0,0,0,0
1295,TARDBP,0,0,0,0,0
1296,BRD3,0,0,0,0,0
1297,ZC3H4,0,0,0,0,0
1298,ABTB1,0,0,0,0,0
1299,KITLG,0,0,0,0,0
1300,MET,0,0,0,0,0
1301,APOC4,0,0,0,0,0
1302,MAPK14,0,1,0,0,0
1303,RAMP2,0,0,0,0,0
1304,NOL9,0,0,0,0,0
1305,MYCN,0,0,0,0,0
1306,PELP1,0,0,0,0,0
1307,HDLBP,0,0,0,0,0
1308,COL4A4,1,0,0,0,0
1309,PRDX5,0,0,0,0,0
1310,ITK,0,0,0,0,0
1311,WDR5,0,0,0,0,0
1312,LOX,1,1,0,1,0
1313,SNRNP48,0,0,0,0,0
1314,MAP3K8,0,0,0,0,0
1315,RPL14,0,0,0,0,0
1316,FAM107B,0,0,0,0,0
1317,PDK4,0,0,0,0,0
1318,GAGE2E,0,0,0,0,0
1319,NADSYN1,0,0,0,0,0
1320,ARFIP1,0,0,0,0,0
1321,ZFYVE19,0,0,0,0,0
1322,CCL14,0,0,0,0,0
1323,CSF1R,0,0,0,0,0
1324,SMAD9,0,0,0,0,1
1325,GAA,0,0,0,1,1
1326,BCL10,0,0,0,0,0
1327,PIGC,0,0,0,0,0
1328,DCSTAMP,0,0,0,0,0
1329,AP2A1,0,0,0,0,0
1330,TGFBI,0,0,0,0,0
1331,MAPKAP1,0,0,0,0,0
1332,APOBEC3B,0,0,0,0,0
1333,PAICS,0,0,0,0,0
1334,PDXK,0,0,0,0,0
1335,POR,0,0,0,0,0
1336,PPP1R15B,0,0,0,0,0
1337,HAUS4,0,0,0,0,0
1338,PTPRA,0,0,0,0,0
1339,LTBP1,0,0,0,0,0
1340,SAR1B,0,0,0,0,0
1341,LMBRD1,0,0,0,0,0
1342,PGA3,0,0,0,0,0
1343,HYPK,0,0,0,0,0
1344,PANX2,0,0,0,0,0
1345,LIMS1,0,0,0,0,0
1346,KCNIP3,0,0,0,0,0
1347,CRYAB,1,0,0,0,0
1348,LDLRAP1,0,1,1,0,0
1349,YIPF4,0,0,0,0,0
1350,LCTL,0,0,0,0,0
1351,RUNX1,0,0,0,0,0
1352,SNU13,0,0,0,0,0
1353,AK7,0,0,0,0,0
1354,MYO5A,0,0,0,0,0
1355,KDM5B,0,0,0,0,0
1356,RSPH9,0,0,0,0,0
1357,C12orf65,0,0,0,0,0
1358,MECP2,0,0,0,1,1
1359,RPN1,0,0,0,0,0
1360,SEC22C,0,0,0,0,0
1361,CREBZF,0,0,0,0,0
1362,PRKCSH,0,0,0,0,0
1363,FXYD1,0,0,0,0,0
1364,VPS28,0,0,0,0,0
1365,OPA3,0,0,0,0,0
1366,INPPL1,0,0,0,0,0
1367,FBXL4,0,0,0,0,0
1368,GUK1,0,0,0,0,0
1369,TMC2,0,0,0,0,0
1370,ITGA7,0,0,0,0,0
1371,LMOD2,0,0,0,0,0
1372,TPI1,0,0,1,0,1
1373,ASB18,0,0,0,0,0
1374,MTFMT,0,0,0,0,0
1375,SETD2,0,0,0,0,0
1376,TIMP2,1,0,1,0,0
1377,CBR1,0,0,0,0,0
1378,KRT20,0,0,0,0,0
1379,MRPL15,0,0,0,0,0
1380,CCDC39,0,0,0,0,0
1381,IFNB1,0,0,0,0,0
1382,TCN2,0,0,0,0,0
1383,PI4K2A,0,0,0,0,0
1384,APCS,1,0,0,0,0
1385,TFAM,0,0,0,0,0
1386,IFNAR2,0,0,0,0,0
1387,LUC7L2,0,0,0,0,0
1388,INHBE,0,0,0,0,0
1389,STK25,0,0,0,0,0
1390,NES,0,0,0,0,0
1391,GOSR1,0,0,0,0,0
1392,IRF2BP2,0,0,0,0,0
1393,CYP26C1,0,0,0,0,0
1394,PROM1,0,0,0,0,0
1395,COL21A1,0,0,0,0,0
1396,CD48,0,0,0,0,0
1397,PLA2G2D,0,0,0,0,0
1398,PCNA,0,0,0,0,0
1399,FBXL16,0,0,0,0,0
1400,FAN1,0,0,0,0,0
1401,HOXC9,0,0,0,0,0
1402,NDUFS2,0,0,0,0,1
1403,ATP2B4,0,0,0,0,0
1404,SRP72,0,0,0,0,0
1405,TSPO,0,0,0,0,0
1406,ASB7,0,0,0,0,0
1407,LCA5,0,0,0,0,0
1408,MAT1A,0,0,0,0,0
1409,VAV1,0,0,0,0,0
1410,RPL38,0,0,0,0,0
1411,ATP2A2,0,0,0,0,0
1412,NECAP2,0,0,0,0,0
1413,PIH1D1,0,0,0,0,0
1414,KCNJ11,0,0,0,0,0
1415,TIMM50,0,0,0,0,0
1416,TNNC1,0,0,0,0,0
1417,LNP1,0,0,0,0,0
1418,ORC6,0,0,0,0,0
1419,HNRNPA3,0,0,0,0,0
1420,NT5C1B-RDH14,0,0,0,0,0
1421,OS9,0,0,0,0,0
1422,CPSF1,0,0,0,0,0
1423,ATP5IF1,0,0,0,0,0
1424,H2BC10,0,0,0,0,0
1425,TNKS2,0,0,0,0,0
1426,PDK2,0,0,0,0,0
1427,EVPL,0,0,0,0,0
1428,POLRMT,0,0,0,0,0
1429,FSHR,0,0,0,0,0
1430,RAB6A,0,0,0,0,0
1431,PIGF,0,0,0,0,0
1432,RASSF8,0,0,0,0,0
1433,MED12,0,0,0,0,0
1434,CPSF6,0,0,0,0,0
1435,TBKBP1,0,0,0,0,0
1436,PCYOX1,0,0,0,0,0
1437,COL1A2,1,0,0,0,1
1438,HBA1,0,0,0,0,1
1439,HABP2,0,0,0,0,0
1440,HTRA2,0,0,0,0,0
1441,RAD21,0,0,0,0,0
1442,TBL1X,0,0,0,0,0
1443,COX4I1,0,0,0,0,0
1444,YY1,0,0,0,0,0
1445,CCT8,0,0,0,0,0
1446,C15orf65,0,0,0,0,0
1447,SQOR,0,0,0,0,0
1448,PARP6,0,0,0,0,0
1449,GEMIN4,0,0,0,0,0
1450,ITPK1,0,0,0,0,0
1451,BUD13,0,0,0,0,0
1452,PGAM2,0,0,0,0,0
1453,PSMA3,0,0,0,0,0
1454,AP5B1,0,0,0,0,0
1455,SPI1,0,0,0,0,0
1456,ATP5F1E,0,0,0,0,0
1457,CAP2,0,0,0,0,0
1458,TNIP1,0,0,0,0,0
1459,TTC30B,0,0,0,0,0
1460,MTHFD2L,0,0,0,0,0
1461,TAPT1,0,0,0,0,0
1462,DMC1,0,0,0,0,0
1463,LPCAT2,0,0,0,0,0
1464,COL23A1,0,0,0,0,0
1465,NT5C1B,0,0,0,0,0
1466,SLN,0,0,0,0,0
1467,GNGT2,0,0,0,0,0
1468,AMBN,0,0,0,0,0
1469,PPIG,0,0,0,0,0
1470,RAB31,0,0,0,0,0
1471,PEX5,0,0,0,0,0
1472,PAM16,0,0,0,0,0
1473,EEF2K,0,0,0,0,0
1474,PIAS2,0,0,0,0,0
1475,CD79A,0,0,0,0,0
1476,FKTN,0,0,0,0,0
1477,KLHL3,0,0,0,0,0
1478,ARMC7,0,0,0,0,0
1479,TTK,0,0,0,0,0
1480,TNFSF10,0,0,0,0,0
1481,AOX1,0,0,0,0,0
1482,DAZAP1,0,0,0,0,0
1483,CCDC121,0,0,0,0,0
1484,TCIRG1,0,0,0,0,0
1485,ADH1A,0,0,0,0,0
1486,FDFT1,0,0,0,0,0
1487,TLL1,0,0,0,1,1
1488,CD80,0,0,0,0,0
1489,EIF1B,0,0,0,0,0
1490,SNRPB,0,0,0,0,0
1491,CCDC115,0,0,0,0,0
1492,GNL2,0,0,0,0,0
1493,NOS1AP,0,0,0,0,0
1494,NRF1,0,0,0,0,0
1495,AURKB,0,0,0,0,0
1496,DPYSL4,0,0,0,0,0
1497,RAD1,0,0,0,0,0
1498,TULP3,0,0,0,0,0
1499,HAL,0,0,0,0,0
1500,FGFR2,0,0,0,0,0
1501,LMNB1,0,0,0,0,0
1502,PRDM1,0,0,0,0,0
1503,PLXNB3,0,0,0,0,0
1504,IL12A,0,0,0,0,0
1505,MRPL3,0,0,0,0,0
1506,ASAP1,0,0,0,0,0
1507,MEAF6,0,0,0,0,0
1508,INO80D,0,0,0,0,0
1509,CD96,0,0,0,0,0
1510,CENPN,0,0,0,0,0
1511,PARP9,0,0,0,0,0
1512,RAB1A,0,0,0,0,0
1513,CLDN11,0,0,0,0,0
1514,ADK,0,0,0,0,0
1515,TRIM71,0,0,0,0,0
1516,MCM10,0,0,0,0,0
1517,EIF3I,0,0,0,0,0
1518,ERVFRD-1,0,0,0,0,0
1519,MEIS1,0,0,0,0,0
1520,CLC,0,0,0,0,0
1521,CADM4,0,0,0,0,0
1522,PA2G4,0,0,0,0,0
1523,VDAC3,0,0,0,0,0
1524,ULK2,0,0,0,0,0
1525,SHH,0,0,0,0,0
1526,TNFRSF9,0,0,0,0,0
1527,LGR5,0,0,0,0,0
1528,EFNA2,0,0,0,0,0
1529,WBP4,0,0,0,0,0
1530,EIF2D,0,0,0,0,0
1531,POLR3GL,0,0,0,0,0
1532,ARF1,0,0,0,0,0
1533,DAXX,0,0,0,0,0
1534,TFB1M,0,0,0,0,0
1535,KMT5C,0,0,0,0,0
1536,AR,0,0,0,0,0
1537,NME6,0,0,0,0,0
1538,PLEKHA3,0,0,0,0,0
1539,RABGGTB,0,0,0,0,0
1540,VANGL1,0,0,0,0,0
1541,CFAP126,0,0,0,0,0
1542,CBS,1,0,1,1,0
1543,AP1B1,0,0,0,0,0
1544,PNPLA1,0,0,0,0,0
1545,SESN2,0,0,0,0,0
1546,GTF2IRD1,0,0,0,0,0
1547,HABP4,0,0,0,0,0
1548,KL,0,0,0,0,0
1549,STRBP,0,0,0,0,0
1550,NDUFAF6,0,0,0,0,0
1551,MT-CO2,0,0,0,1,1
1552,ALDOC,0,0,0,0,0
1553,KCNJ18,0,0,0,0,0
1554,RAC3,0,0,0,0,0
1555,DHX37,0,0,0,0,0
1556,STMN4,0,0,0,0,0
1557,COMMD3-BMI1,0,0,0,0,0
1558,GFAP,0,0,0,0,0
1559,SUMO2,0,0,0,0,0
1560,ZNF569,0,0,0,0,0
1561,RNGTT,0,0,0,0,0
1562,UBTF,0,0,0,0,0
1563,SEM1,0,0,0,0,0
1564,POMT2,0,0,0,0,0
1565,BDKRB1,0,0,0,0,0
1566,CENPK,0,0,0,0,0
1567,MMP8,0,0,0,0,0
1568,MSH3,0,0,0,0,0
1569,GRIN1,0,0,0,0,0
1570,PPP1R3F,0,0,0,0,0
1571,HK2,0,0,0,0,0
1572,UBAP2L,0,0,0,0,0
1573,NOB1,0,0,0,0,0
1574,ZEB1,0,0,0,0,0
1575,NCAPG,0,0,0,0,0
1576,NEFM,0,0,0,0,0
1577,FUT7,0,0,0,0,0
1578,LONP1,0,0,0,1,0
1579,BEX3,0,0,0,0,0
1580,SLC25A1,0,0,0,0,0
1581,HUS1,0,0,0,0,0
1582,UGT1A3,0,0,0,0,0
1583,GALM,0,0,0,0,0
1584,GCG,0,0,0,0,0
1585,MAN1B1,0,0,0,0,0
1586,EEF1G,0,0,0,0,0
1587,H2AC4,0,0,0,0,0
1588,DTNB,0,0,0,0,0
1589,TRIB2,0,0,0,0,0
1590,EIF2S1,0,0,0,0,0
1591,SYT1,0,0,0,0,0
1592,SLA,0,0,0,0,0
1593,RSF1,0,0,0,0,0
1594,DPF3,0,0,0,0,0
1595,AURKAIP1,0,0,0,0,0
1596,BRCA2,0,0,0,0,0
1597,PRODH,0,0,0,0,0
1598,PEBP4,0,0,0,0,0
1599,AKT1,0,0,0,0,0
1600,GARS1,0,0,0,0,0
1601,TFPI,0,0,0,0,0
1602,TRAPPC3L,0,0,0,0,0
1603,PUM2,0,0,0,0,0
1604,MRPL52,0,0,0,0,0
1605,ALG9,0,0,0,0,0
1606,CWC15,0,0,0,0,0
1607,FBXL18,0,0,0,0,0
1608,LYRM4,0,0,0,0,0
1609,ALPL,0,0,0,0,0
1610,IGF2R,0,0,0,0,0
1611,NOL6,0,0,0,0,0
1612,FZD1,0,0,0,0,0
1613,MT-ND4L,0,0,0,0,0
1614,PPIA,0,0,1,0,0
1615,TOMM20L,0,0,0,0,0
1616,NPSR1,0,0,0,0,0
1617,CACNA2D1,0,0,0,0,0
1618,SRGAP3,0,0,0,0,0
1619,CHCHD1,0,0,0,0,0
1620,KIR2DL3,0,0,0,0,0
1621,STX10,0,0,0,0,0
1622,VPREB1,0,0,0,0,0
1623,CACNA1D,0,0,0,0,0
1624,SLCO6A1,0,0,0,0,0
1625,PFDN6,0,0,0,0,0
1626,EPHA2,0,0,0,0,0
1627,APOL1,0,0,0,0,0
1628,PAXIP1,0,0,0,0,0
1629,MYO1C,0,0,0,0,0
1630,DPM1,0,0,0,0,0
1631,CAPZA2,0,0,0,0,0
1632,ARHGDIB,0,0,0,0,0
1633,DEFB127,0,0,0,0,0
1634,FGF21,0,0,0,0,0
1635,EDEM3,0,0,0,0,0
1636,OXNAD1,0,0,0,0,0
1637,USE1,0,0,1,0,0
1638,COX6A1,0,0,0,0,0
1639,RPS6KA5,0,0,0,0,0
1640,TFAP2C,0,0,0,0,0
1641,UGT1A1,0,0,0,0,0
1642,GNA14,0,0,0,0,0
1643,ZEB2,0,0,0,0,0
1644,ID2,0,0,0,0,0
1645,RBM39,0,0,0,0,0
1646,FBXO11,0,0,0,0,0
1647,BCL7C,0,0,0,0,0
1648,CADM1,0,0,0,0,0
1649,DNAH3,0,0,0,0,0
1650,BMF,0,0,0,0,0
1651,MAP3K2,0,0,0,0,0
1652,ACTA2,1,1,0,1,0
1653,REV1,0,0,0,0,0
1654,ATG3,0,0,0,0,0
1655,UTP14C,0,0,0,0,0
1656,KLF4,0,0,0,0,0
1657,GOLGA2,0,0,0,0,0
1658,DOHH,0,0,0,0,0
1659,KIAA1614,0,0,0,0,0
1660,LGALS2,0,0,0,0,0
1661,EXOC3,0,0,0,0,0
1662,ID4,0,0,0,0,0
1663,HSD3B1,0,0,0,0,0
1664,DNAJC12,0,0,0,0,0
1665,LDHA,0,0,0,0,0
1666,CACNA2D3,0,0,0,0,0
1667,CDHR2,0,0,0,0,0
1668,UBLCP1,0,0,0,0,0
1669,RPS13,0,0,0,0,0
1670,TSR3,0,0,0,0,0
1671,OGT,0,0,0,0,0
1672,SEC11C,0,0,0,0,0
1673,CNKSR2,0,0,0,0,0
1674,HMGB1,0,0,0,0,0
1675,NOX4,0,0,0,0,0
1676,KCNMA1,0,0,0,1,0
1677,EHMT2,0,0,0,0,0
1678,MRPL30,0,0,0,0,0
1679,ANAPC16,0,0,0,0,0
1680,MAP4K5,0,0,0,0,0
1681,BMP8B,0,0,0,0,0
1682,GALNT11,0,0,0,0,0
1683,INMT,0,0,0,0,0
1684,LSM3,0,0,0,0,0
1685,DBNL,0,0,0,0,0
1686,CASK,0,0,0,0,0
1687,SLC2A4,0,0,0,0,0
1688,FZD2,0,0,0,0,0
1689,UBE2G1,0,0,0,0,0
1690,TXNL1,0,0,0,0,0
1691,PGC,0,0,0,0,0
1692,REG1B,0,0,0,0,0
1693,RAB3IP,0,0,0,0,0
1694,E2F5,0,0,0,0,0
1695,MBP,0,0,0,0,0
1696,GABRA4,0,0,0,0,0
1697,GABPA,0,0,0,0,0
1698,RPL11,0,0,0,0,0
1699,ZNF830,0,0,0,0,0
1700,RELB,0,0,0,0,0
1701,COIL,0,0,0,0,0
1702,MMP15,0,0,0,0,0
1703,NUDT9,0,0,0,0,0
1704,MXD4,0,0,0,0,0
1705,ACOT13,0,0,0,0,0
1706,KCNK5,0,0,0,0,0
1707,HORMAD2,0,0,0,0,0
1708,NOP9,0,0,0,0,0
1709,TRIP13,0,0,0,0,0
1710,GJB2,0,0,0,0,0
1711,SERPINE2,0,0,0,0,0
1712,AFF3,0,0,0,0,0
1713,SEL1L,0,0,0,0,0
1714,UBAC2,0,0,0,0,0
1715,SMC4,0,0,0,0,0
1716,CATSPER3,0,0,0,0,0
1717,SUZ12,0,0,0,0,0
1718,CTR9,0,0,0,0,0
1719,CABIN1,0,0,0,0,0
1720,U3KQP1_HUMAN,0,0,0,0,0
1721,TET2,0,0,0,1,1
1722,GATC,0,0,0,0,0
1723,MRPL51,0,0,0,0,0
1724,LCT,0,0,0,0,0
1725,SLC2A14,0,0,0,0,0
1726,CERT1,0,0,0,0,0
1727,ALDH1B1,0,0,0,0,0
1728,ADNP,0,0,0,0,0
1729,MCAT,0,0,0,0,0
1730,RNMT,0,0,0,0,0
1731,WWTR1,0,0,0,0,0
1732,DNTTIP2,0,0,0,0,0
1733,UGT1A10,0,0,0,0,0
1734,UBE2M,0,0,0,0,0
1735,PKD1L3,0,0,0,0,0
1736,MRPL21,0,0,0,0,0
1737,EIF4B,0,0,0,0,0
1738,TMBIM4,0,0,0,0,0
1739,PPP1R3B,0,0,0,0,0
1740,ARRB2,0,0,0,0,0
1741,ACADL,0,0,0,0,0
1742,MLEC,0,0,0,0,0
1743,TMEM97,0,0,0,0,0
1744,HMGCS1,0,0,0,0,0
1745,CRYAA,0,0,0,0,0
1746,CYP2D6,0,0,0,0,0
1747,TUBB2B,0,0,0,0,0
1748,TP53I13,0,0,0,0,0
1749,LYZL1,0,0,0,0,0
1750,NEUROD1,0,0,0,0,0
1751,RPS6KA3,0,0,0,0,0
1752,FBL,0,0,0,0,0
1753,H2BC11,1,0,0,0,0
1754,SOD1,0,0,0,0,0
1755,HAT1,0,0,0,0,0
1756,FBXL6,0,0,0,0,0
1757,TGFBR3,0,0,0,0,0
1758,NACA,0,0,0,0,0
1759,FRAT2,0,0,0,0,0
1760,CNTN4,0,0,0,0,0
1761,MCAM,0,0,0,0,0
1762,SMC5,0,0,0,0,0
1763,CWC25,0,0,0,0,0
1764,NAA20,0,0,0,0,0
1765,IL17F,0,0,0,0,0
1766,BCS1L,0,0,0,0,0
1767,INSL5,0,0,0,0,0
1768,MAVS,0,0,0,0,0
1769,CCL24,0,0,0,0,0
1770,NDUFAB1,0,0,0,0,0
1771,SLC22A13,0,0,0,0,0
1772,STAU1,0,0,0,0,0
1773,ATP6V0E2,0,0,0,0,0
1774,ESR2,0,0,0,0,0
1775,IL4I1,0,0,0,0,0
1776,CACNG2,0,0,0,0,0
1777,DAD1,0,0,0,0,0
1778,EXOSC6,0,0,0,0,0
1779,DCAF6,0,0,0,0,0
1780,RMI1,0,0,0,0,0
1781,CLOCK,0,0,0,0,0
1782,CD8B2,0,0,0,0,0
1783,TEKT2,0,0,0,0,0
1784,HAS1,0,0,0,0,0
1785,CDC5L,0,0,0,1,0
1786,ATG4D,0,0,0,0,0
1787,CMPK2,0,0,0,0,0
1788,STK39,0,0,0,0,0
1789,NAGS,0,0,0,1,0
1790,MCCC1,0,0,0,0,0
1791,POT1,0,0,0,0,0
1792,BMPR2,0,0,0,0,1
1793,SWI5,0,0,0,0,0
1794,SLC25A31,0,0,0,0,0
1795,TYR,0,0,0,0,0
1796,LOC112694756,0,0,0,0,0
1797,FOXM1,0,0,0,0,0
1798,PLPP5,0,0,0,0,0
1799,ABCA12,0,0,0,0,0
1800,LMO2,0,0,0,0,0
1801,SCN5A,0,0,0,1,1
1802,PRLH,0,0,0,0,0
1803,GSC2,0,0,0,0,0
1804,NAPSA,0,0,0,0,0
1805,SURF4,0,0,0,0,0
1806,ABI2,0,0,0,0,0
1807,BCL7A,0,0,0,0,0
1808,TGFA,0,0,0,0,0
1809,RALYL,0,0,0,0,0
1810,GAS6,1,0,0,0,0
1811,HSBP1,0,0,0,0,0
1812,FZD8,0,0,0,0,0
1813,RAD54L,0,0,0,0,0
1814,LCAT,0,0,0,0,0
1815,EPC1,0,0,0,0,0
1816,VASH1,0,0,0,0,0
1817,ATP6V1B2,0,0,0,0,0
1818,MTNR1A,0,0,0,0,0
1819,TRA2A,0,0,0,0,0
1820,BRIX1,0,0,0,0,0
1821,HOXA2,0,0,0,0,0
1822,NHP2,0,0,0,0,0
1823,CHRM5,0,0,0,0,0
1824,MMP9,1,0,0,0,0
1825,CA5A,0,0,0,0,0
1826,KLHL41,0,0,0,0,0
1827,CELA2B,0,0,0,0,0
1828,DONSON,0,0,0,0,0
1829,ATP5MG,0,0,0,0,0
1830,UMPS,0,0,0,0,0
1831,UGT1A9,0,0,0,0,0
1832,CHD1L,0,0,0,0,0
1833,ANP32A,0,0,0,0,0
1834,CNPY3,0,0,0,0,0
1835,SNW1,0,0,0,0,0
1836,JAM2,0,0,0,0,0
1837,HOXC4,0,0,0,0,0
1838,VCAM1,0,0,0,0,0
1839,UTP15,0,0,0,0,0
1840,DHRS11,0,0,0,0,0
1841,SPCS3,0,0,0,0,0
1842,AP1G1,0,0,0,0,0
1843,HBS1L,0,0,0,0,0
1844,TBC1D25,0,0,0,0,0
1845,COA1,0,0,0,0,0
1846,VPS37B,0,0,0,0,0
1847,ALDH9A1,0,0,0,0,0
1848,APOC2,0,0,0,0,0
1849,CREBL2,0,0,0,0,0
1850,FTCDNL1,0,0,0,0,0
1851,RPL26L1,0,0,0,0,0
1852,AGTRAP,0,0,0,0,0
1853,MED10,0,0,0,0,0
1854,HK3,0,0,0,0,0
1855,KDSR,0,0,0,0,0
1856,PPAT,0,0,0,0,0
1857,CYP4F2,0,0,0,0,0
1858,CALCOCO1,0,0,0,0,0
1859,MATR3-2,0,0,0,0,0
1860,PPP1CC,0,0,0,0,0
1861,SUPT3H,0,0,0,0,0
1862,FUBP1,0,0,0,0,0
1863,NT5C3A,0,0,0,0,0
1864,VWF,0,0,0,0,0
1865,NNMT,0,0,0,0,0
1866,NUF2,0,0,0,0,0
1867,DEPDC5,0,0,0,0,0
1868,PIK3R5,0,0,0,0,0
1869,TSTD1,0,0,0,0,0
1870,SUFU,0,0,0,0,0
1871,PPP2R2D,0,0,0,0,0
1872,RYR3,0,0,0,0,0
1873,IDH2,0,0,0,0,0
1874,MRC1,0,0,0,0,0
1875,LEFTY2,0,0,0,0,0
1876,MED31,0,0,0,0,0
1877,CPT1B,0,0,0,0,0
1878,RBP4,1,0,0,0,0
1879,ANAPC7,0,0,0,0,0
1880,CLIP2,0,0,0,0,0
1881,PLXNA1,0,0,0,0,0
1882,SGCA,0,0,0,0,0
1883,SSRP1,0,0,0,0,0
1884,DPF1,0,0,0,0,0
1885,STX7,0,0,0,0,0
1886,CDK4,0,0,0,0,0
1887,MTCH1,0,0,0,0,0
1888,BRF2,0,0,0,0,0
1889,CPEB3,0,0,0,0,0
1890,VEGFB,0,1,0,0,0
1891,OASL,0,0,0,0,0
1892,IRF2BP1,0,0,0,0,0
1893,UBN2,0,0,0,0,0
1894,COX7B,0,0,0,0,0
1895,RANBP2,0,0,0,0,0
1896,UPF1,0,0,0,0,0
1897,PDPK1,0,0,0,0,0
1898,SLIT2,0,0,0,0,0
1899,AMDHD2-2,0,0,0,0,0
1900,EEF1AKMT1,0,0,0,0,0
1901,CLDN12,0,0,0,0,0
1902,BFSP1,0,0,0,0,0
1903,RGS9,0,0,0,0,0
1904,KRTDAP,0,0,0,0,0
1905,TIMM44,0,0,0,0,0
1906,ATP6V1C1,0,0,0,0,0
1907,TTC1,0,0,0,0,0
1908,KRT8,0,0,0,0,0
1909,NUP133,0,0,0,0,0
1910,CERKL,0,0,0,0,0
1911,SULT1A1,0,0,0,0,0
1912,DHX9,0,0,0,0,0
1913,FFAR1,0,0,0,0,0
1914,OSBP2,0,0,0,0,0
1915,CCL2,0,0,0,0,0
1916,ETV6,0,0,0,0,0
1917,CARD11,0,0,0,0,0
1918,GRXCR2,0,0,0,0,0
1919,SGMS1,0,0,0,0,0
1920,DKK4,0,0,0,0,0
1921,STK24,0,0,0,0,0
1922,RPL37A,0,0,0,0,0
1923,NCF4,0,0,0,0,0
1924,GNAT2,0,0,0,0,0
1925,ATP6V1G1,0,0,0,0,0
1926,ATF1,0,0,0,0,0
1927,PRLR,0,0,0,0,0
1928,RUNX1T1,0,0,0,0,0
1929,U2AF2,0,0,0,0,0
1930,ADH6,0,0,0,0,0
1931,IBSP,0,0,0,0,0
1932,ZAP70,0,0,0,1,0
1933,FOXL2,0,0,0,0,0
1934,TK1,0,0,0,0,0
1935,C1QA,0,0,0,0,0
1936,XCL2,0,0,0,0,0
1937,PRICKLE1,0,0,0,0,0
1938,CCDC103,0,0,0,0,0
1939,CEL,0,0,0,0,0
1940,PTPN6,0,0,0,0,0
1941,PLEK2,0,0,0,0,0
1942,KLHDC1,0,0,0,0,0
1943,STX3,0,0,0,0,0
1944,CCL23,0,0,0,0,0
1945,RAB2A,0,0,0,0,0
1946,SENP3,0,0,0,0,0
1947,STX5,0,0,0,0,0
1948,GNL3,0,0,0,0,0
1949,RHPN1,0,0,0,0,0
1950,ATXN2L,0,0,0,0,0
1951,ANXA5,0,0,0,0,0
1952,SNRNP25,0,0,0,0,0
1953,COA6,0,0,0,0,0
1954,FAM20C,0,0,0,0,0
1955,TUBAL3,0,0,0,0,0
1956,BAZ2A,0,0,0,0,0
1957,FZD10,0,0,0,0,0
1958,H4C11,0,0,0,0,0
1959,KDM5D,0,0,0,0,0
1960,CD244,0,0,0,0,0
1961,CSNK1E,0,0,0,0,0
1962,RAP1B,0,0,0,0,0
1963,TRPV4,0,0,0,0,0
1964,DUT,0,0,0,0,0
1965,POLR2L,0,0,0,0,0
1966,SLC7A14,0,0,0,0,0
1967,TMC1,0,0,0,0,0
1968,NDC1,0,0,0,0,0
1969,CD4,0,0,0,0,0
1970,IFNA13,0,0,0,0,0
1971,MRPL36,0,0,0,0,0
1972,PWWP3A,0,0,0,0,0
1973,PDIA3,0,0,0,0,0
1974,CERS3,0,0,0,0,0
1975,TKFC,0,0,0,0,0
1976,AATF,0,0,0,0,0
1977,UGT1A8,0,0,0,0,0
1978,ISL1,0,0,0,0,0
1979,PGA4,0,0,0,0,0
1980,FBXO9,0,0,0,0,0
1981,SP100,0,0,0,0,0
1982,LTN1,0,0,0,0,0
1983,CELSR2,0,0,0,0,0
1984,NUTF2,0,0,0,0,0
1985,NCK1,0,0,0,0,0
1986,DENND1A,0,0,0,0,0
1987,H2AC16,0,0,0,0,0
1988,DDX56,0,0,0,0,0
1989,GZMH,0,0,0,0,0
1990,DUSP16,0,0,0,0,0
1991,BLZF1,0,0,0,0,0
1992,LTBP3,0,0,0,0,0
1993,ERLEC1,0,0,0,0,0
1994,IL9,0,0,0,0,0
1995,GAGE2A,0,0,0,0,0
1996,TOX3,0,0,0,0,0
1997,IFT22,0,0,0,0,0
1998,ENO4,0,0,0,0,0
1999,CDCA8,0,0,0,0,0
2000,RBM19,0,0,0,0,0
2001,ALYREF,0,0,0,0,0
2002,MYBPC3,0,0,0,1,1
2003,RIC8A,0,0,0,0,0
2004,MLF2,0,0,0,0,0
2005,FUOM,0,0,0,0,0
2006,PIP4K2B,0,0,0,0,0
2007,STRN3,0,0,0,0,0
2008,PABPC1L,0,0,0,0,0
2009,CBX5,0,0,0,0,0
2010,PLPP3,0,0,0,0,0
2011,APOBEC3D,0,0,0,0,0
2012,RGS2,0,0,0,0,0
2013,UGT2A3,0,0,0,0,0
2014,PRRG1,0,0,0,0,0
2015,DDX3X,0,0,0,0,0
2016,MMP16,0,0,0,0,0
2017,IRS1,0,0,0,0,0
2018,FBXO28,0,0,0,0,0
2019,USP8,0,0,0,0,0
2020,PSMD1,0,0,0,0,0
2021,SHOX,0,0,0,0,0
2022,BPTF,0,0,0,0,0
2023,CRYZL1,0,0,0,0,0
2024,SLC12A1,0,0,0,0,0
2025,PBX2,0,0,0,0,0
2026,GRIP2,0,0,0,0,0
2027,HAUS2,0,0,0,0,0
2028,TUBA8,0,0,0,0,0
2029,SYN2,0,0,0,0,0
2030,MBTPS2,0,0,0,0,0
2031,PRLHR,0,0,0,0,0
2032,IFT74,0,0,0,0,0
2033,DUSP3,0,0,0,0,0
2034,PLA2G10,0,0,0,0,0
2035,ESR1,0,0,0,0,0
2036,CD200R1,0,0,0,0,0
2037,C8G,1,0,0,0,0
2038,KRT16,0,0,0,0,0
2039,SYN1,0,0,0,0,0
2040,PTPRS,0,0,0,0,0
2041,AP3S2,0,0,0,0,0
2042,GRPR,0,0,0,0,0
2043,WNT6,0,0,0,0,0
2044,COG3,0,0,0,0,0
2045,SLC7A2,0,0,0,0,0
2046,NDUFS1,0,0,0,0,0
2047,PIP4K2A,0,0,0,0,0
2048,SPEN,0,0,0,0,0
2049,IFI27,0,0,0,0,0
2050,ATP4B,0,0,0,0,0
2051,ATG4C,0,0,0,0,0
2052,CASP9,0,0,0,0,0
2053,CD248,0,0,0,0,0
2054,NDC80,0,0,0,0,0
2055,FBXW5,0,0,0,0,0
2056,MYBPC1,0,0,0,0,0
2057,NEU1,0,0,0,0,0
2058,IL16,0,0,0,0,0
2059,ARID2,0,0,0,0,0
2060,STAM,0,0,0,0,0
2061,SMARCC2,0,0,0,0,0
2062,TACC1,0,0,0,0,0
2063,CRP,1,1,1,0,1
2064,ENO3,0,0,0,0,0
2065,GLS2,0,0,0,0,0
2066,GID4,0,0,0,0,0
2067,RPS12,0,0,0,0,0
2068,MT-ND5,0,0,0,1,1
2069,ZNF91,0,0,0,0,0
2070,OPN4,0,0,0,0,0
2071,GPC1,0,0,0,0,0
2072,GPN1,0,0,0,0,0
2073,PDZK1,0,0,0,0,0
2074,COX6B1,0,0,0,0,0
2075,PIGW,0,0,0,0,0
2076,MYO6,0,0,0,0,0
2077,KLC2,0,0,0,0,0
2078,CDK5R1,0,0,0,0,0
2079,SPCS1,0,0,0,0,0
2080,F13B,0,0,0,0,0
2081,DHTKD1,0,0,0,0,0
2082,SSH3,0,0,0,0,0
2083,RRAD,0,0,0,0,0
2084,DUSP2,0,0,0,0,0
2085,NRDC,0,0,0,0,0
2086,RSU1,0,0,0,0,0
2087,CD8B,0,0,0,0,0
2088,CLIC2,0,0,0,0,1
2089,P2RY6,0,0,0,0,0
2090,RAB3B,0,0,0,0,0
2091,PSMB3,0,0,0,1,0
2092,EDEM1,0,0,0,0,0
2093,NLRP8,0,0,0,0,0
2094,GNAZ,0,0,0,0,0
2095,ITIH3,0,0,0,0,0
2096,LAS1L,0,0,0,0,0
2097,PECAM1,0,0,0,0,0
2098,CMTM1,0,0,0,0,0
2099,STN1,0,0,0,0,0
2100,MRPL44,0,0,0,0,0
2101,UBE2F,0,0,0,0,0
2102,EXTL3,0,0,0,0,0
2103,RORB,0,0,0,0,0
2104,KIF3A,0,0,0,0,0
2105,IRF1,0,0,0,0,0
2106,SKP2,0,0,0,0,0
2107,HNRNPU,0,0,0,0,0
2108,TGM1,0,0,0,0,0
2109,MAF1,0,0,0,0,0
2110,ELOVL4,0,0,0,0,0
2111,PPARGC1A,0,0,0,0,0
2112,U2AF1,0,0,0,0,0
2113,PARP4,0,0,0,0,0
2114,PRAMEF6,0,0,0,0,0
2115,DDX23,0,0,0,0,0
2116,VRK2,0,0,0,0,0
2117,FZR1,0,0,0,0,0
2118,SRPRB,0,0,0,0,0
2119,DCAF13,0,0,0,0,0
2120,PSTPIP1,0,0,0,0,0
2121,USF1,0,0,0,0,0
2122,CD37,0,0,0,0,0
2123,FAS,0,0,0,0,0
2124,PPY,0,0,0,0,0
2125,PHKG1,0,0,0,0,0
2126,CHML,0,0,0,0,0
2127,DOK1,0,0,0,0,0
2128,SUCLG1,0,0,0,0,0
2129,KPNA2,0,0,0,0,0
2130,AKR7A2,0,0,0,0,0
2131,MYH6,0,0,0,1,1
2132,PRMT1,0,0,0,0,0
2133,PPP1CB,0,1,0,0,0
2134,MED13,0,0,0,0,0
2135,KDM4A,0,0,0,0,0
2136,MTMR14,0,0,0,0,0
2137,ITGAM,0,0,0,0,0
2138,TRADD,0,0,0,0,0
2139,DCAF15,0,0,0,0,0
2140,AK6,0,0,0,0,0
2141,EPS15L1,0,0,0,0,0
2142,DCUN1D1,0,0,0,0,0
2143,KIF23,0,0,0,0,0
2144,MLLT3,0,0,0,0,0
2145,DNASE2,0,0,0,0,0
2146,PGRMC1,0,0,0,0,0
2147,MCM2,0,0,0,0,0
2148,H2BC14,0,0,0,0,0
2149,BCAT1,0,0,0,0,0
2150,DOLPP1,0,0,0,0,0
2151,ENTPD3,0,0,0,0,0
2152,PRKG2,0,0,0,0,0
2153,CD177,0,0,0,0,0
2154,MAD2L2,0,0,0,0,0
2155,TARS2,0,0,0,0,0
2156,VPS26C,0,0,0,0,0
2157,MTUS2,0,0,0,0,0
2158,APOF,0,0,0,0,0
2159,B4GALT6,0,0,0,0,0
2160,PRRG2,0,0,0,0,0
2161,GOLT1B,0,0,0,0,0
2162,SSU72P4,0,0,0,0,0
2163,ESRRA,0,0,0,0,0
2164,CNOT11,0,0,0,0,0
2165,TPCN2,0,0,0,0,0
2166,HERC5,0,0,0,0,0
2167,SCN11A,0,0,0,0,0
2168,INTS8,0,0,0,0,0
2169,NXF2B,0,0,0,0,0
2170,DHX16,0,0,0,0,0
2171,IFT20,0,0,0,0,0
2172,QDPR,0,0,0,0,0
2173,ARHGAP9,0,0,0,0,0
2174,ATG12,0,0,0,0,0
2175,NFIA,0,0,0,1,0
2176,TCEA3,0,0,0,0,0
2177,DARS2,0,0,0,0,0
2178,CNOT9,0,0,0,0,0
2179,FASLG,0,0,0,0,0
2180,PDIA6,0,0,0,0,0
2181,FAM83D,0,0,0,0,0
2182,TBP,0,0,0,0,0
2183,SLC51B,0,0,0,0,0
2184,BICD2,0,0,0,0,0
2185,MRPL24,0,0,0,0,0
2186,ZWINT,0,0,0,0,0
2187,YIPF1,0,0,0,0,0
2188,DAPP1,0,0,0,0,0
2189,SYNCRIP,0,0,0,0,0
2190,GLO1,0,0,0,0,0
2191,HLA-DMA,0,0,0,0,0
2192,ALG5,0,0,0,0,0
2193,ORMDL1,0,0,0,0,0
2194,CAMLG,0,0,0,0,0
2195,ICK,0,0,0,0,0
2196,DLX1,0,0,0,0,0
2197,BBS9,0,0,0,0,0
2198,BAK1,0,0,0,0,0
2199,SMURF1,0,0,0,0,0
2200,CALML6,0,0,0,0,0
2201,PRPS1L1,0,0,0,0,0
2202,NFATC4,0,0,0,0,0
2203,CRCP,0,0,0,0,0
2204,SNAPC5,0,0,0,0,0
2205,ACTC1,1,0,0,1,1
2206,PIGQ,0,0,0,0,0
2207,CTHRC1,0,0,0,0,0
2208,ACVR1C,0,0,0,0,0
2209,DACT1,0,0,0,0,0
2210,CXCL14,0,0,0,0,0
2211,GRK1,0,0,0,0,0
2212,PCCA,0,0,0,0,0
2213,GALNT15,0,0,0,0,0
2214,DTYMK,0,0,0,0,0
2215,EMC3,0,0,0,0,0
2216,MAP1LC3A,0,0,0,0,0
2217,SINHCAF,0,0,0,0,0
2218,XRN2,0,0,0,0,0
2219,ILF2,0,0,0,0,0
2220,DENND1C,0,0,0,0,0
2221,ST6GAL2,0,0,0,0,0
2222,HSDL1,0,0,0,0,0
2223,BMPER,0,0,0,0,0
2224,TNP2,0,0,0,0,0
2225,RPA1,0,0,0,0,0
2226,MSRA,0,0,0,0,0
2227,ALOX12,0,0,0,0,0
2228,RIMS1,0,0,0,0,0
2229,IL10,0,0,0,0,0
2230,KDELR1,0,0,0,0,0
2231,C11orf21,0,0,0,0,0
2232,NRG1,0,0,0,1,0
2233,HOXB8,0,0,0,0,0
2234,SLC8A3,0,0,0,0,0
2235,AUP1,0,0,0,0,0
2236,PET100,0,0,0,0,0
2237,ARHGEF2,0,0,0,0,0
2238,MCEE,0,0,0,0,0
2239,YTHDF2,0,0,0,0,0
2240,NLGN4Y,0,0,0,0,0
2241,ZWILCH,0,0,0,0,0
2242,TMEM214,0,0,0,0,0
2243,DAPK3,0,0,0,0,0
2244,TBPL2,0,0,0,0,0
2245,CDIPT,0,0,0,0,0
2246,PLA2G12A,0,0,0,0,0
2247,MED20,0,0,0,0,0
2248,CDK19,0,0,0,0,0
2249,AXIN1,0,0,0,0,0
2250,MAK16,0,0,0,0,0
2251,THRA,0,0,0,0,0
2252,FBXL17,0,0,0,0,0
2253,MAP1LC3C,0,0,0,0,0
2254,PPWD1,0,0,0,0,0
2255,RPRD1B,0,0,0,0,0
2256,RAP1GDS1,0,0,0,0,0
2257,ACO1,0,0,0,0,0
2258,CYP11B2,0,0,0,0,0
2259,UTF1,0,0,0,0,0
2260,UGT2B7,0,0,0,0,0
2261,GATAD2A,0,0,0,0,0
2262,PAPOLA,0,0,0,0,0
2263,PRPF8,0,0,0,1,0
2264,MT-ATP6,0,0,0,0,1
2265,ACTR3,0,0,0,0,0
2266,MALL,0,0,0,0,0
2267,LSS,0,0,0,0,0
2268,CHMP2A,0,0,0,0,0
2269,NT5C1A,0,0,0,0,0
2270,GADD45A,0,0,0,0,0
2271,KRT14,0,0,0,0,0
2272,EPSTI1,0,0,0,0,0
2273,UBE2I,0,0,0,0,0
2274,NARS2,0,0,0,0,0
2275,KCNE3,0,0,0,0,0
2276,SPDYE8P,0,0,0,0,0
2277,PLA2G2E,0,0,0,0,0
2278,AKIRIN2,0,0,0,0,0
2279,FBXL22,0,0,0,0,0
2280,CANT1,0,0,0,0,0
2281,MMP3,0,0,0,0,0
2282,MAFA,0,0,0,0,0
2283,CD79B,0,0,0,0,0
2284,TNNT2,0,0,1,1,1
2285,ST3GAL2,0,0,0,0,0
2286,C1orf189,0,0,0,0,0
2287,PHC2,0,0,0,0,0
2288,PCOLCE,0,0,0,0,0
2289,GUCA1C,0,0,0,0,0
2290,AHCTF1,0,0,0,0,0
2291,PPARG,0,0,0,0,1
2292,SUCLA2,0,0,0,0,0
2293,PQBP1,0,0,0,0,0
2294,NACC1,0,0,0,0,0
2295,FN1,1,0,0,0,0
2296,EMC9,0,0,0,0,0
2297,MKLN1,0,0,0,0,0
2298,POLG2,0,0,0,0,0
2299,LZTR1,0,0,0,0,0
2300,COMT,0,0,0,0,0
2301,HILPDA,0,0,0,0,0
2302,CHD8,0,0,0,0,0
2303,GIPR,0,0,0,0,0
2304,STXBP1,0,0,0,0,0
2305,TTC8,0,0,0,0,0
2306,LTF,0,0,0,0,0
2307,WDR7,0,0,0,0,0
2308,ARID1B,0,0,0,0,0
2309,APOBEC4,0,0,0,0,0
2310,AP1S1,0,0,0,0,0
2311,MTMR7,0,0,0,0,0
2312,NAMPT,0,0,0,0,0
2313,TECPR2,0,0,0,0,0
2314,WTAP,0,0,0,0,0
2315,ISY1,0,0,0,0,0
2316,ADRA2C,0,0,0,0,0
2317,CD9,1,0,0,0,0
2318,NME1-NME2,0,0,0,0,0
2319,WBP11,0,0,0,0,0
2320,MRPS15,0,0,0,0,0
2321,PGLYRP1,0,0,0,0,0
2322,BANF2,0,0,0,0,0
2323,XPO1,0,0,0,0,0
2324,AGBL2,0,0,0,0,0
2325,PFKFB4,0,0,0,0,0
2326,ULBP1,0,0,0,0,0
2327,SPO11,0,0,0,0,0
2328,CYP1A2,0,0,0,0,0
2329,KBTBD6,0,0,0,0,0
2330,TBX21,0,0,0,0,0
2331,PSMG2,0,0,0,0,0
2332,GALNS,0,0,0,0,0
2333,PPFIA1,0,0,0,0,0
2334,GOSR2,0,0,0,1,0
2335,AUNIP,0,0,0,0,0
2336,AMN,0,0,0,0,0
2337,TEK,0,0,0,0,0
2338,LAMP2,0,0,0,0,0
2339,ECT2,0,0,0,0,0
2340,TEX14,0,0,0,0,0
2341,GPX2,0,0,0,0,0
2342,SCD,0,0,0,0,0
2343,PTBP1,0,0,0,0,0
2344,GYS1,0,0,0,1,0
2345,PAK4,0,0,0,0,0
2346,PRRX1,0,0,0,0,0
2347,NTN1,0,0,0,0,0
2348,NDUFC2,0,0,0,0,0
2349,MAK,0,0,0,0,0
2350,TAS1R3,0,0,0,0,0
2351,ATP6V1B1,0,0,0,0,0
2352,GSC,0,0,0,0,0
2353,MRPS25,0,0,0,0,0
2354,SPRR1B,0,0,0,0,0
2355,PRICKLE3,0,0,0,0,0
2356,CTNNA3,0,0,0,0,0
2357,SRSF7,0,0,0,0,0
2358,GTF3C3,0,0,0,0,0
2359,KLRD1,0,0,0,0,0
2360,CRMP1,0,0,0,0,0
2361,CYP26B1,0,0,0,0,0
2362,ELP1,0,0,0,0,0
2363,SNAI1,0,0,0,0,0
2364,HNRNPA0,0,0,0,0,0
2365,FRG1,0,0,0,0,0
2366,LXN,0,0,0,0,0
2367,NUDCD1,0,0,0,0,0
2368,UBE2V1,0,0,0,0,0
2369,CYP3A5,0,0,0,0,0
2370,PLOD3,0,0,0,0,0
2371,BRS3,0,0,0,0,0
2372,CC2D1B,0,0,0,0,0
2373,GDF11,0,0,0,0,0
2374,DHX8,0,0,0,0,0
2375,MEP1A,0,0,0,0,0
2376,PLD3,0,0,0,0,0
2377,CPT2,0,0,0,0,0
2378,UBA6,0,0,0,0,0
2379,TRMT10A,0,0,0,0,0
2380,SUV39H1,0,0,0,0,0
2381,TIMM10B,0,0,0,0,0
2382,DCAF10,0,0,0,0,0
2383,LHX6,0,0,0,0,0
2384,YEATS4,0,0,0,0,0
2385,SEC61B,0,0,0,0,0
2386,FOXO1,0,0,0,0,0
2387,CAPRIN1,0,0,0,0,0
2388,NLRP9,0,0,0,0,0
2389,TLR4,0,0,0,0,0
2390,CD2BP2,0,0,0,0,0
2391,PCSK1,0,0,0,0,0
2392,FBXL2,0,0,0,0,0
2393,CACNG5,0,0,0,0,0
2394,ITGAX,0,0,0,0,0
2395,XCR1,0,0,0,0,0
2396,EIF2AK3,0,0,0,0,0
2397,GC,1,0,0,0,0
2398,RRP1,0,0,0,0,0
2399,EHD4,0,0,0,0,0
2400,H0YIJ7_HUMAN,0,0,0,0,0
2401,PYCR3,0,0,0,0,0
2402,CIDEB,0,0,0,0,0
2403,COG1,0,0,0,0,0
2404,PLA2G4C,0,0,0,0,0
2405,AKT3,0,0,0,0,0
2406,GPR37,0,0,0,0,0
2407,SRD5A3,0,0,0,0,0
2408,TNFSF14,0,0,0,0,0
2409,SOX9,0,0,0,0,0
2410,BCHE,0,0,1,0,1
2411,GRIN3A,0,0,0,0,0
2412,CSTF3,0,0,0,0,0
2413,CD274,0,0,0,0,0
2414,KIR2DL1,0,0,0,0,0
2415,RAB40AL,0,0,0,0,0
2416,DCHS1,0,0,0,0,0
2417,GFPT1,0,0,0,0,0
2418,RRS1,0,0,0,0,0
2419,SPARCL1,0,0,0,0,0
2420,IMP4,0,0,0,0,0
2421,PITX3,0,0,0,0,0
2422,WDR83OS,0,0,0,0,0
2423,NDUFC2-KCTD14,0,0,0,0,0
2424,MAPK8IP3,0,0,0,0,0
2425,SPRR2B,0,0,0,0,0
2426,TP53I11,0,0,0,0,0
2427,SRCIN1,0,0,0,0,0
2428,ITGA5,0,0,0,0,0
2429,RND2,0,0,0,0,0
2430,IGF2BP2,0,0,0,0,0
2431,SP1,0,0,0,0,0
2432,P2RY1,0,0,0,0,0
2433,MLN,0,0,0,0,0
2434,CCZ1B,0,0,0,0,0
2435,LLPH,0,0,0,0,0
2436,SLC27A5,0,0,0,0,0
2437,DPAGT1,0,0,0,0,0
2438,POLDIP2,0,0,0,0,0
2439,RPL3L,0,0,0,0,0
2440,LMNA,0,1,1,1,1
2441,PPID,0,0,0,0,0
2442,KAT6A,0,0,0,0,0
2443,PC,0,0,0,0,0
2444,SERGEF,0,0,0,0,0
2445,AQP12A,0,0,0,0,0
2446,TLR8,0,0,0,0,0
2447,CEBPB,0,0,0,0,0
2448,FMO2,0,0,0,0,0
2449,EMCN,0,0,0,0,0
2450,SCG5,0,0,0,0,0
2451,NUP35,0,0,0,0,0
2452,ASH2L,0,0,0,0,0
2453,EDEM2,0,0,0,0,0
2454,PSMA8,0,0,0,0,0
2455,PMEL,0,0,0,0,0
2456,SCNM1,0,0,0,0,0
2457,TGS1,0,0,0,0,0
2458,PHOSPHO2,0,0,0,0,0
2459,FKBP14,0,0,0,0,0
2460,STX11,0,0,0,0,0
2461,OAS2,0,0,0,0,0
2462,PTPN1,0,0,0,0,0
2463,TNFSF15,0,0,0,0,0
2464,SNRPA1,0,0,0,0,0
2465,CFAP161,0,0,0,0,0
2466,LRAT,0,0,0,0,0
2467,MAPKAPK3,0,0,0,0,0
2468,PPIF,0,0,0,0,0
2469,MAF,0,0,0,0,0
2470,POLH,0,0,0,0,0
2471,RPS15,0,0,0,0,0
2472,NELFCD,0,0,0,0,0
2473,WASF2,0,0,0,0,0
2474,IRF8,0,0,0,0,0
2475,CBLB,0,0,0,0,0
2476,MTR,0,0,0,0,0
2477,S100A10,0,0,0,0,0
2478,RAB3A,0,0,0,0,0
2479,NECAP1,0,0,0,0,0
2480,EOMES,0,0,0,0,0
2481,SNRPF,0,0,0,0,0
2482,AEBP2,0,0,0,0,0
2483,PIGG,0,0,0,0,0
2484,SGTA,0,0,0,0,0
2485,NDST1,0,0,0,0,0
2486,TPPP,0,0,0,0,0
2487,RAPH1,0,0,0,0,0
2488,IL2RG,0,0,0,0,0
2489,PHF20,0,0,0,1,0
2490,ABCB7,0,0,0,0,0
2491,FH,0,0,0,0,1
2492,TAF9,0,0,0,0,0
2493,GH2,0,0,0,0,0
2494,LAMA2,0,0,0,0,0
2495,IMPA1,0,0,0,0,0
2496,H2BC8,0,0,0,0,0
2497,LIN37,0,0,0,0,0
2498,KCNQ4,0,0,0,0,0
2499,H2BC1,0,0,0,0,0
2500,DNAJB6,0,0,0,0,0
2501,AP3D1,0,0,0,0,0
2502,GDF10,0,0,0,0,0
2503,FRK,0,0,0,0,0
2504,GPR50,0,0,0,0,0
2505,MED18,0,0,0,0,0
2506,POLR2D,0,0,0,0,0
2507,CYB5R1,0,0,0,0,0
2508,FRRS1L,0,0,0,0,0
2509,UPB1,0,0,0,0,0
2510,IFIT2,0,0,0,0,0
2511,MYH10,1,0,0,0,0
2512,GET3,0,0,0,0,0
2513,GCFC2,0,0,0,0,0
2514,CYP2C19,0,0,0,0,0
2515,DLG1,0,0,0,0,0
2516,LIG4,0,0,0,0,0
2517,DNASE2B,0,0,0,0,0
2518,GRIA1,0,0,0,0,0
2519,STX19,0,0,0,0,0
2520,RPS3,0,0,0,0,0
2521,INSL3,0,0,0,0,0
2522,ARL6,0,0,0,0,0
2523,FABP1,0,0,0,0,0
2524,TBC1D23,0,0,0,0,0
2525,KLHL22,0,0,0,0,0
2526,GTF2F1,0,0,0,0,0
2527,BHMT2,0,0,0,0,0
2528,TLR5,0,0,0,0,0
2529,ANAPC11,0,0,0,0,0
2530,IMPG2,0,0,0,0,0
2531,SYNJ2BP,0,0,0,0,0
2532,PHC3,0,0,0,0,0
2533,GAGE13,0,0,0,0,0
2534,RGN,0,0,0,0,0
2535,NXT2,0,0,0,0,0
2536,PTN,0,0,0,0,0
2537,MYD88,0,0,0,1,1
2538,SORBS1,0,0,0,0,0
2539,SRRM2,0,0,0,0,0
2540,PDK3,0,0,0,0,0
2541,LAPTM5,0,0,0,0,0
2542,SAT2,0,0,0,0,0
2543,HSP90AB1,0,0,0,0,0
2544,DGCR8,0,0,0,0,0
2545,TCF7L2,0,0,0,0,0
2546,STX1B,0,0,0,0,0
2547,OXTR,0,0,0,0,0
2548,CHMP1A,0,0,0,0,0
2549,NOX5,0,0,0,0,0
2550,LILRB1,0,0,0,0,0
2551,INTS2,0,0,0,0,0
2552,GMFG,0,0,0,0,0
2553,CUL1,0,0,0,0,0
2554,FMN1,0,0,0,0,0
2555,CENPL,0,0,0,0,0
2556,MIEF1,0,0,0,0,0
2557,H4-16,0,0,0,0,0
2558,BBS1,0,0,0,0,0
2559,VCL,0,0,0,0,1
2560,LRWD1,0,0,0,0,0
2561,GDI1,0,0,0,0,0
2562,PLA2G4E,0,0,0,0,0
2563,UBE2B,0,0,0,0,0
2564,CLDN10,0,0,0,0,0
2565,WIPF2,0,0,0,0,0
2566,HNRNPF,0,0,0,0,0
2567,WIPI1,0,0,0,0,0
2568,AGT,1,0,1,0,1
2569,HTR7,0,0,0,0,0
2570,AKNAD1,0,0,0,0,0
2571,SYT5,0,0,0,0,0
2572,NR2E1,0,0,0,0,0
2573,RIOK2,0,0,0,0,0
2574,MCHR1,0,0,0,0,0
2575,HTR2C,0,0,0,0,0
2576,NSD2,0,0,0,0,0
2577,TAF12,0,0,0,0,0
2578,SF3A2,0,0,0,0,0
2579,PSMG1,0,0,0,0,0
2580,NFU1,0,0,0,0,0
2581,SAMHD1,0,0,0,0,0
2582,MED17,0,0,0,0,0
2583,AP5M1,0,0,0,0,0
2584,CRYGD,0,0,0,0,0
2585,LIN7B,0,0,0,0,0
2586,RBFA,0,0,0,0,0
2587,GNG4,0,0,0,0,0
2588,SLC5A6,0,0,0,0,0
2589,CCN4,0,0,0,0,0
2590,GTPBP8,0,0,0,0,0
2591,ING1,0,0,0,0,0
2592,LHX3,0,0,0,0,0
2593,SUOX,0,0,0,0,0
2594,PARP2,0,0,0,0,0
2595,CYP2C8,0,0,0,0,0
2596,CYP4F8,0,0,0,0,0
2597,TROAP,0,0,0,0,0
2598,UGT2B4,0,0,0,0,0
2599,SARS1,0,0,0,0,0
2600,BCL9,0,0,0,0,0
2601,SH3KBP1,0,0,0,0,0
2602,NCAPD3,0,0,0,0,0
2603,PPP2R5C,0,0,0,0,0
2604,PWP2,0,0,0,0,0
2605,RBM48,0,0,0,0,0
2606,UPP2,0,0,0,0,0
2607,SOX10,0,0,0,0,0
2608,GAGE12C,0,0,0,0,0
2609,RAB14,0,0,0,0,0
2610,RFC1,0,0,0,0,0
2611,ENPP1,0,0,1,1,1
2612,TPT1,0,0,0,0,0
2613,MCC,0,0,0,0,0
2614,MED29,0,0,0,0,0
2615,C20orf27,0,0,0,0,0
2616,NRXN2,0,0,0,0,0
2617,DCLRE1B,0,0,0,0,0
2618,UNC45A,0,0,0,0,0
2619,UBAP1,0,0,0,0,0
2620,SERPINC1,1,0,0,0,0
2621,ASIC3,0,0,0,0,0
2622,CCNA1,0,0,0,0,0
2623,PDE10A,0,0,0,0,0
2624,RXRA,0,0,0,0,0
2625,DNMT3B,0,0,0,0,0
2626,CD33,0,0,0,0,0
2627,PIGV,0,0,0,0,0
2628,ZNHIT1,0,0,0,0,0
2629,ASIP,0,0,0,0,0
2630,APOBEC1,0,0,0,0,0
2631,H3C10,0,0,0,0,0
2632,CDC42BPA,0,0,0,0,0
2633,DAZAP2,0,0,0,0,0
2634,FKBP1C,0,0,0,0,0
2635,MT-CYB,0,0,0,0,0
2636,NAE1,0,0,0,0,0
2637,SERPINB4,1,0,0,0,0
2638,EFNA5,0,0,0,0,0
2639,ADCY5,0,0,0,0,1
2640,PPP1R12C,0,0,0,0,0
2641,PPP2R2A,0,0,0,0,0
2642,ACER3,0,0,0,0,0
2643,VPS37D,0,0,0,0,0
2644,ADCY9,0,0,0,0,0
2645,ITGB7,0,0,0,0,0
2646,CBX1,0,0,0,0,0
2647,DNAJB12,0,0,0,0,0
2648,UBA5,0,0,0,0,0
2649,NUDT17,0,0,0,0,0
2650,AURKC,0,0,0,0,0
2651,EFHB,0,0,0,0,0
2652,APBB2,0,0,0,0,0
2653,CFL2,0,0,0,0,0
2654,ING4,0,0,0,0,0
2655,THAP7,0,0,0,0,0
2656,STMN1,0,0,0,0,0
2657,AAR2,0,0,0,0,0
2658,EYA4,0,0,0,0,1
2659,EIF2S2,0,0,0,0,0
2660,ADGRG2,0,0,0,0,0
2661,RNASEL,0,0,0,0,0
2662,NOC3L,0,0,0,0,0
2663,CA6,0,0,0,0,0
2664,HDAC7,0,0,0,0,0
2665,HLA-DRB5,0,0,0,0,0
2666,CTF1,0,0,0,0,0
2667,IL12B,0,0,0,0,0
2668,PIGU,0,0,0,0,0
2669,CHRNA5,0,0,0,0,0
2670,KIF11,0,0,0,0,0
2671,DNAJC11,0,0,0,0,0
2672,MAPKAPK5,0,0,0,0,0
2673,ABCA2,0,0,0,0,0
2674,GCLM,0,0,0,0,0
2675,TCEA1,0,0,0,0,0
2676,MVD,0,0,0,0,0
2677,PSMD7,0,0,0,0,0
2678,EXOC2,0,0,0,0,0
2679,ELP4,0,0,0,0,0
2680,ZNF664,0,0,0,0,0
2681,TREML1,0,0,0,0,0
2682,LYPLAL1,0,0,0,0,0
2683,CLTC,0,0,0,0,0
2684,DNAJC18,0,0,0,0,0
2685,CA2,0,0,0,0,0
2686,GZMB,0,0,0,0,0
2687,ARID5B,0,0,0,0,0
2688,MCRS1,0,0,0,0,0
2689,TBX20,0,0,0,1,1
2690,ITCH,0,0,0,0,0
2691,VSX2,0,0,0,0,0
2692,SHPK,0,0,0,0,0
2693,ZIM2,0,0,0,0,0
2694,AMPH,0,0,0,0,0
2695,IBA57,0,0,0,0,0
2696,ENSP00000478249,0,0,0,0,0
2697,CAV1,0,0,0,0,1
2698,ESCO1,0,0,0,0,0
2699,ENG,0,1,0,1,1
2700,C1QBP,0,0,0,0,0
2701,H3C3,0,0,0,0,0
2702,ATP6V0D1,0,0,0,0,0
2703,POMT1,0,0,0,0,0
2704,SLC27A4,0,0,0,0,0
2705,PARD6A,0,0,0,0,0
2706,DPM3,0,0,0,1,0
2707,CSPG4,0,0,0,0,0
2708,VASP,0,0,0,0,0
2709,TGM5,0,0,0,0,0
2710,MRPL49,0,0,0,0,0
2711,YTHDC2,0,0,0,0,0
2712,DYNLT3,0,0,0,0,0
2713,USF2,0,0,0,0,0
2714,VPS36,0,0,0,0,0
2715,COPS2,0,0,0,0,0
2716,WDR75,0,0,0,0,0
2717,RPL35A,0,0,0,0,0
2718,WASHC1,0,0,0,0,0
2719,HMGCS2,0,0,0,0,0
2720,GABPB1,0,0,0,0,0
2721,PDPR,0,0,0,0,0
2722,CELSR3,0,0,0,0,0
2723,SNTA1,0,0,0,0,0
2724,MTERF4,0,0,0,0,0
2725,RPL10L,0,0,0,0,0
2726,WWOX,0,0,0,0,0
2727,CA7,0,0,0,0,0
2728,FAF1,0,0,0,1,0
2729,FAAP100,0,0,0,0,0
2730,SYPL1,0,0,0,0,0
2731,DCTN4,0,0,0,0,0
2732,FFAR3,0,0,0,0,0
2733,KIF5B,0,0,0,0,0
2734,PUS7,0,0,0,0,0
2735,CACNG6,0,0,0,0,0
2736,MYOT,0,0,0,0,0
2737,SREBF2,0,0,0,0,0
2738,SLC7A1,0,0,0,0,0
2739,GGA3,0,0,0,0,0
2740,CPN1,1,0,0,0,0
2741,HMGCL,0,0,0,0,0
2742,DMAP1,0,0,0,0,0
2743,PSMD5,0,0,0,0,0
2744,TGFBR2,1,1,0,1,0
2745,SRP14,0,0,0,0,0
2746,KLRF1,0,0,0,0,0
2747,DLGAP5,0,0,0,0,0
2748,LUZP4,0,0,0,0,0
2749,EPN2,0,0,0,0,0
2750,TNNI2,0,0,0,0,0
2751,CD99L2,0,0,0,0,0
2752,PINK1,0,0,0,0,0
2753,NLE1,0,0,0,0,0
2754,TXK,0,0,0,0,0
2755,GLRX2,0,0,0,0,0
2756,IRAK1,0,0,0,0,0
2757,BET1L,0,0,0,0,0
2758,NKX2-3,0,0,0,0,0
2759,FBXW2,0,0,0,0,0
2760,ADI1,0,0,0,0,0
2761,PRKD3,0,0,0,0,0
2762,COX16,0,0,0,0,0
2763,SPATA5,0,0,0,0,0
2764,MTMR9,0,0,0,0,0
2765,IP6K2,0,0,0,0,0
2766,SOAT2,0,0,0,0,0
2767,TPMT,0,0,0,0,0
2768,DDX54,0,0,0,0,0
2769,ERI1,0,0,0,0,0
2770,KRT6B,0,0,0,0,0
2771,MYL1,0,0,0,0,0
2772,POU2F1,0,0,0,0,0
2773,IRF3,0,0,0,0,0
2774,CXXC4,0,0,0,0,0
2775,FOXA2,0,0,0,0,0
2776,BLVRB,0,0,0,0,0
2777,GNB2,0,0,0,0,0
2778,BHLHE40,0,0,0,0,0
2779,OPRD1,0,0,0,0,0
2780,TAF9B,0,0,0,0,0
2781,NIPBL,0,0,0,0,0
2782,SPAG1,0,0,0,0,0
2783,KCTD9,0,0,0,0,0
2784,FKRP,0,0,0,0,0
2785,MRPS34,0,0,0,0,0
2786,SGMS2,0,0,0,0,0
2787,CNIH4,0,0,0,0,0
2788,CLIC5,0,0,0,0,0
2789,SLIT1,0,0,0,0,0
2790,PHF5A,0,0,0,0,0
2791,LAT2,0,0,0,0,0
2792,ZCRB1,0,0,0,0,0
2793,CD209,0,0,0,0,0
2794,CCDC80,0,0,0,0,0
2795,MRPL4,0,0,0,0,0
2796,TSPOAP1,0,0,0,0,0
2797,CCT3,0,0,0,0,0
2798,MRPS12,0,0,0,0,0
2799,S100G,0,0,0,0,0
2800,EMC8,0,0,0,0,0
2801,KCNA3,0,0,0,0,0
2802,PEG10,0,0,0,0,0
2803,MT-ND2,0,0,0,0,0
2804,ACSBG1,0,0,0,0,0
2805,FKBP3,0,0,0,0,0
2806,WASHC2A,0,0,0,0,0
2807,BST1,0,0,0,0,0
2808,PDCD10,0,0,0,0,0
2809,CYP2A13,0,0,0,0,0
2810,TUBG1,0,0,0,0,0
2811,DSPP,0,0,0,0,0
2812,NSMF,0,0,0,0,0
2813,MCM4,0,0,0,0,0
2814,CAP1,0,0,0,0,0
2815,IL18,0,0,0,0,0
2816,LBP,0,0,0,0,0
2817,ZNRF4,0,0,0,0,0
2818,DNM2,0,0,0,0,0
2819,B3GALT6,0,0,0,1,0
2820,MYSM1,0,0,0,0,1
2821,RETN,0,0,0,0,0
2822,PICALM,0,0,0,1,0
2823,KAT7,0,0,0,0,0
2824,SIRPA,0,0,0,0,0
2825,MT-ATP8,0,0,0,0,0
2826,HMBS,0,0,0,0,0
2827,OPN1SW,0,0,0,0,0
2828,PAAF1,0,0,0,0,0
2829,TRAP1,0,0,0,0,0
2830,NT5C2,0,0,0,0,0
2831,SPR,0,0,0,0,0
2832,TNRC6A,0,0,0,0,0
2833,CENPA,0,0,0,0,0
2834,OPN1MW,0,0,0,0,0
2835,RPS17,0,0,0,0,0
2836,MICOS10,0,0,0,0,0
2837,METTL8,0,0,0,0,0
2838,EGLN1,0,0,0,0,0
2839,CCDC155,0,0,0,0,0
2840,TRAF3IP1,0,0,0,0,0
2841,LPIN2,0,0,0,0,0
2842,EIF4A2,0,0,0,1,0
2843,TRIM63,0,0,0,0,0
2844,SRPX2,0,0,0,0,0
2845,ZC3H14,0,0,0,0,0
2846,XPO5,0,0,0,0,0
2847,C1orf198,0,0,0,0,0
2848,CDC42EP5,0,0,0,0,0
2849,KDM3A,0,0,0,0,0
2850,IFIH1,0,0,0,0,1
2851,GCN1,0,0,0,0,0
2852,SUPT7L,0,0,0,0,0
2853,GTF2E2,0,0,0,0,0
2854,KCNAB2,0,0,0,0,0
2855,AARS2,0,0,0,0,0
2856,PTPN18,0,0,0,0,0
2857,CD19,0,0,0,0,0
2858,DDOST,1,0,0,0,0
2859,RPS14,0,0,0,0,0
2860,DLX2,0,0,0,0,0
2861,BST2,0,0,0,0,0
2862,BDNF,0,0,0,0,0
2863,DAPK1,0,0,0,0,0
2864,EPCAM,0,0,0,0,0
2865,CERS6,0,0,0,0,0
2866,FKBP2,0,0,0,0,0
2867,HLA-DRB1,0,0,0,0,0
2868,DRC1,0,0,0,0,0
2869,SHQ1,0,0,0,0,0
2870,ATP6V0D2,0,0,0,0,0
2871,GP6,0,0,0,0,0
2872,HDAC5,0,0,0,0,0
2873,CD3D,0,0,0,0,0
2874,STXBP6,0,0,0,0,0
2875,PMS1,0,0,0,0,0
2876,PDCD7,0,0,0,0,0
2877,TBX1,0,0,0,0,0
2878,ALDH3B1,0,0,0,0,0
2879,ACTR3C,0,0,0,0,0
2880,ACAD8,0,0,0,0,0
2881,OCRL,0,0,0,0,0
2882,ALDH6A1,0,0,0,0,0
2883,SNRNP35,0,0,0,0,0
2884,MAP4K1,0,0,0,0,0
2885,CFL1,0,0,1,0,0
2886,HMGN1,0,0,0,0,0
2887,WNT11,0,0,0,0,0
2888,PUS7L,0,0,0,0,0
2889,NLRP3,0,0,0,0,0
2890,RARRES2,0,0,0,0,0
2891,SEH1L,0,0,0,0,0
2892,GALR1,0,0,0,0,0
2893,PACSIN3,0,0,0,0,0
2894,CRH,0,0,0,0,0
2895,UBR5,0,0,0,0,0
2896,KLRC2,0,0,0,0,0
2897,PYCARD,0,0,0,0,0
2898,NTRK1,0,0,0,0,0
2899,ITLN1,0,0,0,0,0
2900,EZR,0,0,0,0,0
2901,PDE6B,0,0,0,0,0
2902,CACNG7,0,0,0,0,0
2903,PLIN3,0,0,0,0,0
2904,BCL11A,0,0,0,0,0
2905,CST7,0,0,0,0,0
2906,URB1,0,0,0,0,0
2907,GOLGA5,0,0,0,0,0
2908,PRPS2,0,0,0,0,0
2909,NAPG,0,0,0,0,0
2910,COL7A1,0,0,0,0,0
2911,MRPL48,0,0,0,0,0
2912,LTBP4,0,0,0,0,1
2913,SERPINB1,0,0,0,0,0
2914,G2E3,0,0,0,0,0
2915,RPL7L1,0,0,0,0,0
2916,MSN,0,0,1,0,0
2917,BMPR1B,0,0,0,0,1
2918,TCN1,0,0,0,0,0
2919,WDR25,0,0,0,0,0
2920,FAF2,0,0,0,0,0
2921,IL17RA,0,0,0,0,0
2922,TPK1,0,0,0,0,0
2923,TTF2,0,0,0,0,0
2924,RPP40,0,0,0,0,0
2925,TRAF7,0,0,0,0,0
2926,CTRC,0,0,0,0,0
2927,ENPP3,0,0,0,0,0
2928,GLRX,0,0,0,0,0
2929,CTSG,0,0,0,0,0
2930,TRMT10B,0,0,0,0,0
2931,RPS6KA2,0,0,0,0,0
2932,COX8A,0,0,0,0,0
2933,MRPL34,0,0,0,0,0
2934,HSF1,0,0,0,0,0
2935,EEF1D,0,0,0,0,0
2936,NEK6,0,0,0,0,0
2937,PFN2,0,0,0,0,0
2938,POLR3H,0,0,0,0,0
2939,SOAT1,0,0,0,0,0
2940,BCL2L2-PABPN1,0,0,0,0,0
2941,XRCC1,0,0,0,0,0
2942,DBF4,0,0,0,0,0
2943,COG4,0,0,0,0,0
2944,TECR,0,0,0,0,0
2945,EIF3CL,0,0,0,0,0
2946,ERCC5,0,0,0,0,0
2947,NCBP1,0,0,0,0,0
2948,ARPC5,1,0,0,0,0
2949,DTX4,0,0,0,0,0
2950,CCZ1,0,0,0,0,0
2951,SRFBP1,0,0,0,0,0
2952,PPP2CA,0,0,0,0,0
2953,ENOPH1,0,0,0,0,0
2954,RFX6,0,0,0,0,0
2955,FBXO25,0,0,0,0,0
2956,SPINT2,0,0,0,0,0
2957,DDX17,0,0,0,0,0
2958,VAMP2,0,0,0,0,0
2959,PARVA,0,0,0,0,0
2960,HGF,0,1,0,0,0
2961,P3H1,0,0,0,0,1
2962,WNT3A,0,0,0,0,0
2963,CD44,0,0,0,0,0
2964,CCR1,0,0,0,0,0
2965,MRPL37,0,0,0,0,0
2966,PILRB,0,0,0,0,0
2967,ZNF787,0,0,0,0,0
2968,TPP1,0,0,0,0,0
2969,ADH4,0,0,0,0,0
2970,MAGEH1,0,0,0,0,0
2971,FBXL5,0,0,0,0,0
2972,TIMM21,0,0,0,0,0
2973,PWP1,0,0,0,0,0
2974,SFSWAP,0,0,0,0,0
2975,HMMR,0,0,0,0,0
2976,RHOU,0,0,0,0,0
2977,WDR33,0,0,0,0,0
2978,GOLGB1,0,0,0,0,0
2979,VPS51,0,0,0,0,0
2980,ARPC1A,0,0,0,0,0
2981,CNOT6L,0,0,0,0,0
2982,STRIP1,0,0,0,0,0
2983,JARID2,0,0,0,0,0
2984,MOB1B,0,0,0,0,0
2985,CD59,0,0,0,0,0
2986,PLAAT3,0,0,0,0,0
2987,CX3CR1,0,0,0,0,0
2988,ITGA9,0,0,0,0,0
2989,PSEN1,0,0,0,0,1
2990,PABPC1,0,0,0,0,0
2991,MYL6,0,0,0,0,0
2992,XIRP2,0,0,0,0,0
2993,SLC46A1,0,0,0,0,0
2994,TCEANC2,0,0,0,0,0
2995,KCNA5,0,0,0,0,1
2996,CAT,1,0,0,0,0
2997,RIBC2,0,0,0,0,0
2998,POLR3E,0,0,0,0,0
2999,CTSS,0,0,0,0,0
3000,IRS2,0,0,0,0,0
3001,STAT1,0,0,0,0,1
3002,CYB5A,0,0,0,0,0
3003,TLE4,0,0,0,0,0
3004,PMF1-BGLAP,0,0,0,1,0
3005,PCYT1A,0,0,0,0,0
3006,MAPK8,0,0,0,0,0
3007,CSTF2,0,0,0,0,0
3008,TJP3,0,0,0,0,0
3009,PLA2G4F,0,0,0,0,0
3010,FGFR3,0,0,0,0,1
3011,SART1,0,0,0,0,0
3012,MICU2,0,0,0,0,0
3013,RAD9B,0,0,0,0,0
3014,AMY2B,0,0,0,0,0
3015,SRPRA,0,0,0,0,0
3016,ELOC,0,0,0,0,0
3017,C17orf75,0,0,0,0,0
3018,IL26,0,0,0,0,0
3019,PAX8,0,0,0,0,0
3020,QARS1,0,0,0,0,0
3021,AKT2,0,0,0,0,0
3022,TMEM59,0,0,0,0,0
3023,EPHB2,0,0,0,0,0
3024,PHF21A,0,0,0,0,0
3025,TAC3,0,0,0,0,0
3026,CYP11A1,0,0,0,0,0
3027,SCFD2,0,0,0,0,0
3028,H7C0C1_HUMAN,0,0,0,0,0
3029,ENTPD5,0,0,0,0,0
3030,NAA60,0,0,0,0,0
3031,ABAT,0,0,0,0,0
3032,NECTIN1,0,0,0,0,0
3033,IFNLR1,0,0,0,0,0
3034,CD276,0,0,0,0,0
3035,WRAP53,0,0,0,0,0
3036,TPRX1,0,0,0,0,0
3037,FHL2,0,0,0,0,0
3038,DECR2,0,0,0,0,0
3039,GSTA2,0,0,0,0,0
3040,CHAF1A,0,0,0,0,0
3041,JUNB,0,0,0,0,0
3042,ESD,0,0,0,0,0
3043,DDX52,0,0,0,0,0
3044,DIAPH1,0,0,0,0,0
3045,LGALS9C,0,0,0,0,0
3046,NCOA6,0,0,0,0,0
3047,TAF2,0,0,0,0,0
3048,PABPC4,0,0,0,0,0
3049,NDUFS3,0,0,0,0,0
3050,RDH10,0,0,0,0,0
3051,EPB42,0,0,0,0,0
3052,NUBPL,0,0,0,0,0
3053,GRB10,0,0,0,0,0
3054,PXDN,0,0,0,0,0
3055,NEUROG3,0,0,0,0,0
3056,EIF5AL1,0,0,0,0,0
3057,APIP,0,0,0,0,0
3058,GNB1,0,0,0,0,0
3059,STT3B,0,0,0,0,0
3060,CRX,0,0,0,0,0
3061,ANPEP,0,0,0,0,0
3062,GRIN2C,0,0,0,0,0
3063,RPS24,0,0,0,0,0
3064,ITGA11,0,0,0,0,0
3065,HERPUD1,0,0,0,0,0
3066,VPREB3,0,0,0,0,0
3067,TMEM38B,0,0,0,0,0
3068,SEC13,0,0,0,0,0
3069,ACR,0,0,0,0,0
3070,MRPL45,0,0,0,0,0
3071,ACIN1,0,0,0,0,0
3072,WDR61,0,0,0,0,0
3073,THOC6,0,0,0,0,0
3074,TUFM,0,0,0,0,0
3075,IFNL3,0,0,0,0,0
3076,UBE2G2,0,0,0,0,0
3077,UBE2C,0,0,0,0,0
3078,GFER,0,0,0,0,0
3079,NLRP14,0,0,0,0,0
3080,CYP4F3,0,0,0,0,0
3081,UVSSA,0,0,0,0,0
3082,LRR1,0,0,0,0,0
3083,PPP1R17,0,0,0,0,0
3084,RPL41,0,0,0,0,0
3085,LRRC47,0,0,0,0,0
3086,TMEM109,1,0,0,0,0
3087,PRDX6,1,0,0,0,0
3088,COA3,0,0,0,0,0
3089,SELP,0,1,0,0,0
3090,NPLOC4,0,0,0,0,0
3091,EXOC4,0,0,0,0,0
3092,TOM1,0,0,0,0,0
3093,NKAP,0,0,0,0,0
3094,HSPH1,0,0,0,0,0
3095,HOXB4,0,0,0,0,0
3096,EPHA6,0,0,0,0,0
3097,RAB27B,0,0,0,0,0
3098,BMPR1A,0,0,0,1,0
3099,LOC107987373,0,0,0,0,0
3100,HCLS1,0,0,0,0,0
3101,AHCYL1,0,0,0,0,0
3102,FGFR1OP2,0,0,0,0,0
3103,CDC7,0,0,0,0,0
3104,NDUFAF5,0,0,0,0,0
3105,FOXO4,0,0,0,0,0
3106,PPP4C,0,0,0,0,0
3107,HPDL,0,0,0,0,0
3108,SRRD,0,0,0,0,0
3109,CRNKL1,0,0,0,0,0
3110,MRE11,0,0,0,0,0
3111,EXO1,0,0,0,0,0
3112,ACKR4,0,0,0,0,0
3113,RPS27A,0,0,0,0,0
3114,TBX5,0,0,0,0,0
3115,MYOZ1,0,0,0,0,0
3116,GDF9,0,0,0,0,0
3117,APC2,0,0,0,0,0
3118,CLEC2B,0,0,0,0,0
3119,GRID2,0,0,0,0,0
3120,DAAM1,0,0,0,0,0
3121,SRRT,0,0,0,0,0
3122,ATP5F1D,0,0,0,0,0
3123,KLHL2,0,0,0,0,0
3124,RPA4,0,0,0,0,0
3125,KLHL7,0,0,0,0,0
3126,IGHV3-16,0,0,0,0,0
3127,MCMDC2,0,0,0,0,0
3128,H4C15,0,0,0,0,0
3129,SLC30A9,0,0,0,0,0
3130,MRPL53,0,0,0,0,0
3131,ATP1B1,0,0,0,0,0
3132,BCO1,0,0,0,0,0
3133,ACY1,0,0,0,0,0
3134,AGRP,0,0,0,0,0
3135,ARMC4,0,0,0,0,0
3136,DVL1,0,0,0,0,0
3137,SNTG2,0,0,0,0,0
3138,CRTAM,0,0,0,0,0
3139,BIN1,0,0,0,0,0
3140,SURF6,0,0,0,0,0
3141,PAK2,0,0,0,0,0
3142,GRIA4,0,0,0,0,0
3143,GPATCH2,0,0,0,0,0
3144,MYC,0,0,0,0,0
3145,SAP30,0,0,0,0,0
3146,SSBP3,0,0,0,0,0
3147,DPPA3,0,0,0,0,0
3148,CTNNA2,0,0,0,0,0
3149,NOP53,0,0,0,0,0
3150,PEX7,0,0,0,0,1
3151,COX4I2,0,0,0,0,0
3152,OTUD5,0,0,0,0,0
3153,RAPSN,0,0,0,0,0
3154,CRYBB1,0,0,0,0,0
3155,BMP5,0,0,0,0,0
3156,PCGF3,0,0,0,0,0
3157,IL6R,0,0,0,0,0
3158,LAMC1,0,0,0,0,0
3159,COX15,0,0,0,0,0
3160,FBH1,0,0,0,0,0
3161,BBS2,0,0,0,0,0
3162,SNRPA,0,0,0,0,0
3163,HIBCH,0,0,0,0,0
3164,AKAP3,0,0,0,0,0
3165,MT-ND4,0,0,0,1,1
3166,TDGF1,0,0,0,0,0
3167,DOCK2,0,0,0,0,0
3168,USP39,0,0,0,0,0
3169,NLRP13,0,0,0,0,0
3170,FDPS,0,0,0,0,0
3171,RSPH14,0,0,0,0,0
3172,CD226,0,0,0,0,0
3173,SIL1,0,0,0,0,0
3174,MIS12,0,0,0,0,0
3175,SERPINB6,0,0,0,0,0
3176,EHD2,1,0,0,0,0
3177,SHMT1,0,0,0,0,0
3178,CHRNB4,0,0,0,0,0
3179,PVR,0,0,0,0,0
3180,TFRC,0,0,0,0,0
3181,HOXB9,0,0,0,0,0
3182,MX2,0,0,0,0,0
3183,CHCHD3,0,0,0,0,0
3184,RNF31,0,0,0,0,0
3185,HKDC1,0,0,0,0,0
3186,IFNAR1,0,0,0,0,0
3187,DIABLO,0,0,0,0,0
3188,CXCL2,0,0,0,0,0
3189,CENPE,0,0,0,0,0
3190,SLC9A3,0,0,0,0,0
3191,UBE4A,0,0,0,0,0
3192,MT-CO3,0,0,0,0,0
3193,GRIA2,0,0,0,0,0
3194,NSUN3,0,0,0,0,0
3195,SUMO1,0,0,0,0,0
3196,SCIN,0,0,0,0,0
3197,CHI3L1,0,0,0,0,0
3198,NPHP3,0,0,0,0,0
3199,MTTP,0,0,0,0,1
3200,ATP6AP1L,0,0,0,0,0
3201,KLHL24,0,0,0,0,0
3202,SSR1,0,0,0,0,0
3203,MED16,0,0,0,0,0
3204,TMED10,0,0,0,0,0
3205,BAP1,0,0,0,0,0
3206,WDR1,0,0,0,0,0
3207,GLB1,0,0,0,0,1
3208,CA9,0,0,0,0,0
3209,CAMP,0,0,0,0,0
3210,GGT6,0,0,0,0,0
3211,SNAP23,0,0,0,0,0
3212,ELAC2,0,0,0,0,1
3213,AMFR,0,0,0,0,0
3214,THBS1,1,0,0,0,0
3215,PIGR,0,0,0,0,0
3216,CLK1,0,0,0,0,0
3217,DDX18,0,0,0,0,0
3218,CA5B,0,0,0,0,0
3219,SARS2-2,0,0,0,0,0
3220,FGF3,0,0,0,0,0
3221,PIANP,0,0,0,0,0
3222,SMAD7,0,0,0,0,0
3223,NHLRC1,0,0,0,0,0
3224,SKAP1,0,0,0,0,0
3225,DOCK4,0,0,0,0,0
3226,CPLX4,0,0,0,0,0
3227,PSMC2,0,0,0,0,0
3228,MTA1,0,0,0,0,0
3229,GALNT1,0,0,0,0,0
3230,FBXL7,0,0,0,0,0
3231,ARHGEF11,0,0,0,0,0
3232,DRAP1,0,0,0,0,0
3233,DNAJC15,0,0,0,0,0
3234,NSUN2,0,0,0,0,0
3235,IRF4,0,0,0,0,0
3236,MAZ,0,0,0,0,0
3237,TP53I3,0,0,0,0,0
3238,CYP27B1,0,0,0,0,0
3239,DUSP1,0,0,0,0,0
3240,ABCD1,0,0,0,0,0
3241,AP4S1,0,0,0,0,0
3242,PGR,0,0,0,0,0
3243,TRPC5,0,0,0,0,0
3244,CWC22,0,0,0,0,0
3245,PDE6G,0,0,0,0,0
3246,PRORP,0,0,0,0,0
3247,TNFRSF21,0,0,0,0,0
3248,TOMM7,0,0,0,0,0
3249,TAF1B,0,0,0,0,0
3250,CDC40,0,0,0,0,0
3251,ATXN7,0,0,0,0,0
3252,BMP1,0,0,0,0,0
3253,SPTBN2,0,0,0,0,0
3254,EBNA1BP2,0,0,0,0,0
3255,NXF1,0,0,0,0,0
3256,DAAM2,0,0,0,0,0
3257,GSK3A,0,0,0,0,0
3258,CCR4,0,0,0,0,0
3259,POP1,0,0,0,0,0
3260,CFDP1,0,0,0,0,0
3261,PRMT5,0,0,0,0,0
3262,HSD17B8,0,0,0,0,0
3263,CALB1,0,0,0,0,0
3264,PIK3CG,0,0,0,0,0
3265,AMMECR1,0,0,0,0,0
3266,UTP11,0,0,0,0,0
3267,P2RY12,0,0,1,0,0
3268,FMN2,0,0,0,0,0
3269,OSBPL7,0,0,0,0,0
3270,C5,1,0,0,0,0
3271,CAMK1G,0,0,0,0,0
3272,TNFRSF18,0,0,0,0,0
3273,GTF2H2,0,0,0,0,0
3274,SELENOS,0,0,0,0,0
3275,UTRN,0,0,0,0,0
3276,F9,1,0,0,0,0
3277,KLHL18,0,0,0,0,0
3278,FMNL1,0,0,0,0,0
3279,SFTPC,0,0,0,0,0
3280,UBE2W,0,0,0,0,0
3281,GGCT,0,0,0,0,0
3282,LSM8,0,0,0,0,0
3283,TCERG1L,0,0,0,0,0
3284,BRCC3,0,0,0,0,0
3285,G3V4G9_HUMAN,0,0,0,0,0
3286,TCEAL1,0,0,0,0,0
3287,GNPTG,0,0,0,0,0
3288,VAMP4,0,0,0,0,0
3289,MKKS,0,0,0,0,0
3290,AQP7,0,0,0,0,0
3291,PLB1,0,0,0,0,0
3292,RAD51C,0,0,0,0,0
3293,ERC1,0,0,0,0,0
3294,C3,1,0,0,0,0
3295,IFNA16,0,0,0,0,0
3296,NOTCH3,0,0,0,1,0
3297,HSD17B2,0,0,0,0,0
3298,POLG,0,0,0,0,0
3299,REXO5,0,0,0,0,0
3300,HSPA1B,0,0,0,0,0
3301,TWF2,1,0,0,0,0
3302,DNMBP,0,0,0,0,0
3303,PAX9,0,0,0,0,0
3304,H3C7,0,0,0,0,0
3305,DPH2,0,0,0,0,0
3306,HDDC3,0,0,0,0,0
3307,SLC12A3,0,0,0,0,0
3308,OAZ3,0,0,0,0,0
3309,LUC7L,0,0,0,0,0
3310,MLST8,0,0,0,0,0
3311,SF1,0,0,0,0,0
3312,GTF3C1,0,0,0,0,0
3313,NAGLU,0,0,0,0,0
3314,TFG,0,0,0,0,0
3315,TMSB10,0,0,0,0,0
3316,ZFYVE1,0,0,0,0,0
3317,NEK9,0,0,0,0,0
3318,RAB5A,0,0,0,0,0
3319,IL15RA,0,0,0,0,0
3320,CCND1,0,0,0,0,0
3321,ST6GALNAC5,0,0,0,0,0
3322,VCX2,0,0,0,0,0
3323,PCLO,0,0,0,0,0
3324,TRAPPC1,0,0,0,0,0
3325,HIC1,0,0,0,0,0
3326,HNRNPDL,0,0,0,0,0
3327,C11orf1,0,0,0,0,0
3328,SLC26A9,0,0,0,0,0
3329,BCAR1,0,0,0,0,0
3330,NOS3,0,0,1,0,0
3331,SKAP2,0,0,0,0,0
3332,P2RY2,0,0,0,0,0
3333,LOXL2,0,0,0,0,0
3334,S100A6,1,0,0,0,0
3335,KDM5A,0,0,0,0,0
3336,ITFG2,0,0,0,0,0
3337,LMCD1,0,0,0,0,0
3338,VCAN,1,0,0,0,0
3339,PROK2,0,0,0,0,0
3340,SPDYE9P,0,0,0,0,0
3341,CCNT1,0,0,0,0,0
3342,CDC25B,0,0,0,0,0
3343,NLRP2,0,0,0,0,0
3344,BDKRB2,0,0,0,0,0
3345,SLC24A4,0,0,0,0,0
3346,TRAPPC6A,0,0,0,0,0
3347,IKZF1,0,0,0,0,0
3348,MTSS1,0,0,0,0,0
3349,EIF2A,0,0,0,0,0
3350,RPL27,0,0,0,0,0
3351,PILRA,0,0,0,0,0
3352,CKM,0,0,1,0,0
3353,WASHC2C,0,0,0,0,0
3354,GADD45B,0,0,0,0,0
3355,TFIP11,0,0,0,0,0
3356,AHNAK,0,0,0,0,0
3357,SMUG1,0,0,0,0,0
3358,DBI,0,0,0,0,0
3359,HNRNPAB,0,0,0,0,0
3360,PAPOLG,0,0,0,0,0
3361,CDK1,0,0,0,0,0
3362,NTRK3,0,0,0,0,0
3363,NUFIP1,0,0,0,0,0
3364,GMPPB,0,0,0,0,0
3365,RPL4,0,0,0,0,0
3366,RXFP2,0,0,0,0,0
3367,NCKIPSD,0,0,0,0,0
3368,ACTR1A,0,0,0,0,0
3369,IGHD,0,0,0,0,0
3370,USP21,0,0,0,0,0
3371,CMC4,0,0,0,0,0
3372,DAPK2,0,0,0,0,0
3373,GYG1,0,0,0,0,0
3374,WDR18,0,0,0,0,0
3375,CCNF,0,0,0,0,0
3376,MAD2L1BP,0,0,0,0,0
3377,MDM2,0,0,0,0,0
3378,IL5RA,0,0,0,0,0
3379,CLCA1,0,0,0,0,0
3380,CLCA4,0,0,0,0,0
3381,SOCS1,0,0,0,0,0
3382,HPX,1,0,0,0,0
3383,CTSZ,0,0,0,0,0
3384,ADAT1,0,0,0,0,0
3385,CA12,0,0,0,0,0
3386,EIF4A1,0,0,0,0,0
3387,PXN,0,0,0,0,0
3388,JMJD7-PLA2G4B,0,0,0,0,0
3389,TRAPPC9,0,0,0,0,0
3390,ECI2,0,0,0,0,0
3391,HNRNPM,0,0,0,0,0
3392,APLP1,0,0,0,0,0
3393,YIPF2,0,0,0,0,0
3394,CNTFR,0,0,0,0,0
3395,CUL5,0,0,0,0,0
3396,NID1,1,0,0,0,0
3397,RPGR,0,0,0,0,0
3398,NOP58,0,0,0,0,0
3399,INPP5A,0,0,0,0,0
3400,SQSTM1,0,0,0,0,0
3401,F11,0,0,1,0,0
3402,ADH7,0,0,0,0,0
3403,USP5,0,0,0,0,0
3404,COL16A1,0,0,0,0,0
3405,REPS2,0,0,0,0,0
3406,FBXO10,0,0,0,0,0
3407,MYLPF,0,0,0,0,0
3408,NSD1,0,0,0,0,0
3409,SRD5A1,0,0,0,0,0
3410,ICAM2,0,0,0,0,0
3411,WHRN,0,0,0,0,0
3412,KCTD2,0,0,0,0,0
3413,NAT10,0,0,0,0,0
3414,NMD3,0,0,0,0,0
3415,CACNG8,0,0,0,0,0
3416,CCL7,0,0,0,0,0
3417,RPS4Y2,0,0,0,0,0
3418,ZIC3,0,0,0,0,0
3419,PCSK1N,0,0,0,0,0
3420,CCNK,0,0,0,0,0
3421,PCBP2,0,0,0,0,0
3422,AKT1S1,0,0,0,0,0
3423,CBSL,0,0,0,0,0
3424,MYH11,1,1,0,1,0
3425,ENSP00000489910,0,0,0,0,0
3426,DTNBP1,0,0,0,0,0
3427,TAS1R1,0,0,0,0,0
3428,SLMAP,0,0,0,0,0
3429,NPAT,0,0,0,0,0
3430,PCK1,0,0,0,0,0
3431,GOT2,1,0,0,0,0
3432,NDUFAF4,0,0,0,0,0
3433,ACAP1,0,0,0,0,0
3434,F10,0,0,0,0,0
3435,ODF1,0,0,0,0,0
3436,FADD,0,0,0,0,0
3437,HEATR6,0,0,0,0,0
3438,SFTPD,0,0,0,0,0
3439,MOB4,0,0,0,0,0
3440,SRSF5,0,0,0,0,0
3441,ALG10,0,0,0,0,0
3442,MGP,1,1,0,0,0
3443,MCM6,0,0,0,0,0
3444,SECISBP2,0,0,0,0,0
3445,GNAI3,0,0,0,0,0
3446,CTNND1,0,0,0,0,0
3447,CCNL2,0,0,0,0,0
3448,PGA5,0,0,0,0,0
3449,H2AC15,0,0,0,0,0
3450,DIAPH3,0,0,0,0,0
3451,NMU,0,0,0,0,0
3452,SIX3,0,0,0,0,0
3453,CEBPZ,0,0,0,0,0
3454,MAGEC2,0,0,0,0,0
3455,RAB3GAP1,0,0,0,0,1
3456,DUSP6,0,0,0,0,0
3457,HTATIP2,0,0,0,0,0
3458,KLHDC10,0,0,0,0,0
3459,MPI,0,0,0,0,0
3460,FGB,1,1,0,0,0
3461,ACOT11,0,0,0,0,0
3462,GREM1,0,0,0,0,0
3463,NUP98,0,0,0,0,0
3464,IFNGR2,0,0,0,0,0
3465,NPC1,0,0,0,0,0
3466,MFGE8,1,0,0,0,0
3467,UGT2B11,0,0,0,0,0
3468,PIGY,0,0,0,0,0
3469,ATP6V1F,0,0,0,0,0
3470,TMA16,0,0,0,0,0
3471,EMD,0,0,0,0,0
3472,MEX3A,0,0,0,0,0
3473,KCNE5,0,0,0,0,0
3474,TGOLN2,0,0,0,0,0
3475,AASS,0,0,0,0,0
3476,STX4,0,0,0,0,0
3477,KDM6B,0,0,0,0,0
3478,IDI1,0,0,0,0,0
3479,GAGE10,0,0,0,0,0
3480,CMC2,0,0,0,0,0
3481,VPS25,0,0,0,0,0
3482,GAGE12H,0,0,0,0,0
3483,PTCH2,0,0,0,0,0
3484,KRI1,0,0,0,0,0
3485,GLG1,0,0,0,0,0
3486,IL13RA1,0,0,0,0,0
3487,MPL,0,1,1,1,0
3488,EMC10,0,0,0,0,0
3489,YKT6,0,0,0,0,0
3490,MBOAT7,0,0,0,0,0
3491,DNAJB9,0,0,0,0,0
3492,KLRK1,0,0,0,0,0
3493,ZDHHC9,0,0,0,0,0
3494,SNRPE,0,0,0,0,0
3495,ACSL3,0,0,0,0,0
3496,SUCLG2,0,0,0,0,0
3497,NDUFA2,0,0,0,0,0
3498,SNX6,0,0,0,0,0
3499,SERTAD3,0,0,0,0,0
3500,UNG,0,0,0,0,0
3501,MOK,0,0,0,0,0
3502,TBL1XR1,0,0,0,0,0
3503,CHAT,0,0,0,0,0
3504,CHMP1B,0,0,0,0,0
3505,ETFA,0,0,0,0,1
3506,PARVB,0,0,0,0,0
3507,IL32,0,0,0,0,0
3508,PTS,0,0,0,0,0
3509,TBC1D7,0,0,0,0,0
3510,RASA1,0,0,0,0,1
3511,HSPA2,0,0,0,0,0
3512,BPI,0,0,0,0,0
3513,CDKN2C,0,0,0,1,0
3514,GAGE12D,0,0,0,0,0
3515,TBC1D5,0,0,0,0,0
3516,LIMA1,0,0,0,0,0
3517,IGFALS,0,0,0,0,0
3518,ACKR1,0,0,0,0,0
3519,FAM168A,0,0,0,0,0
3520,ACD,0,0,0,0,0
3521,ROS1,0,0,0,0,0
3522,PYCR1,0,0,0,0,0
3523,PPP3R1,0,0,0,0,0
3524,DVL3,0,0,0,0,0
3525,F12,0,0,0,0,0
3526,UBASH3B,0,0,0,0,0
3527,FOXA1,0,0,0,0,0
3528,PLA2G4B,0,0,0,0,0
3529,HSD11B2,0,0,0,1,0
3530,WDR46,0,0,0,0,0
3531,TUBA3E,0,0,0,0,0
3532,NEU2,0,0,0,0,0
3533,H4C7,0,0,0,0,0
3534,TAS1R2,0,0,0,0,0
3535,RAET1G,0,0,0,0,0
3536,GDF2,0,1,0,1,1
3537,CXCL13,0,0,0,0,0
3538,PLCD3,0,0,0,0,0
3539,NOVA2,0,0,0,0,0
3540,DCTN5,0,0,0,0,0
3541,CX3CL1,0,0,0,0,0
3542,FLAD1,0,0,0,0,0
3543,FLACC1,0,0,0,0,0
3544,REXO2,0,0,0,0,0
3545,CHN1,0,0,0,0,0
3546,SYT2,0,0,0,0,0
3547,SELE,0,0,0,0,0
3548,ALKBH8,0,0,0,0,0
3549,RGL2,0,0,0,0,0
3550,WRN,0,0,1,0,1
3551,NLRC4,0,0,0,0,0
3552,ATP5MPL,0,0,0,0,0
3553,MAFF,0,0,0,0,0
3554,P4HA1,0,0,0,0,0
3555,PMM2,0,0,0,1,0
3556,CNOT8,0,0,0,0,0
3557,PEG3,0,0,0,0,0
3558,SOS2,0,0,0,0,0
3559,UBXN2B,0,0,0,0,0
3560,RPEL1,0,0,0,0,0
3561,SELENBP1,0,0,0,0,0
3562,DCAF1,0,0,0,0,0
3563,GDA,0,0,0,1,0
3564,GLI2,0,0,0,0,0
3565,KIAA2012,0,0,0,0,0
3566,HARS1,0,0,0,0,0
3567,PAK6,0,0,0,0,0
3568,EMC2,0,0,0,0,0
3569,PPBP,0,0,1,0,0
3570,GYPC,0,0,0,0,0
3571,UQCRB,0,0,0,0,0
3572,NCOA2,0,0,0,0,0
3573,NRL,0,0,0,0,0
3574,VPS53,0,0,0,0,0
3575,EXOC1L,0,0,0,0,0
3576,SELENON,0,0,0,0,1
3577,NFE2L3,0,0,0,0,0
3578,MAPRE3,0,0,0,0,0
3579,TST,0,0,0,0,0
3580,EEF2,0,0,0,0,0
3581,EPS8,0,0,0,0,0
3582,TNFRSF11A,0,0,0,0,0
3583,UTS2B,0,0,0,0,0
3584,PROK1,0,0,0,0,0
3585,CCRL2,0,0,0,0,0
3586,PRKCG,0,0,0,0,0
3587,CFD,0,0,1,0,0
3588,TBL1Y,0,0,0,0,0
3589,CLEC2A,0,0,0,0,0
3590,POLR2F,0,0,0,0,0
3591,GSTM5,0,0,0,0,0
3592,AP1M1,0,0,0,0,0
3593,HHIP,0,0,0,0,0
3594,RPS6,0,0,0,0,0
3595,DCLK3,0,0,0,0,0
3596,DRAXIN,0,0,0,0,0
3597,CRYBG1,0,0,0,0,0
3598,DSCAM,0,0,0,0,0
3599,PSMC3,0,0,0,0,0
3600,CUBN,0,0,0,0,0
3601,EXOC6,0,0,0,0,0
3602,BIK,0,0,0,0,0
3603,GJA3,0,0,0,0,0
3604,YIPF6,0,0,0,0,0
3605,AARS1,0,0,0,0,0
3606,IGF1,1,0,0,0,0
3607,POU4F2,0,0,0,0,0
3608,ITGB3,0,0,0,0,0
3609,ROM1,0,0,0,0,0
3610,IREB2,0,0,0,0,0
3611,HEXA,0,0,0,0,0
3612,EIF4E1B,0,0,0,0,0
3613,TOMM5,0,0,0,0,0
3614,CTDP1,0,0,0,0,0
3615,ARMC8,0,0,0,0,0
3616,PRAMEF2,0,0,0,0,0
3617,MITF,0,0,0,0,0
3618,SYT13,0,0,0,0,0
3619,GALNT17,0,0,0,0,0
3620,DNAJC6,0,0,0,0,0
3621,SLBP,0,0,0,0,0
3622,ACTN2,0,0,0,0,1
3623,DDX39B,0,0,0,0,0
3624,RGPD2,0,0,0,0,0
3625,CMPK1,0,0,0,0,0
3626,CD40,0,0,0,0,0
3627,RAB8A,0,0,0,0,0
3628,PNO1,0,0,0,0,0
3629,MBNL1,0,0,0,0,0
3630,CLCN7,0,0,0,0,0
3631,POLE4,0,0,0,0,0
3632,FBXO22,0,0,0,0,0
3633,B3GALNT2,0,0,0,0,0
3634,SCARB2,0,0,0,0,0
3635,PDE4C-2,0,0,0,0,0
3636,CHMP4B,0,0,0,0,0
3637,CHTF8,0,0,0,0,0
3638,H3C4,0,0,0,0,0
3639,KCTD10,0,0,0,0,0
3640,NAGPA,0,0,0,0,0
3641,COLEC12,0,0,0,0,0
3642,MSI1,0,0,0,0,0
3643,IGLL1,0,0,0,0,0
3644,USP18,0,0,0,0,0
3645,ABCG5,0,0,0,0,0
3646,DNASE1,0,0,0,0,0
3647,EPHX2,0,0,0,0,0
3648,ERMAP,0,0,0,0,0
3649,RBM44,0,0,0,0,0
3650,RAB7B,0,0,0,0,0
3651,UNC5B,0,0,0,0,0
3652,PTEN,1,0,0,0,1
3653,TOB1,0,0,0,0,0
3654,IL10RB,0,0,0,0,0
3655,UBE3A,0,0,0,0,0
3656,GSTZ1,0,0,0,0,0
3657,PIK3R2,0,0,0,0,0
3658,PPL,0,0,0,0,0
3659,MRRF,0,0,0,0,0
3660,TP53BP1,0,0,0,0,0
3661,BAMBI,0,0,0,0,0
3662,MRPL28,0,0,0,0,0
3663,L1CAM,0,0,0,0,0
3664,WNT8B,0,0,0,0,0
3665,FERMT2,0,0,0,0,0
3666,KPNA4,0,0,0,0,0
3667,ERCC2,0,0,0,0,0
3668,CTCF,0,0,0,0,0
3669,FBXW8,0,0,0,0,0
3670,RBCK1,0,0,0,0,0
3671,OAS1,0,0,0,0,0
3672,POLE,0,0,0,0,0
3673,KCNN2,0,0,0,0,0
3674,TRNAU1AP,0,0,0,0,0
3675,CUL7,0,0,0,0,0
3676,A2M,1,0,0,0,0
3677,PTPN12,0,0,0,0,0
3678,DYRK1B,0,0,1,1,0
3679,NAA11,0,0,0,0,0
3680,PYGL,0,0,0,0,0
3681,HSPB6,1,0,0,0,0
3682,CSNK1D,0,0,0,0,0
3683,ACTR1B,0,0,0,0,0
3684,ERGIC2,0,0,0,0,0
3685,PI4KB,0,0,0,0,0
3686,SHARPIN,0,0,0,0,0
3687,FBXL12,0,0,0,0,0
3688,CTSW,0,0,0,0,0
3689,TXNRD1,0,0,0,0,0
3690,KCNN4,0,0,0,0,0
3691,SLC9A3R2,0,0,0,0,0
3692,RABEPK,0,0,0,0,0
3693,LRCH3,0,0,0,0,0
3694,ELL2,0,0,0,0,0
3695,BCKDHA,0,0,0,0,0
3696,NAA10,0,0,0,0,0
3697,CYP2B6,0,0,0,0,0
3698,GAD1,0,0,0,0,0
3699,SHISA9,0,0,0,0,0
3700,TKTL2,0,0,0,0,0
3701,TBC1D10A,0,0,0,0,0
3702,RCAN1,0,0,0,0,0
3703,GTF2H4,0,0,0,0,0
3704,RPS27L,0,0,0,0,0
3705,MYBL2,0,0,0,0,0
3706,RAC2,0,0,0,0,0
3707,EPS8L1,0,0,0,0,0
3708,UGDH,0,0,0,0,0
3709,RLN1,0,0,0,0,0
3710,LGALS3,1,0,0,0,0
3711,SF3B5,0,0,0,0,0
3712,PDP2,0,0,0,0,0
3713,CDS1,0,0,0,0,0
3714,RAB36,0,0,0,0,0
3715,BTK,0,0,0,0,0
3716,COMP,0,0,0,0,0
3717,CPEB4,0,0,0,0,0
3718,RPLP0,0,0,0,0,0
3719,GNA13,0,0,0,0,0
3720,RPS29,0,0,0,0,0
3721,SMARCC1,0,0,0,0,0
3722,IER3,0,0,0,0,0
3723,GADD45GIP1,0,0,0,0,0
3724,MTDH,0,0,0,0,0
3725,DMWD,0,0,0,0,0
3726,LARS1,0,0,0,0,0
3727,MYO1E,0,0,0,0,0
3728,CHMP2B,0,0,0,0,0
3729,MMP23B,0,0,0,0,0
3730,RPL13A,0,0,0,0,0
3731,CENPX,0,0,0,0,0
3732,ELAVL1,0,0,0,0,0
3733,GTF2F2,0,0,0,0,0
3734,PAPSS1,0,0,0,0,0
3735,FLCN,0,0,0,0,0
3736,SLC17A8,0,0,0,0,0
3737,LSM6,0,0,0,0,0
3738,HDAC4,0,0,0,0,0
3739,RPUSD3,0,0,0,0,0
3740,RPL39,0,0,0,0,0
3741,MVB12A,0,0,0,0,0
3742,NOVA1,0,0,0,0,0
3743,ACSL5,0,0,0,0,0
3744,LAG3,0,0,0,0,0
3745,CIR1,0,0,0,0,0
3746,NF1,0,0,0,0,1
3747,LAMTOR5,0,0,0,0,0
3748,TFDP1,0,0,0,0,0
3749,GPN2,0,0,0,0,0
3750,C17orf97,0,0,0,0,0
3751,MSTN,0,0,0,0,0
3752,TAS2R7,0,0,0,0,0
3753,MECR,0,0,0,0,0
3754,PTRH2,0,0,0,0,0
3755,TRPC4AP,0,0,0,0,0
3756,VAV2,0,0,0,0,0
3757,PSMB2,0,0,0,0,0
3758,FBLN1,0,0,0,0,0
3759,AKAP9,0,0,0,0,0
3760,CRHR1,0,0,0,0,0
3761,ARNTL,0,0,0,0,0
3762,OTOF,0,0,0,0,0
3763,GBE1,0,0,0,0,1
3764,RBM7,0,0,0,0,0
3765,BBS10,0,0,0,0,0
3766,ADAM10,0,0,0,0,0
3767,RRP9,0,0,0,0,0
3768,EGF,0,0,0,0,0
3769,IFITM3,0,0,0,0,0
3770,GAR1,0,0,0,0,0
3771,RAB4A,0,0,0,0,0
3772,DCTD,0,0,0,0,0
3773,ATP1A3,0,0,0,0,0
3774,TREH,0,0,0,0,0
3775,RAMP3,0,0,0,0,0
3776,RBMX,0,0,0,0,0
3777,ALAD,0,0,0,0,0
3778,ZNF330,0,0,0,0,0
3779,CLP1,0,0,0,0,0
3780,MEF2B,0,0,0,0,0
3781,GRK7,0,0,0,0,0
3782,EPHA3,0,0,0,0,0
3783,TCEAL2,0,0,0,0,0
3784,AP3S1,0,0,0,0,0
3785,ARHGEF28,0,0,0,0,0
3786,PSG7,0,0,0,0,0
3787,ENSP00000387111,0,0,0,0,0
3788,CACNA1F,0,0,0,0,0
3789,TAF8,0,0,0,0,0
3790,TULP2,0,0,0,0,0
3791,KCTD19,0,0,0,0,0
3792,CDH1,0,0,0,0,0
3793,PAQR7,0,0,0,0,0
3794,MTERF1,0,0,0,0,0
3795,MNAT1,0,0,0,0,0
3796,MPHOSPH6,0,0,0,0,0
3797,EIF4E,0,0,0,0,0
3798,UQCRQ,0,0,0,0,0
3799,GRHPR,0,0,0,0,0
3800,AMACR,0,0,0,0,0
3801,PDCD1,0,0,0,0,0
3802,PRC1,0,0,0,0,0
3803,SLC6A2,0,0,0,0,0
3804,BIVM-ERCC5,0,0,0,0,0
3805,GSTO1,0,0,0,0,0
3806,SRCAP,0,0,0,0,0
3807,IPO4,0,0,0,0,0
3808,LAIR1,0,0,0,0,0
3809,LAMP1,0,0,0,0,0
3810,CERS5,0,0,0,0,0
3811,GNAL,0,0,0,0,0
3812,PNISR,0,0,0,0,0
3813,PEX6,0,0,0,0,0
3814,CUL4B,0,0,0,0,0
3815,TBC1D24,0,0,0,0,0
3816,MAP3K12,0,0,0,0,0
3817,TULP1,0,0,0,0,0
3818,RTF1,0,0,0,0,0
3819,V9GYH0_HUMAN,0,0,0,0,0
3820,DDX46,0,0,0,0,0
3821,EPPIN,0,0,0,0,0
3822,CALCRL,0,0,0,0,0
3823,RPA2,0,0,0,0,0
3824,CARM1,0,0,0,0,0
3825,PIP4K2C,0,0,0,0,0
3826,HOXC5,0,0,0,0,0
3827,BTLA,0,0,0,0,0
3828,INO80C,0,0,0,0,0
3829,RNF43,0,0,0,0,0
3830,EIF5A2,0,0,0,0,0
3831,SGO2,0,0,0,0,0
3832,UBXN1,0,0,0,0,0
3833,AHR,0,0,0,0,0
3834,NPPA,1,0,0,1,1
3835,MTG2,0,0,0,0,0
3836,PRR3,0,0,0,0,0
3837,FZD5,0,0,0,0,0
3838,WDR92,0,0,0,0,0
3839,PPP1R3A,0,0,0,0,0
3840,PKD2,0,0,0,0,0
3841,CDC14A,0,0,0,0,0
3842,TJP1,0,0,0,0,0
3843,FABP4,0,0,0,0,0
3844,NIPA2,0,0,0,0,0
3845,SLC35A1,0,0,0,0,0
3846,DLL4,0,0,0,0,0
3847,CLSPN,0,0,0,0,0
3848,CP,1,0,1,0,1
3849,RTN4,0,0,0,0,0
3850,ITGA6,0,0,0,0,0
3851,PEX13,0,0,0,0,0
3852,GHRHR,0,0,0,0,0
3853,GSTA3,0,0,0,0,0
3854,ATP5PO,0,0,0,0,0
3855,GATA4,0,0,0,1,1
3856,IGSF1,0,0,0,0,0
3857,WIPF3,0,0,0,0,0
3858,SLC7A6OS,0,0,0,0,0
3859,LLGL1,0,0,0,0,0
3860,SH3PXD2A,0,0,0,1,0
3861,SIKE1,0,0,0,0,0
3862,UGT8,0,0,0,0,0
3863,TPTEP2-CSNK1E,0,0,0,0,0
3864,SHLD3,0,0,0,0,0
3865,PRKAA2,0,0,0,0,0
3866,GNPTAB,0,0,0,0,1
3867,YWHAQ,0,0,0,0,0
3868,CST1,0,0,0,0,0
3869,ADAM9,0,0,0,0,0
3870,OST4,0,0,0,0,0
3871,ACTG1,0,0,0,1,0
3872,CCDC124,0,0,0,0,0
3873,CNOT1,0,0,0,0,0
3874,TIMM23,0,0,0,0,0
3875,MED13L,0,0,0,0,0
3876,STATH,0,0,0,0,0
3877,CSF2RA,0,0,0,0,0
3878,TANK,0,0,0,0,0
3879,AIMP2,0,0,0,0,0
3880,ANKRD40,0,0,0,0,0
3881,MRPL12,0,0,0,0,0
3882,KLF6,0,0,0,0,0
3883,GLTP,0,0,0,0,0
3884,LSM12,0,0,0,0,0
3885,HLA-DPB1,0,0,0,0,0
3886,BLMH,1,0,0,0,0
3887,PPAN,0,0,0,0,0
3888,RUSC2,0,0,0,0,0
3889,POLD2,0,0,0,0,0
3890,EIF3M,0,0,0,0,0
3891,ERG28,0,0,0,0,0
3892,CLNK,0,0,0,0,0
3893,ST8SIA1,0,0,0,0,0
3894,EFNB3,0,0,0,0,0
3895,IMPAD1,0,0,0,0,0
3896,PLOD1,0,0,0,0,1
3897,STXBP3,0,0,0,0,0
3898,ATP6V0A4,0,0,0,0,0
3899,TAS2R9,0,0,0,0,0
3900,CEBPE,0,0,0,0,0
3901,STAT4,0,0,0,0,0
3902,TCEA2,0,0,0,0,0
3903,NRBF2,0,0,0,0,0
3904,DHRS9,0,0,0,0,0
3905,F2,1,0,0,1,1
3906,PDE1A,0,0,0,0,0
3907,SPATA5L1,0,0,0,0,0
3908,HSD3B7,0,0,0,0,0
3909,CENPQ,0,0,0,0,0
3910,DNM1,0,0,0,0,0
3911,DCTPP1,0,0,0,0,0
3912,CCNB2,0,0,0,0,0
3913,RAB13,0,0,0,0,0
3914,NXF3,0,0,0,0,0
3915,PAX5,0,0,0,0,0
3916,PIR,0,0,0,0,0
3917,DIAPH2,0,0,0,0,0
3918,LMAN1,0,0,0,0,0
3919,INA,0,0,0,0,0
3920,PTPN5,0,0,0,0,0
3921,PRKAR2A,0,0,0,0,0
3922,EPHA1,0,0,0,0,0
3923,MUC1,0,0,0,0,0
3924,UBXN8,0,0,0,0,0
3925,ATP6V1H,0,0,0,0,0
3926,GAL3ST1,0,0,0,0,0
3927,DIS3L2,0,0,0,0,0
3928,NOL11,0,0,0,0,0
3929,MTMR6,0,0,0,0,0
3930,CASTOR1,0,0,0,0,0
3931,SNPH,0,0,0,0,0
3932,PRPF39,0,0,0,0,0
3933,DEPDC7,0,0,0,0,0
3934,KNL1,0,0,0,0,0
3935,APOO,0,0,0,0,0
3936,ANKRD54,0,0,0,0,0
3937,PPP2R2B,0,0,0,0,0
3938,SMAD2,1,1,0,1,0
3939,PON1,1,0,0,0,0
3940,SEC24A,0,0,0,0,0
3941,HP,1,0,0,0,0
3942,SVBP,0,0,0,0,0
3943,ANAPC4,0,0,0,0,0
3944,RPS28,0,0,0,0,0
3945,NOG,0,0,0,0,0
3946,SPRED1,0,0,0,0,0
3947,ITGAL,0,0,0,0,0
3948,RUVBL1,0,0,0,0,0
3949,UBQLN4,0,0,0,0,0
3950,FAM183A,0,0,0,0,0
3951,DERA,0,0,0,0,0
3952,ANOS1,0,0,0,0,0
3953,AQP9,0,0,0,0,0
3954,GTF3A,0,0,0,0,0
3955,DUSP9,0,0,0,0,0
3956,PDCL,0,0,0,0,0
3957,OSM,0,0,0,0,0
3958,APOOL,0,0,0,0,0
3959,SGSH,0,0,0,0,0
3960,RPS19,1,0,0,0,1
3961,BLNK,0,0,0,0,0
3962,STXBP5,0,0,0,0,0
3963,DNM1L,0,0,0,0,0
3964,DCUN1D2,0,0,0,0,0
3965,WDR3,0,0,0,0,0
3966,PFDN2,0,0,0,0,0
3967,CDCA5,0,0,0,0,0
3968,PHOX2B,0,0,0,0,0
3969,ATP6V1D,0,0,0,0,0
3970,EMC7,0,0,0,0,0
3971,GABRG3,0,0,0,0,0
3972,ARG2,0,0,0,0,0
3973,C1orf158,0,0,0,0,0
3974,NFRKB,0,0,0,0,0
3975,AURKA,0,0,0,0,0
3976,GATA3,0,0,0,0,0
3977,CACNA2D4,0,0,0,0,0
3978,HLA-B,0,0,0,0,0
3979,UCHL5,0,0,0,0,0
3980,SCG2,0,0,0,0,0
3981,EMILIN1,0,0,0,0,0
3982,ACVR1,0,0,0,0,0
3983,RAB22A,0,0,0,0,0
3984,VPS35,0,0,0,0,0
3985,STAT6,0,0,0,0,0
3986,FTSJ1,0,0,0,0,0
3987,PROC,0,0,0,0,0
3988,METTL4,0,0,0,0,0
3989,NDN,0,0,0,1,0
3990,ESCO2,0,0,0,0,0
3991,KPNA3,0,0,0,0,0
3992,PBDC1,0,0,0,0,0
3993,ATP5ME,0,0,0,0,0
3994,TWF1,0,0,0,0,0
3995,CA13,0,0,0,0,0
3996,CDKN2A,0,0,0,0,0
3997,UBXN7,0,0,0,0,0
3998,ENTPD6,0,0,0,0,0
3999,KBTBD8,0,0,0,0,0
4000,RPUSD4,0,0,0,0,0
4001,ROMO1,0,0,0,0,0
4002,NTF4,0,0,0,0,0
4003,AGTR1,0,0,0,0,0
4004,CREB3L2,0,0,0,0,0
4005,HDGF,0,0,0,0,0
4006,CFAP20,0,0,0,0,0
4007,SSB,0,0,0,0,0
4008,ALDH3A1,0,0,0,0,0
4009,MARS1,0,0,0,0,0
4010,KLHL42,0,0,0,0,0
4011,SGCB,0,0,0,0,0
4012,CTTN,0,0,0,0,0
4013,CD74,0,0,0,0,0
4014,MED25,0,0,0,0,0
4015,KCNAB1,0,0,0,0,0
4016,PPP1R2,0,0,0,0,0
4017,CD320,0,0,0,0,0
4018,UGCG,0,0,0,0,0
4019,PFN4,0,0,0,0,0
4020,PRCP,0,0,0,0,0
4021,MAP2K5,0,0,0,0,0
4022,RGL1,0,0,0,0,0
4023,PSMA1,0,0,0,0,0
4024,DNAI1,0,0,0,0,0
4025,USP30,0,0,0,0,0
4026,PPP1R9B,0,0,0,0,0
4027,COL17A1,0,0,0,0,0
4028,PSMA6,0,0,0,0,0
4029,H3-3B,0,0,0,0,0
4030,NUDT12,0,0,0,0,0
4031,SRD5A2,0,0,0,0,0
4032,AMT,0,0,0,0,0
4033,SLC25A12,0,0,0,0,0
4034,NCBP3,0,0,0,0,0
4035,SPC25,0,0,0,0,0
4036,LAMB1,0,0,1,0,0
4037,TRIM32,0,0,0,0,0
4038,JADE1,0,0,0,0,0
4039,CINP,0,0,0,0,0
4040,CCL4,0,0,0,0,0
4041,RPL22L1,0,0,0,0,0
4042,ARPC2,0,0,0,0,0
4043,COX7A2L,0,0,0,1,0
4044,OSTM1,0,0,0,0,0
4045,ITPR3,0,0,0,0,0
4046,UQCR11,0,0,0,0,0
4047,MAGED1,0,0,0,0,0
4048,MYOZ2,0,0,0,0,0
4049,RYR2,0,0,0,0,0
4050,OAZ2,0,0,0,0,0
4051,HLA-DOA,0,0,0,0,0
4052,OPA1,0,0,0,0,0
4053,PLCB2,0,0,0,1,0
4054,NME2,0,0,0,0,0
4055,FOXO3,0,0,0,0,0
4056,RAP1A,0,0,0,0,0
4057,ELK1,0,0,0,0,0
4058,TMEM67,0,0,0,0,0
4059,MAGOHB,0,0,0,0,0
4060,ADGRA1,0,0,0,0,0
4061,SLC6A20,0,0,0,0,0
4062,TERF2,0,0,0,0,0
4063,SNCA,0,0,0,0,0
4064,ETS2,0,0,0,0,0
4065,TPD52L1,0,0,0,0,0
4066,DOK3,0,0,0,0,0
4067,FAAP20,0,0,0,0,0
4068,CRYGS,0,0,0,0,0
4069,CNIH3,0,0,0,0,0
4070,ACRBP,0,0,0,0,0
4071,IGHV3-72,0,0,0,0,0
4072,ILF3,0,0,0,1,0
4073,MRPS21,0,0,0,0,0
4074,VTI1A,0,0,0,0,0
4075,AP5S1,0,0,0,0,0
4076,NR1D1,0,0,0,0,0
4077,FYCO1,0,0,0,0,0
4078,NUP210,0,0,0,0,0
4079,KLHL13,0,0,0,0,0
4080,VPS26B,0,0,0,0,0
4081,TBXA2R,0,0,0,0,0
4082,ROBO1,0,0,0,0,0
4083,MRPL55,0,0,0,0,0
4084,EPHB6,0,0,0,0,0
4085,VWC2,0,0,0,0,0
4086,HOXB6,0,0,0,0,0
4087,DLST,0,0,0,0,1
4088,TLL2,0,0,0,0,0
4089,ADM2,0,0,0,0,0
4090,NCOA5,0,0,0,0,0
4091,EED,0,0,0,0,0
4092,IMPG1,0,0,0,0,0
4093,SORT1,0,0,0,0,0
4094,RPS25,0,0,0,0,0
4095,MYH8,0,0,0,0,0
4096,GNA11,0,0,0,0,1
4097,HEATR1,0,0,0,0,0
4098,SCRT1,0,0,0,0,0
4099,SLC35B2,0,0,0,0,0
4100,ANKS6,0,0,0,0,0
4101,NUP160,0,0,0,0,0
4102,ANKK1,0,0,0,0,0
4103,MRAS,0,0,0,0,0
4104,TLR1,0,0,0,0,0
4105,PTPA,0,0,0,0,0
4106,FARS2,0,0,0,0,0
4107,IVL,0,0,0,0,0
4108,SERPINF2,0,0,0,0,0
4109,ERMARD,0,0,0,0,0
4110,FAM8A1,0,0,0,0,0
4111,DHX35,0,0,0,0,0
4112,MT-CO1,0,0,0,1,1
4113,SUV39H2,0,0,0,0,0
4114,CLMP,0,0,0,0,0
4115,ERV3-1,0,0,0,0,0
4116,CABP1,0,0,0,0,0
4117,WDR12,0,0,0,0,0
4118,NOTCH4,0,0,0,0,0
4119,OSMR,0,0,0,0,0
4120,BANF1,1,0,0,0,0
4121,NDUFS8,0,0,0,0,0
4122,NQO1,0,0,0,0,0
4123,PMAIP1,0,0,0,0,0
4124,GGCX,0,0,0,0,0
4125,SLC4A7,0,0,0,0,0
4126,SORD,0,0,0,0,0
4127,SORBS3,0,0,0,0,0
4128,SNRPC,0,0,0,0,0
4129,TOMM70,0,0,0,0,0
4130,INO80C-2,0,0,0,0,0
4131,TUBGCP5,0,0,0,0,0
4132,MRPL47,0,0,0,0,0
4133,P2RX3,0,0,0,0,0
4134,SH3TC2,0,0,0,0,0
4135,WBP1,0,0,0,0,0
4136,TFAP4,0,0,0,0,0
4137,SNAP29,0,0,0,1,1
4138,MAP3K1,0,0,0,0,0
4139,CUTA,0,0,0,0,0
4140,ORMDL3,0,0,0,0,0
4141,KCNJ12,0,0,0,0,0
4142,AFMID,0,0,0,0,0
4143,SCNN1B,0,0,1,0,0
4144,BCKDHB,0,0,0,0,0
4145,PIP5K1C,0,0,0,0,0
4146,CYP2C18,0,0,0,0,0
4147,CNN1,1,0,0,0,0
4148,IL2RB,0,0,0,0,0
4149,CELSR1,0,0,0,0,0
4150,PRMT7,0,0,0,0,0
4151,FZD6,0,0,0,0,0
4152,CKMT2,0,0,0,0,0
4153,HAUS3,0,0,0,0,0
4154,SHLD1,0,0,0,0,0
4155,EIF3D,0,0,0,0,0
4156,IRF2BPL,0,0,0,0,0
4157,ATP1B3,0,0,0,0,0
4158,SLC6A5,0,0,0,0,0
4159,CCDC47,0,0,0,0,0
4160,USP13,0,0,0,0,0
4161,TFPT,0,0,0,0,0
4162,MAD2L1,0,0,0,0,0
4163,CPEB1,0,0,0,0,0
4164,ATG7,0,0,0,1,0
4165,RASGRP3,0,0,0,0,0
4166,TREM2,0,0,0,0,0
4167,ALKBH2,0,0,0,0,0
4168,SLC22A4,0,0,0,0,0
4169,FZD4,0,0,0,0,0
4170,REXO4,0,0,0,0,0
4171,PRPF40A,0,0,0,0,0
4172,DLGAP3,0,0,0,0,0
4173,DCP2,0,0,0,0,0
4174,NPAS4,0,0,0,0,0
4175,EXOC3L4,0,0,0,0,0
4176,SRRM3,0,0,0,0,0
4177,GMPPA,0,0,0,0,0
4178,CAB39L,0,0,0,0,0
4179,MKI67,0,0,0,0,0
4180,GPATCH2L,0,0,0,0,0
4181,SRRM1,0,0,0,0,0
4182,NXN,0,0,0,0,0
4183,PES1,0,0,0,0,0
4184,CPB2,1,0,0,0,0
4185,ULK1,0,0,0,0,0
4186,THOC7,0,0,0,0,0
4187,GPD2,0,0,0,0,0
4188,TENT4B,0,0,0,0,0
4189,PXDNL,0,0,0,0,0
4190,KCNC1,0,0,0,0,0
4191,PRSS12,0,0,0,0,0
4192,NDUFV3,0,0,0,0,0
4193,UBE2D4,0,0,0,0,0
4194,C5orf49,0,0,0,0,0
4195,DDB1,0,0,0,0,0
4196,RBM4,0,0,0,0,0
4197,WNT5B,0,0,0,0,0
4198,RIPOR2,0,0,0,0,0
4199,ANAPC10,0,0,0,0,0
4200,EPHB1,0,0,0,0,0
4201,WNT9A,0,0,0,0,0
4202,ADGRL2,0,0,0,0,0
4203,POLR2A,0,0,0,0,0
4204,STAT5B,0,0,0,0,0
4205,MLX,0,0,0,0,0
4206,SLCO1A2,0,0,0,0,0
4207,RNF123,0,0,0,0,0
4208,DENR,0,0,0,0,0
4209,ADORA1,0,0,0,0,0
4210,TAF4,0,0,0,0,0
4211,IRF2,0,0,0,0,0
4212,CEP41,0,0,0,0,0
4213,SSU72P8,0,0,0,0,0
4214,ADAMTS12,0,0,0,0,0
4215,SDC4,0,0,0,0,0
4216,RCVRN,0,0,0,0,0
4217,ACOT4,0,0,0,0,0
4218,NPFFR1,0,0,0,0,0
4219,RNF139,0,0,0,0,0
4220,SALL1,0,0,0,0,0
4221,MICAL1,0,0,0,0,0
4222,IGKV2D-29,0,0,0,0,0
4223,THBS2,1,0,0,0,0
4224,CORO1B,0,0,0,0,0
4225,HNRNPH3,0,0,0,0,0
4226,SLX4,0,0,0,0,0
4227,CEACAM1,0,0,0,0,0
4228,EGR1,0,0,0,0,0
4229,OPHN1,0,0,0,0,0
4230,SLC26A2,0,0,0,0,0
4231,KIT,0,0,0,0,0
4232,SERPINF1,0,0,0,0,0
4233,ADRA2B,0,0,0,0,0
4234,HSPB2,0,0,0,0,0
4235,NACA-2,0,0,0,0,0
4236,PLEKHA5,0,0,0,0,0
4237,BLM,0,0,0,0,0
4238,PIK3CA,0,0,0,0,0
4239,LCN1,0,0,0,0,0
4240,DERL3,0,0,0,0,0
4241,MGMT,0,0,0,0,0
4242,TFR2,0,0,0,0,0
4243,VANGL2,0,0,0,0,0
4244,POLR1B,0,0,0,0,0
4245,NACA2,0,0,0,0,0
4246,CYP2A6,0,0,0,0,0
4247,AGXT,0,1,0,1,0
4248,CD24,0,0,0,0,0
4249,VIM,1,0,0,0,0
4250,GYS2,0,0,0,0,0
4251,DDX3Y,0,0,0,0,0
4252,FGG,1,0,0,0,0
4253,CDKN1A,0,0,0,1,0
4254,ARHGDIG,0,0,0,0,0
4255,AP2M1,0,0,0,0,0
4256,OLFM3,0,0,0,0,0
4257,SUPT4H1,0,0,0,0,0
4258,HBA2,1,0,0,0,0
4259,RRP1B,0,0,0,0,0
4260,TLE7,0,0,0,0,0
4261,MRPS28,0,0,0,0,0
4262,PICK1,0,0,0,0,0
4263,KLHL12,0,0,0,0,0
4264,FCGR2A,0,0,0,0,0
4265,PTGER2,0,0,0,0,0
4266,PARD6B,0,0,0,0,0
4267,GADD45G,0,0,0,0,0
4268,NDP,0,0,0,0,0
4269,DNAJC8,0,0,0,0,0
4270,CNOT2,0,0,0,0,0
4271,RFK,0,0,0,0,0
4272,SPINT1,0,0,0,0,0
4273,ITGAE,0,0,0,0,0
4274,CCT2,0,0,0,0,0
4275,CELA2A,0,0,1,0,0
4276,HSD17B13,0,0,0,0,0
4277,ZNF207,0,0,0,0,0
4278,RXYLT1,0,0,0,0,0
4279,PCGF6,0,0,0,0,0
4280,GNPDA2,0,0,0,0,0
4281,WDFY3,0,0,0,0,0
4282,MTMR4,0,0,0,0,0
4283,PXMP4,0,0,0,0,0
4284,NAPB,0,0,0,0,0
4285,SAA4,1,0,0,0,0
4286,PIGL,0,1,0,0,0
4287,DOCK8,0,0,0,0,0
4288,DDX42,0,0,0,0,0
4289,SMAD6,0,0,0,0,0
4290,MYLK4,0,0,0,0,0
4291,KLHDC2,0,0,0,0,0
4292,FTSJ3,0,0,0,0,0
4293,SFRP2,0,0,0,0,0
4294,LAMB2,0,0,0,0,0
4295,NPTN,0,0,0,0,0
4296,PTPRR,0,0,0,0,0
4297,HINFP,0,0,0,0,0
4298,SF3B2,0,0,0,0,0
4299,MGST2,0,0,0,0,0
4300,ACSS1,0,0,0,0,0
4301,WNT8A,0,0,0,0,0
4302,RPS6KA1,0,0,0,0,0
4303,NDUFA4L2,0,0,0,0,0
4304,RUVBL2,0,0,0,0,0
4305,JAK3,0,0,0,0,0
4306,POU3F3,0,0,0,0,0
4307,PCSK9,0,1,1,0,0
4308,STXBP2,0,0,0,0,0
4309,PNLIPRP3,0,0,0,0,0
4310,ACVR2B,0,0,0,0,0
4311,PLA2G15,0,0,0,0,0
4312,SLU7,0,0,0,0,0
4313,GAB2,0,0,0,0,0
4314,ECH1,0,0,0,0,0
4315,RPP14,0,0,0,0,0
4316,TPRKB,0,0,0,0,0
4317,TM6SF2,0,0,0,0,0
4318,BMP2,0,0,0,0,0
4319,PHKG2,0,0,0,0,0
4320,GORASP1,0,0,0,0,0
4321,BCAT2,0,0,0,0,0
4322,PATL2,0,0,0,0,0
4323,SPG21,0,0,0,0,0
4324,UBE2E1,0,0,0,0,0
4325,HNRNPR,0,0,0,0,0
4326,FKBP10,0,0,0,0,0
4327,USP28,0,0,0,1,0
4328,NELFB,0,0,0,0,0
4329,PSMD6,0,0,0,0,0
4330,SLCO1B1,0,0,0,1,0
4331,EYS,0,0,0,0,0
4332,SCN4A,0,0,0,0,1
4333,PAF1,0,0,0,0,0
4334,SLC4A1AP,0,0,0,0,0
4335,EXOSC9,0,0,0,0,0
4336,HRAS,0,0,0,0,0
4337,E2F4,0,0,0,0,0
4338,FDXR,0,0,0,0,0
4339,CMTM6,0,0,0,0,0
4340,SSH1,0,0,0,0,0
4341,CSNK2A3,0,0,0,0,0
4342,TTL,0,0,0,0,0
4343,ADIPOQ,1,0,1,0,0
4344,RASL10A,0,0,0,0,0
4345,XYLT2,0,0,0,0,0
4346,SLC35D1,0,0,0,0,0
4347,NOA1,0,0,0,0,0
4348,RNASE3,0,0,0,0,0
4349,UCK1,0,0,0,0,0
4350,DLX5,0,0,0,0,0
4351,IMMT,0,0,0,0,0
4352,GDAP1,0,0,0,0,0
4353,KIF18B,0,0,0,0,0
4354,CDC42,0,0,0,0,0
4355,PRSS57,0,0,0,0,0
4356,PARP12,0,0,0,0,0
4357,MYH9,0,0,1,0,0
4358,IL23R,0,0,0,0,0
4359,AHCYL2,0,0,0,0,0
4360,CXCL9,0,0,0,0,0
4361,BIRC6,0,0,0,0,0
4362,NDUFA4,0,0,0,0,0
4363,TNPO1,0,0,0,0,0
4364,COX6B2,0,0,0,0,0
4365,MAL2,0,0,0,0,0
4366,NDUFB2,0,0,0,0,0
4367,CALHM1,0,0,0,0,0
4368,HBM,0,0,0,0,0
4369,ST6GAL1,0,0,0,0,0
4370,CPSF7,0,0,0,0,0
4371,CYP17A1,0,0,0,0,0
4372,CORO1A,0,0,1,0,0
4373,GEMIN7,0,0,0,0,0
4374,GLDC,0,0,0,0,0
4375,TGFB1I1,0,0,0,0,0
4376,SMC6,0,0,0,0,0
4377,TAF1A,0,0,0,0,0
4378,JMJD4,0,0,0,0,0
4379,BBS4,0,0,0,0,0
4380,ENSP00000480571,0,0,0,0,0
4381,LOC102724788,0,0,0,0,0
4382,TXLNA,0,0,0,0,0
4383,RAMACL,0,0,0,0,0
4384,VPS52,0,0,0,0,0
4385,RPS4Y1,0,0,0,0,0
4386,HSD17B7,0,0,0,0,0
4387,IFI44L,0,0,0,0,0
4388,LBR,0,0,0,0,0
4389,KAT6B,0,0,0,0,0
4390,XYLB,0,0,0,0,0
4391,PRKCA,0,0,0,0,0
4392,CRIPT,0,0,0,0,0
4393,LIMK1,0,0,0,0,0
4394,PAPOLB,0,0,0,0,0
4395,DCLRE1A,0,0,0,0,0
4396,ERN2,0,0,0,0,0
4397,HNRNPD,0,0,0,0,0
4398,AGL,0,0,0,0,0
4399,UBA3,0,0,0,0,0
4400,DDC,0,0,0,0,0
4401,RC3H2,0,0,0,0,0
4402,AVPR1A,0,0,0,0,0
4403,SF3B3,0,0,0,0,0
4404,ALAS2,0,0,0,0,0
4405,CYP7A1,0,0,0,0,0
4406,MYL9,1,0,0,0,0
4407,SLC17A6,0,0,0,0,0
4408,WT1,0,0,0,0,0
4409,PDGFRA,0,0,0,1,1
4410,CDC25A,0,0,0,0,0
4411,E2F7,0,0,0,0,0
4412,RHOBTB3,0,0,0,0,0
4413,RPS2,0,0,0,0,0
4414,PLXNB1,0,0,0,0,0
4415,PORCN,0,0,0,0,0
4416,SCT,0,0,0,0,0
4417,PSMD4,0,0,0,0,0
4418,CHRAC1,0,0,0,0,0
4419,PRKCD,0,0,0,0,0
4420,ZNF44,0,0,0,0,0
4421,SLC25A23,0,0,0,0,0
4422,DEFA6,0,0,0,0,0
4423,DPPA4,0,0,0,0,0
4424,EEF1A1,0,0,0,0,0
4425,RPL22,1,0,0,0,0
4426,VCP,1,0,0,0,1
4427,PITX1,0,0,0,0,0
4428,TAMM41,0,0,0,0,0
4429,MIS18A,0,0,0,0,0
4430,MT-ND1,0,0,0,1,1
4431,CCL15,0,0,0,0,0
4432,NOLC1,0,0,0,0,0
4433,NAT1,0,0,0,0,0
4434,DDX19A,0,0,0,0,0
4435,BCAP31,0,0,0,0,0
4436,DHPS,0,0,0,0,0
4437,EFS,0,0,0,0,0
4438,PPP2R3A,0,0,0,0,0
4439,COLGALT1,0,0,0,0,0
4440,CLEC4G,0,0,0,0,0
4441,GAB1,0,0,0,0,0
4442,KHSRP,0,0,0,0,0
4443,PROZ,0,0,0,0,0
4444,ARMT1,0,0,0,0,0
4445,FGF22,0,0,0,0,0
4446,SLIT3,0,0,0,0,0
4447,ACSF3,0,0,0,0,0
4448,INS,0,1,1,0,0
4449,RFC2,0,0,0,0,0
4450,PLAC8,0,0,0,0,0
4451,CACNB3,0,0,0,0,0
4452,TEPSIN,0,0,0,0,0
4453,ALKBH4,0,0,0,0,0
4454,CYP2J2,0,0,0,0,0
4455,PRKCE,0,0,0,0,0
4456,DSC2,0,0,0,0,0
4457,TBC1D4,0,0,0,0,0
4458,USH1G,0,0,0,0,0
4459,PRPF40B,0,0,0,0,0
4460,MFN2,0,0,0,0,0
4461,GINS3,0,0,0,0,0
4462,TSPAN12,0,0,0,0,0
4463,MRPS31,0,0,0,0,0
4464,CORO7,0,0,0,0,0
4465,CERK,0,0,0,0,0
4466,CDKN2B,0,0,0,0,0
4467,STIP1,0,0,0,0,0
4468,ALB,1,1,0,0,0
4469,HELZ2,0,0,0,0,0
4470,VRK3,0,0,0,0,0
4471,MAPK1,0,0,0,0,0
4472,NOXO1,0,0,0,0,0
4473,TGFBR1,1,1,0,1,0
4474,B4E171_HUMAN,0,0,0,0,0
4475,AMPD1,0,0,0,0,0
4476,SLC22A7,0,0,0,0,0
4477,VPS39,0,0,0,0,0
4478,GALNT12,0,0,0,0,0
4479,NASP,0,0,0,0,0
4480,FANCE,0,0,0,0,0
4481,RBM25,0,0,0,0,0
4482,LIM2,0,0,0,0,0
4483,PCGF2,0,0,0,0,0
4484,PAFAH1B3,0,0,0,0,0
4485,FGF8,0,0,0,0,0
4486,MEN1,0,0,0,0,0
4487,DHCR7,0,0,0,0,0
4488,LFNG,0,0,0,0,0
4489,HPN,0,0,0,0,0
4490,PWWP3B,0,0,0,0,0
4491,PLPP4,0,0,0,0,0
4492,SIK1,0,0,0,0,0
4493,SUGCT,0,0,0,0,0
4494,PTCD3,0,0,0,0,0
4495,STK26,0,0,0,0,0
4496,DISC1,0,0,0,0,0
4497,BAG6,0,0,0,0,0
4498,ALKBH3,0,0,0,0,0
4499,SUPV3L1,0,0,0,0,0
4500,HDAC1,0,0,0,0,0
4501,TLN2,0,0,0,0,0
4502,PMS2,0,0,0,0,0
4503,TALDO1,0,0,0,0,0
4504,GPS1,0,0,0,0,0
4505,DEFA4,0,0,0,0,0
4506,AKR1D1,0,0,0,0,0
4507,H4C9,0,0,0,0,0
4508,WDR82,0,0,0,0,0
4509,GNG13,0,0,0,0,0
4510,MVB12B,0,0,0,0,0
4511,PAPPA,0,0,0,0,0
4512,PCF11,0,0,0,0,0
4513,MYL5,0,0,0,0,0
4514,ZYX,0,0,0,0,0
4515,SF3B6,0,0,0,0,0
4516,ATM,0,1,0,0,0
4517,ZNF763,0,0,0,0,0
4518,TAC1,0,0,0,0,0
4519,ITPA,0,0,0,0,0
4520,NDUFV1,0,0,0,0,0
4521,COG5,0,0,0,0,0
4522,ARF5,0,0,0,0,0
4523,GRIN3B,0,0,0,0,0
4524,CTRB2,0,0,0,0,0
4525,RGS19,0,0,0,0,0
4526,ADH1C,0,0,0,0,0
4527,PHLPP1,0,0,0,0,0
4528,RPSA,0,0,0,0,0
4529,H3C2,0,0,0,0,0
4530,CASP2,0,0,0,0,0
4531,GSDME,0,0,0,0,0
4532,GID8,0,0,0,0,0
4533,CARD6,0,0,0,0,0
4534,CCL20,0,0,0,0,0
4535,VAMP5,0,0,0,0,0
4536,LMNB2,0,0,0,0,0
4537,MTA2,0,0,0,0,0
4538,TBC1D15,0,0,0,0,0
4539,IARS2,0,0,0,0,0
4540,CDH17,0,0,0,0,0
4541,STAR,0,0,0,0,0
4542,ISYNA1,0,0,0,0,0
4543,AACS,0,0,0,0,0
4544,ADORA2B,0,0,0,0,0
4545,RAB40A,0,0,0,0,0
4546,SPTLC2,0,0,0,0,0
4547,MME,0,0,0,0,0
4548,FBXO46,0,0,0,0,0
4549,PEX14,0,0,0,0,0
4550,TRPC1,0,0,0,0,0
4551,DSCC1,0,0,0,0,0
4552,GCKR,0,0,0,0,0
4553,IL7R,0,0,0,0,0
4554,ANKLE2,0,0,0,0,0
4555,MAPK8IP1,0,0,0,0,0
4556,APBA1,0,0,0,0,0
4557,SMC2,0,0,0,0,0
4558,RNASEH2C,0,0,0,0,0
4559,KARS1,0,0,0,0,0
4560,RAD51D,0,0,0,0,0
4561,ACTR2,0,0,0,0,0
4562,RTF2,0,0,0,0,0
4563,RARB,0,0,0,0,0
4564,CSNK2A1,0,0,0,0,0
4565,CLTA,0,0,0,0,0
4566,SMARCD3,0,0,0,0,0
4567,HIRA,0,0,0,0,0
4568,BBS12,0,0,0,0,0
4569,ARFGAP2,0,0,0,0,0
4570,SYTL4,0,0,0,0,0
4571,RBM22,0,0,0,0,0
4572,SLC34A1,0,0,0,0,0
4573,TREX1,0,0,0,1,0
4574,RPL10,0,0,0,0,0
4575,TRIM29,0,0,0,0,0
4576,KISS1R,0,0,0,0,0
4577,TIMM13,0,0,0,0,0
4578,PBX1,0,0,0,0,0
4579,CAMK4,0,0,0,0,0
4580,NR2E3,0,0,0,0,0
4581,IFNA8,0,0,0,0,0
4582,CBY1,0,0,0,0,0
4583,ANKRA2,0,0,0,0,0
4584,LIN54,0,0,0,0,0
4585,NTS,1,0,0,0,0
4586,LIF,0,0,0,0,0
4587,NMRK1,0,0,0,0,0
4588,EPHA5,0,0,0,0,0
4589,ERVW-1,0,0,0,0,0
4590,PPP1R13B,0,0,0,0,0
4591,KCND3,0,0,0,0,0
4592,COPA,0,0,0,0,0
4593,RBBP4,0,0,0,0,0
4594,GAD2,0,0,0,0,0
4595,STAT2,0,0,0,0,0
4596,ATG14,0,0,0,0,0
4597,GATAD2B,0,0,0,0,0
4598,DTNA,0,0,0,0,1
4599,BHMT,0,0,0,0,0
4600,LHX4,0,0,0,0,0
4601,SOS1,0,0,0,0,0
4602,H3-2,0,0,0,0,0
4603,BBC3,0,0,0,0,0
4604,ARPC1B,0,0,0,0,0
4605,ZC3H8,0,0,0,0,0
4606,SNIP1,0,0,0,0,0
4607,SSTR3,0,0,0,0,0
4608,CBX2,0,0,0,0,0
4609,PEX11A,0,0,0,0,0
4610,SCFD1,0,0,0,0,0
4611,DDX58,0,0,0,0,0
4612,LOC102724159,0,0,0,0,0
4613,C9orf72,0,0,0,0,0
4614,KCNIP1,0,0,0,0,0
4615,UPRT,0,0,0,0,0
4616,CTSD,1,0,0,0,0
4617,RNASEH2A,0,0,0,0,0
4618,ALOX5,0,0,0,0,0
4619,SERPINB10,0,0,0,0,0
4620,TRAF3IP3,0,0,0,0,0
4621,IL10RA,0,0,0,0,0
4622,MRPS9,0,0,0,0,0
4623,ABCA7,0,0,0,0,0
4624,CLU,1,0,0,0,0
4625,MMP7,0,0,0,0,0
4626,CASP6,0,0,0,0,0
4627,IFT122,0,0,0,0,0
4628,WASF3,0,0,0,0,0
4629,PRIMPOL,0,0,0,0,0
4630,EFL1,0,0,0,0,0
4631,TDP1,0,0,0,0,0
4632,CYP2E1,0,0,0,0,0
4633,CCL25,0,0,0,0,0
4634,PPP1R3C,0,0,0,0,0
4635,NPRL3,0,0,0,0,0
4636,VAC14,0,0,0,0,0
4637,TMEM116,0,0,0,0,0
4638,CXCR5,0,0,0,0,0
4639,ST8SIA2,0,0,0,0,0
4640,CENPI,0,0,0,0,0
4641,BMP8A,0,0,0,0,0
4642,GEMIN5,0,0,0,0,0
4643,RNF5,0,0,0,0,0
4644,NDUFC1,0,0,0,0,0
4645,MRPS23,0,0,0,0,0
4646,WDR36,0,0,0,0,0
4647,RBPJ,0,0,0,0,0
4648,CLDN25,0,0,0,0,0
4649,TGFB2,1,1,0,1,0
4650,RAB3IL1,0,0,0,0,0
4651,SEC61A2,0,0,0,0,0
4652,LGALS9,0,0,0,0,0
4653,TPM1,0,0,0,0,1
4654,MESP2,0,0,0,0,0
4655,GNG3,0,0,0,0,0
4656,RETREG1,0,0,0,0,0
4657,SGK1,0,0,0,0,0
4658,NFYC,0,0,0,0,0
4659,FBXL14,0,0,0,0,0
4660,COL9A3,0,0,0,0,0
4661,DPY30,0,0,0,0,0
4662,CTRL,0,0,0,0,0
4663,CEPT1,0,0,0,0,0
4664,TPSD1,0,0,0,0,0
4665,HOXA10,0,0,0,0,0
4666,DPYD,0,0,0,0,0
4667,TUT1,0,0,0,0,0
4668,INSR,0,0,0,0,0
4669,PNPT1,0,0,0,0,0
4670,TSC22D3,0,0,0,0,0
4671,DGAT2,0,0,0,0,0
4672,TRPM3,0,0,0,0,0
4673,PARP1,0,0,0,0,0
4674,WDR77,0,0,0,0,0
4675,FBXO44,0,0,0,0,0
4676,LAMA3,0,0,0,0,0
4677,GPR1,0,0,0,0,0
4678,MPO,0,0,0,0,0
4679,PUS10,0,0,0,0,0
4680,FOXD3,0,0,0,0,0
4681,KDM5C,0,0,0,0,0
4682,RXRB,0,0,0,0,0
4683,ZCCHC8,0,0,0,0,0
4684,RTP4,0,0,0,0,0
4685,PAX4,0,0,0,0,0
4686,TMSB4X,0,0,0,0,0
4687,NCALD,0,0,0,0,0
4688,HCFC2,0,0,0,0,0
4689,NPAS2,0,0,0,0,0
4690,AZU1,0,0,0,0,0
4691,BUD31,0,0,0,0,0
4692,E2F1,0,0,0,0,0
4693,GPX5,0,0,0,0,0
4694,PSMC3IP,0,0,0,0,0
4695,MED14,0,0,0,0,0
4696,CISH,0,0,0,0,0
4697,NEO1,0,0,0,0,0
4698,FBXL15,0,0,0,0,0
4699,NPY,0,0,0,0,0
4700,GSTT2B,0,0,0,0,0
4701,DPYSL2,1,0,0,0,0
4702,BRF1,0,0,0,0,0
4703,S100A4,0,0,0,0,0
4704,XRCC3,0,0,0,0,0
4705,POU2F2,0,0,0,0,0
4706,EIF3L,0,0,0,0,0
4707,ACOX2,0,0,0,0,0
4708,FOXH1,0,0,0,0,0
4709,GNLY,0,0,0,0,1
4710,PEX1,0,0,0,0,0
4711,NAA30,0,0,0,0,0
4712,VAV3,0,0,0,0,0
4713,DDIT3,0,0,0,0,0
4714,OCLN,0,0,0,0,0
4715,A4GALT,0,0,0,0,0
4716,CCPG1,0,0,0,0,0
4717,UBE2J1,0,0,0,0,0
4718,BBS5,0,0,0,0,0
4719,DNAJB14,0,0,0,0,0
4720,ATF4,0,0,0,0,0
4721,GUCA1A-2,0,0,0,0,0
4722,TNFRSF1B,0,0,0,0,0
4723,HYKK,0,0,0,0,0
4724,ZFP62,0,0,0,0,0
4725,LIPE,0,0,0,0,0
4726,TMEM37,0,0,0,0,0
4727,MPP2,0,0,0,0,0
4728,CNGB1,0,0,0,0,0
4729,LPXN,0,0,0,0,0
4730,RPS19BP1,0,0,0,0,0
4731,CACHD1,0,0,0,0,0
4732,CGA,0,0,0,0,0
4733,PTPRN,0,0,0,0,0
4734,GSK3B,0,0,0,0,0
4735,TDP2,0,0,0,0,0
4736,SPP1,1,0,0,0,0
4737,PLCB4,0,0,0,1,0
4738,KLHL9,0,0,0,0,0
4739,CACYBP,0,0,0,0,0
4740,SKA3,0,0,0,0,0
4741,ASF1B,0,0,0,0,0
4742,RBP3,0,0,0,0,0
4743,CHMP7,0,0,0,0,0
4744,DGCR2,0,0,0,0,0
4745,SIRT7,0,0,0,0,0
4746,HIP1,0,0,0,0,0
4747,WNT1,0,0,0,0,0
4748,PPIL3,0,0,0,0,0
4749,MNX1,0,0,0,0,0
4750,R3HDML,0,0,0,0,0
4751,YWHAG,0,0,0,0,0
4752,RPS18,0,0,0,0,0
4753,IDNK,0,0,0,0,0
4754,CYREN,0,0,0,0,0
4755,SERPINE1,0,1,0,0,0
4756,PIGP,0,0,0,0,0
4757,PHAX,0,0,0,0,0
4758,LRTOMT-2,0,0,0,0,0
4759,ZIC1,0,0,0,0,0
4760,IL1B,0,0,0,0,0
4761,ITGA3,0,0,0,0,0
4762,SLC22A3,0,0,0,0,0
4763,C2orf49,0,0,0,0,0
4764,SI,0,0,0,0,0
4765,PBRM1,0,0,0,0,0
4766,NDUFB1,0,0,0,0,0
4767,MAP3K14,0,0,0,0,0
4768,USP4,0,0,0,0,0
4769,UNC93B1,0,0,0,0,0
4770,GAL,0,0,0,0,0
4771,TDRD7,0,0,0,0,0
4772,TPM4,0,0,0,0,0
4773,NLRP6,0,0,0,0,0
4774,STAG3,0,0,0,0,0
4775,ABCB4,0,0,0,0,0
4776,ACTN1,1,0,0,0,0
4777,THOC3,0,0,0,0,0
4778,IL22RA1,0,0,0,0,0
4779,SDR42E1,0,0,0,0,0
4780,PLLP,0,0,0,0,0
4781,PEX11G,0,0,0,0,0
4782,PPP4R1,0,0,0,0,0
4783,KLRG1,0,0,0,0,0
4784,LAMA4,0,0,0,0,0
4785,SPACA9,0,0,0,0,0
4786,ERF,0,0,0,0,0
4787,NOMO2,0,0,0,0,0
4788,TTLL12,0,0,0,0,0
4789,UBE2A,0,1,0,0,0
4790,UBE2S,0,0,0,0,0
4791,SERPINB3,0,0,0,0,0
4792,CD8A,0,0,0,0,0
4793,CD151,0,0,0,0,0
4794,REV3L,0,0,0,0,0
4795,PASK,0,0,0,0,0
4796,FFAR2,0,0,0,0,0
4797,CHST14,0,0,0,0,0
4798,PIK3CD,0,0,0,0,0
4799,SOST,0,0,0,0,0
4800,GALT,0,0,0,0,0
4801,POP4,0,0,0,0,0
4802,GABARAPL2,0,0,0,0,0
4803,APOA1,1,0,0,0,0
4804,ATP2A3,0,0,0,0,0
4805,ERO1A,0,0,0,0,0
4806,CS,0,0,0,0,0
4807,CEP350,0,0,0,0,0
4808,ADSS1,0,0,0,0,0
4809,ENSP00000492798,0,0,0,0,0
4810,IDH3G,0,0,0,0,0
4811,MAP1S,0,0,0,0,0
4812,SYN3,0,0,0,0,0
4813,INPP1,0,0,0,0,0
4814,H2AX,0,0,0,0,0
4815,MTIF2,0,0,0,0,0
4816,GPC4,0,0,0,0,0
4817,PYGM,0,0,0,0,0
4818,PSG1,0,0,0,0,0
4819,P2RX2,0,0,0,0,0
4820,LSM4,0,0,0,0,0
4821,FLT4,0,0,0,0,0
4822,BRCA1,0,0,0,0,0
4823,TRAPPC4,0,0,0,0,0
4824,OC90,0,0,0,0,0
4825,TG,0,0,0,0,0
4826,LIFR,0,0,0,0,0
4827,ATP1A2,0,0,0,0,0
4828,SPN,0,0,0,0,0
4829,MPZL1,0,0,0,0,0
4830,STRAP,0,0,0,0,0
4831,AMDHD2,0,0,0,0,0
4832,NDUFA11,0,0,0,0,0
4833,HSDL2,0,0,0,0,0
4834,RPP30,0,0,0,0,0
4835,SS18,0,0,0,0,0
4836,PIK3C2B,0,0,0,0,0
4837,RFWD3,0,0,0,0,0
4838,SFRP5,0,0,0,0,0
4839,HACD1,0,0,0,0,0
4840,RPGRIP1,0,0,0,0,0
4841,EMC6,0,0,0,0,0
4842,RASGRP1,0,0,0,0,0
4843,RET,0,0,0,0,1
4844,TRIB1,0,0,0,0,0
4845,DNAH1,0,0,0,0,0
4846,THRB,0,0,0,0,0
4847,HPD,0,0,0,0,0
4848,DDX27,0,0,0,0,0
4849,HOXA9,0,0,0,0,0
4850,GNGT1,0,0,0,0,0
4851,CACNG4,0,0,0,0,0
4852,BAG4,0,0,0,0,0
4853,SUDS3,0,0,0,0,0
4854,CSF3R,0,0,0,0,0
4855,ANK2,0,0,0,0,0
4856,MYLK,1,1,0,1,0
4857,PARK7,0,0,0,0,0
4858,MYCBP2,0,0,0,0,0
4859,CFTR,0,0,0,0,1
4860,PSMB4,0,0,0,0,0
4861,CENPU,0,0,0,0,0
4862,COG6,0,0,0,0,0
4863,PTDSS1,0,0,0,0,0
4864,NOL10,0,0,0,0,0
4865,DPYSL5,0,0,0,0,0
4866,RGS7,0,0,0,1,0
4867,DAB2,0,0,0,0,0
4868,CPSF3,0,0,0,0,0
4869,PDGFRB,0,0,0,0,0
4870,DYNC1H1,0,0,0,0,0
4871,RFX5,0,0,0,0,0
4872,MSI2,0,0,0,0,0
4873,RAB27A,0,0,0,0,0
4874,TUBB,0,0,0,0,1
4875,POLR1E,0,0,0,0,0
4876,MRPL38,0,0,0,0,0
4877,NIFK,0,0,0,0,0
4878,SCAF4,0,0,0,0,0
4879,AP5Z1,0,0,0,0,0
4880,BMS1,0,0,0,0,0
4881,TBC1D10C,0,0,0,0,0
4882,IFNA7,0,0,0,0,0
4883,OGG1,0,0,0,0,0
4884,XIAP,0,0,0,0,0
4885,LOR,0,0,0,0,0
4886,WDR6,0,0,0,0,0
4887,UNC5C,0,0,0,0,0
4888,CD28,0,0,0,0,0
4889,PRDM14,0,0,0,0,0
4890,ASPM,0,0,0,0,0
4891,PSMB1,0,0,0,0,0
4892,RAB18,0,0,0,0,0
4893,REC8,0,0,0,0,0
4894,PAX2,0,0,0,0,0
4895,SMAD4,1,1,0,1,1
4896,TUBB4B,0,0,0,0,0
4897,GART,0,0,0,0,0
4898,TAF13,0,0,0,0,0
4899,RASSF1,0,0,0,0,0
4900,CLASRP,0,0,0,0,0
4901,KDM6A,0,0,0,0,0
4902,SSU72P3,0,0,0,0,0
4903,WNT16,0,0,0,0,0
4904,RAD51AP1,0,0,0,0,0
4905,DPF2,0,0,0,0,0
4906,YIPF3,0,0,0,0,0
4907,RPS3A,0,0,0,0,0
4908,LRP2,0,0,0,0,0
4909,ACADS,0,0,0,0,0
4910,CUX1,0,0,0,0,0
4911,FAM166C,0,0,0,0,0
4912,GUF1,0,0,0,0,0
4913,ASPN,0,0,0,0,0
4914,GOT1L1,0,0,0,0,0
4915,EPO,0,0,0,0,0
4916,MAP3K4,0,0,0,0,0
4917,TERF2IP,0,0,0,0,0
4918,BRD2,0,0,0,0,0
4919,HOXC13,0,0,0,0,0
4920,DYNLRB1,0,0,0,0,0
4921,TARBP2,0,0,0,0,0
4922,TPRN,0,0,0,0,0
4923,CACTIN,0,0,0,0,0
4924,SLC8A2,0,0,0,0,0
4925,EPHA8,0,0,0,0,0
4926,CHAF1B,0,0,0,0,0
4927,SCML2,0,0,0,0,0
4928,NDUFB9,0,0,0,0,0
4929,CXCL5,0,0,0,0,0
4930,RBFOX3,0,0,0,0,0
4931,GHR,0,0,0,0,0
4932,DNAAF5,0,0,0,0,0
4933,GALNT7,0,0,0,0,0
4934,GLYCTK,0,0,0,0,0
4935,PPP2R1B,0,0,0,0,0
4936,TNNI3,0,0,1,1,0
4937,LPCAT4,0,0,0,0,0
4938,PLCD1,0,0,0,0,0
4939,KAT8,0,0,0,0,0
4940,MAPK11,0,0,0,0,0
4941,DENND2B,0,0,0,0,0
4942,ZFAND1,0,0,0,0,0
4943,DUOXA2,0,0,0,0,0
4944,GHSR,0,0,0,0,0
4945,MCM7,0,0,0,0,0
4946,GPR42,0,0,0,0,0
4947,SKIV2L,0,1,0,0,0
4948,HSPB1,1,0,0,0,0
4949,ATXN7L3,0,0,0,0,0
4950,CTPS1,0,0,0,0,0
4951,P3H3,0,0,0,0,0
4952,EDN1,0,0,0,0,0
4953,RLBP1,0,0,0,0,0
4954,GAS2L1,0,0,0,0,0
4955,SC5D,0,0,0,0,0
4956,GEMIN6,0,0,0,0,0
4957,PGAM4,0,0,0,0,0
4958,CSF1,0,0,0,0,0
4959,IGHV3-43D,0,0,0,0,0
4960,CALCR,0,0,0,0,0
4961,ALG8,0,0,0,0,0
4962,YAF2,0,0,0,0,0
4963,DLG5,0,0,0,0,0
4964,STX12,0,0,0,0,0
4965,UQCRC1,0,0,0,0,0
4966,RGMB,0,0,0,0,0
4967,VEGFD,0,0,0,0,0
4968,ATL3,0,0,0,0,0
4969,HSPG2,0,0,0,0,0
4970,INVS,0,0,0,0,0
4971,MND1,0,0,0,0,0
4972,HIF1AN,0,0,0,0,0
4973,TIMM17B,0,0,0,0,0
4974,ABCD2,0,0,0,0,0
4975,ZC3HAV1,0,0,0,0,0
4976,MRPS26,0,0,0,0,0
4977,ZBP1,0,0,0,0,0
4978,MSH6,0,0,0,0,0
4979,TIMP1,1,0,0,0,0
4980,BTC,0,0,0,0,0
4981,DNAAF1,0,0,0,0,0
4982,DNAAF3,0,0,0,0,0
4983,AMBRA1,0,0,0,0,0
4984,CASP5,0,0,0,0,0
4985,P2RX1,0,0,0,0,0
4986,SLC25A43,0,0,0,0,0
4987,GABRG1,0,0,0,0,0
4988,CHM,0,0,0,0,0
4989,IK,0,0,0,0,0
4990,PCARE,0,0,0,0,0
4991,POMGNT2,0,0,0,0,0
4992,CARS1,0,0,0,0,0
4993,RDX,0,0,0,0,0
4994,UBL7,0,0,0,0,0
4995,ARF4,0,0,0,0,0
4996,PRKD2,0,0,0,0,0
4997,ZC3HC1,0,0,0,0,0
4998,ANGPT1,0,0,0,0,0
4999,CCDC151,0,0,0,0,0
5000,DNAJC9,0,0,0,0,0
5001,ITIH2,1,0,0,0,0
5002,PPP1R3D,0,0,0,0,0
5003,KCNJ13,0,0,0,0,0
5004,DR1,0,0,0,0,0
5005,CASP1,0,0,0,0,0
5006,ABCF2,0,0,0,0,0
5007,OTUD3,0,0,0,0,0
5008,XBP1,0,0,0,0,0
5009,WDHD1,0,0,0,0,0
5010,UBE2V2,0,0,0,0,0
5011,ITGA1,0,0,0,0,0
5012,REL,0,0,0,0,0
5013,WASHC3,0,0,0,0,0
5014,HLA-C,0,0,0,0,0
5015,CASS4,0,0,0,0,0
5016,CCDC74B,0,0,0,0,0
5017,KRT1,0,0,0,0,0
5018,ADHFE1,0,0,0,0,0
5019,FEM1A,0,0,0,0,0
5020,SLCO1B3,0,0,0,0,0
5021,KIAA0319,0,0,0,0,0
5022,ATP1A1,0,0,0,0,0
5023,OBP2A,0,0,0,0,0
5024,FSCN1,0,0,0,0,0
5025,UHMK1,0,0,0,0,0
5026,UBFD1,0,0,0,0,0
5027,ALKBH1,0,0,0,0,0
5028,NKX2-1,0,0,0,0,0
5029,DDIT4,0,0,0,0,0
5030,GNAS,0,0,0,0,0
5031,IVD,0,0,0,0,0
5032,GPHN,0,0,0,0,0
5033,COPS7A,0,0,0,0,0
5034,PPP1CA,0,0,0,0,0
5035,CHST10,0,0,0,0,0
5036,EIF6,0,0,0,0,0
5037,MX1,0,0,0,0,0
5038,VPS18,0,0,0,0,0
5039,KIF15,0,0,0,0,0
5040,IL13RA2,0,0,0,0,0
5041,ATP6V1G3,0,0,0,0,0
5042,ING5,0,0,0,0,0
5043,GCK,0,0,0,0,0
5044,PRKCZ,0,0,0,1,0
5045,GABARAP,0,0,0,0,0
5046,MPND,0,0,0,0,0
5047,UST,0,0,0,0,0
5048,NDUFA10,0,0,0,0,0
5049,LINGO1,0,0,0,0,0
5050,PSME4,0,0,0,0,0
5051,C7,0,0,0,0,0
5052,SH2D1A,0,0,0,0,0
5053,SRA1,0,0,0,0,0
5054,PPCS,0,0,0,0,0
5055,RXFP4,0,0,0,0,0
5056,OLFM4,0,0,0,0,0
5057,TNKS1BP1,0,0,0,0,0
5058,NCOA7,0,0,0,0,0
5059,SMS,0,0,0,0,0
5060,VNN2,0,0,0,0,0
5061,HLA-DOB,0,0,0,0,0
5062,NEMF,0,0,0,0,0
5063,RAPGEF3,0,0,0,0,0
5064,PLCB1,0,0,0,0,0
5065,PAH,0,0,0,0,0
5066,PTGS1,0,0,0,0,0
5067,CCR6,0,0,0,0,0
5068,KIAA0319L,0,0,0,0,0
5069,OPLAH,0,0,0,0,0
5070,SOCS3,0,0,0,0,0
5071,B4GALT1,0,0,0,0,0
5072,RPS10,0,0,0,0,0
5073,EML4,0,0,0,0,0
5074,CBX6,0,0,0,0,0
5075,UXT,0,0,0,0,0
5076,TNMD,0,0,0,0,0
5077,VASN,0,0,0,0,0
5078,HK1,0,0,0,1,0
5079,POTEB2,0,0,0,0,0
5080,RIOK3,0,0,0,0,0
5081,TNFRSF12A,0,0,0,0,0
5082,SNX5,0,0,0,0,0
5083,PLS1,0,0,0,0,0
5084,DDA1,0,0,0,0,0
5085,MAGEL2,0,0,0,0,0
5086,HFM1,0,0,0,0,0
5087,PRPH2,0,0,0,0,0
5088,APOBEC3C,0,0,0,0,0
5089,PYGO2,0,0,0,0,0
5090,IQGAP2,0,0,0,0,0
5091,SIRT6,0,0,0,0,0
5092,EZH1,0,0,0,0,0
5093,GRWD1,0,0,0,0,0
5094,LDHC,0,0,0,0,0
5095,LEF1,0,0,0,0,0
5096,CLNS1A,0,0,0,0,0
5097,UGT2B28,0,0,0,0,0
5098,CDCA2,0,0,0,0,0
5099,PML,0,0,0,0,0
5100,PPP2R5D,0,0,0,0,0
5101,CDO1,0,0,0,0,0
5102,NAPA,0,0,0,0,0
5103,ATG2A,0,0,0,0,0
5104,GNS,0,0,0,0,0
5105,PNPLA4,0,0,0,0,0
5106,CEBPA,0,0,0,0,0
5107,HSPB11,0,0,0,0,0
5108,NBL1,0,0,0,0,0
5109,SLC1A1,0,0,0,0,0
5110,TNFRSF10D,0,0,0,0,0
5111,PDZD11,0,0,0,0,0
5112,WDR31,0,0,0,0,0
5113,KRT9,0,0,0,0,0
5114,PABPC1L2A,0,0,0,0,0
5115,RSPH1,0,0,0,0,0
5116,GPIHBP1,0,0,0,0,0
5117,PTH1R,0,0,0,0,0
5118,MCM8-2,0,0,0,0,0
5119,PTPN7,0,0,0,0,0
5120,H4C12,0,0,0,0,0
5121,IL1RAP,0,0,0,0,0
5122,GRN,0,0,0,0,0
5123,ECM2,0,0,0,0,0
5124,STARD3,0,0,0,0,0
5125,BMP4,0,0,0,0,0
5126,LAPTM4B,0,0,0,0,0
5127,GINS4,0,0,0,0,0
5128,CCAR1,0,0,0,0,0
5129,KRIT1,0,0,0,0,0
5130,TRO,0,0,0,0,0
5131,ANP32E,0,0,0,0,0
5132,FAM167A,0,0,0,0,0
5133,MRPL41,0,0,0,0,0
5134,ASB10,0,0,0,0,0
5135,AMHR2,0,0,0,0,0
5136,EIF3H,0,0,0,0,0
5137,ESRRB,0,0,0,0,0
5138,TNFRSF10C,0,0,0,0,0
5139,NDUFA1,0,0,0,0,0
5140,LAPTM4A,0,0,0,0,0
5141,DHH,0,0,0,0,0
5142,RRN3,0,0,0,0,0
5143,EIF3J,0,0,0,0,0
5144,RC3H1,0,0,0,0,0
5145,IFI16,0,0,0,0,0
5146,USP10,0,0,0,0,0
5147,SYMPK,0,0,0,0,0
5148,MRPS17,0,0,0,0,0
5149,AK1,0,0,1,0,0
5150,RXFP3,0,0,0,0,0
5151,TBL3,0,0,0,0,0
5152,TH,0,0,0,0,0
5153,SMOC1,0,0,0,0,0
5154,ATXN7-2,0,0,0,0,1
5155,FANCI,0,0,0,0,0
5156,H2BC7,0,0,0,0,0
5157,GLI3,0,0,0,0,0
5158,GALNT8,0,0,0,0,0
5159,FAM166B,0,0,0,0,0
5160,KYNU,0,0,0,0,0
5161,ISOC2,0,0,0,0,0
5162,P4HA2,0,0,0,0,0
5163,PTK2,0,0,0,0,0
5164,ALDH3A2,0,0,0,0,0
5165,GSTP1,1,0,0,0,0
5166,AK4,0,0,0,0,0
5167,MSMO1,0,0,0,0,0
5168,SLC39A7,0,0,0,0,0
5169,RAB9B,0,0,0,0,0
5170,TCAP,0,0,0,0,0
5171,LAMTOR2,0,0,0,0,0
5172,EFNB2,0,0,0,0,0
5173,NNT,0,0,0,0,0
5174,ENPP7,0,0,0,0,0
5175,EPGN,0,0,0,0,0
5176,H3C6,0,0,0,0,0
5177,CTH,0,0,0,0,0
5178,PAPSS2,0,0,0,0,0
5179,SUPT6H,0,0,0,0,0
5180,CLIP1,0,0,0,0,0
5181,PCTP,0,0,0,0,0
5182,CDK5,0,0,0,0,0
5183,UCK2,0,0,0,0,0
5184,CA8,0,0,0,0,0
5185,SLPI,0,0,0,0,0
5186,PRKY,0,0,0,0,0
5187,ALG11,0,0,0,0,0
5188,CD36,0,0,0,0,0
5189,SCUBE3,0,0,0,0,0
5190,ARNTL2,0,0,0,0,0
5191,FBLL1,0,0,0,0,0
5192,USP11,0,0,0,0,0
5193,RGS3,0,0,0,0,0
5194,SMN2,0,0,0,0,0
5195,NMNAT3,0,0,0,0,0
5196,MRPS2,0,0,0,0,0
5197,SOD2-2,0,0,0,0,0
5198,IYD,0,0,0,0,0
5199,TMEM43,0,0,0,0,1
5200,ABCE1,0,0,0,0,0
5201,CYP3A4,0,0,0,0,0
5202,XPNPEP1,0,0,0,0,0
5203,E2F2,0,0,0,0,0
5204,METTL16,0,0,0,0,0
5205,SIM1,0,0,0,0,0
5206,SH2D4A,0,0,0,0,0
5207,VTI1B,0,0,0,0,0
5208,RBL1,0,0,0,0,0
5209,MED6,0,0,0,0,0
5210,SYNM,0,0,0,0,0
5211,TK2,0,0,0,0,1
5212,CYP11B1,0,0,0,0,0
5213,KBTBD7,0,0,0,0,0
5214,GAGE12E,0,0,0,0,0
5215,VRK1,0,0,0,0,0
5216,FGF23,0,0,0,0,0
5217,LPCAT1,0,0,0,0,0
5218,CLCN1,0,0,0,0,0
5219,AGPS,0,0,0,0,0
5220,IRAK4,0,0,0,0,0
5221,MED9,0,0,0,0,0
5222,PDX1,0,0,0,0,0
5223,PIK3R6,0,0,0,0,0
5224,ARF6,0,0,0,0,0
5225,CD5,0,0,0,0,0
5226,CYC1,0,0,0,0,0
5227,TP63,0,0,0,0,0
5228,KRR1,0,0,0,0,0
5229,VLDLR,0,0,0,0,0
5230,CDAN1,0,0,0,0,0
5231,SH3GL2,0,0,0,0,0
5232,RAD52,0,0,0,0,0
5233,HSPB3,0,0,0,0,0
5234,RPL13,0,0,0,0,0
5235,TIMM10,0,0,0,0,0
5236,MGST3,0,0,0,0,0
5237,SEC63,0,0,0,0,0
5238,TMEM189-UBE2V1,0,0,0,0,0
5239,SLC35B4,0,0,0,0,0
5240,ERAL1,0,0,0,0,0
5241,SPATA16,0,0,0,0,0
5242,FBXW4,0,0,0,0,0
5243,DDX24,0,0,0,0,0
5244,ADCYAP1R1,0,0,0,0,0
5245,TTC26,0,0,0,0,0
5246,EIF3C,0,0,0,0,0
5247,RNF20,0,0,0,0,0
5248,SIGMAR1,0,0,0,0,0
5249,DOLK,0,0,0,0,0
5250,KCNAB3,0,0,0,0,0
5251,KISS1,0,0,0,0,0
5252,NPDC1,0,0,0,0,0
5253,CTC1,0,0,0,0,0
5254,TCF12,0,0,0,0,0
5255,ROPN1L,0,0,0,0,0
5256,FANCL,0,0,0,0,0
5257,DDT,0,0,0,0,0
5258,CH25H,0,0,0,0,0
5259,WNT10B,0,0,0,0,0
5260,PTPN3,0,0,0,0,0
5261,ZNF622,0,0,0,0,0
5262,STX18,0,0,0,0,0
5263,SPA17,0,0,0,0,0
5264,RFC4,0,0,0,0,0
5265,ORMDL2,0,0,0,0,0
5266,LSM11,0,0,0,0,0
5267,CPS1,0,0,0,1,0
5268,KCNQ3,0,0,0,0,0
5269,GAN,0,0,0,0,0
5270,S1PR1,0,0,0,0,0
5271,MAP3K11,0,0,0,0,0
5272,GUCY2C,0,0,0,0,0
5273,DNAH9,0,0,0,0,0
5274,OPTN,0,0,0,0,0
5275,IFT172,0,0,0,0,0
5276,PIAS1,0,0,0,0,0
5277,HMGN4,0,0,0,0,0
5278,IL15,0,0,0,0,0
5279,LEFTY1,0,0,0,0,0
5280,EPHX1,0,0,0,0,0
5281,CACNB2,0,0,0,1,0
5282,VEGFC,0,0,0,0,0
5283,PLEC,0,0,0,0,0
5284,DHCR24,0,0,0,0,0
5285,ATP6V0B,0,0,0,0,0
5286,METTL15,0,0,0,0,0
5287,ACACB,0,0,0,0,0
5288,CRYL1,0,0,0,0,0
5289,NPFF,0,0,0,0,0
5290,RPS6KB2,0,0,0,0,0
5291,CXCR2,0,0,0,0,0
5292,CER1,0,0,0,0,0
5293,TIMM9,0,0,0,0,0
5294,POLD3,0,0,0,0,0
5295,CCDC114,0,0,0,0,0
5296,FBP1,0,0,0,0,0
5297,SLC12A2,0,0,0,0,0
5298,STBD1,0,0,0,0,0
5299,RPL9,0,0,0,0,0
5300,ERCC6,0,0,0,1,0
5301,CSTB,1,0,0,0,0
5302,LGALS13,0,0,0,0,0
5303,METTL3,0,0,0,0,0
5304,SGCD,0,0,0,0,1
5305,PIGT,0,0,0,0,0
5306,BID,0,0,0,0,0
5307,RFNG,0,0,0,0,0
5308,RNF41,0,0,0,0,0
5309,THEM4,0,0,0,0,0
5310,DEPDC1B,0,0,0,0,0
5311,COL4A1,1,0,0,1,0
5312,SMARCAD1,0,0,0,0,0
5313,HLA-DRA,0,0,0,0,0
5314,KATNAL2,0,0,0,0,0
5315,THOC1,0,0,0,0,0
5316,PPP1R26,0,0,0,0,0
5317,XPA,0,0,0,0,0
5318,POU4F1,0,0,0,0,0
5319,LIPC,0,0,0,0,0
5320,ATP5MC2,0,0,0,0,0
5321,NCR2,0,0,0,0,0
5322,SERPINB13,0,0,0,0,0
5323,FBRS,0,0,0,0,0
5324,H3-5,0,0,0,0,0
5325,CDT1,0,0,0,0,0
5326,DNMT1,0,0,0,0,0
5327,NR4A2,0,0,0,0,0
5328,EIF2B5,0,0,0,0,0
5329,SNX12,0,0,0,0,0
5330,ITGB1,0,0,0,0,0
5331,CPE,0,0,0,0,0
5332,PER1,0,0,0,0,0
5333,REPIN1,0,0,0,0,0
5334,TAF3,0,0,0,0,0
5335,KNTC1,0,0,0,0,0
5336,MFNG,0,0,0,0,0
5337,MARK2,0,0,0,0,0
5338,SNRPD2,0,0,0,0,0
5339,USP1,0,0,0,0,0
5340,CLDN23,0,0,0,0,0
5341,SLAMF6,0,0,0,0,0
5342,XRCC4,0,0,0,0,0
5343,NCOA4,0,0,0,0,0
5344,CENPT,0,0,0,0,0
5345,CBX8,0,0,0,0,0
5346,PIP5K1A,0,0,0,0,0
5347,NT5M,0,0,0,0,0
5348,DUSP12,0,0,0,0,0
5349,TP53,0,0,0,0,0
5350,PIGA,0,0,1,1,0
5351,COX6A2,0,0,0,0,0
5352,CYP3A7,0,0,0,0,0
5353,CMTM7,0,0,0,0,0
5354,CCDC88C,0,0,0,0,0
5355,TBC1D17,0,0,0,0,0
5356,UPF3B,0,0,0,0,0
5357,NFATC3,0,0,0,0,0
5358,ERCC8,0,0,0,1,0
5359,TYK2,0,0,0,0,0
5360,DVL2,0,0,0,0,0
5361,IGFBP2,0,0,0,0,0
5362,DHX15,0,0,0,0,0
5363,ATP5MD,0,0,0,0,0
5364,NOM1,0,0,0,0,0
5365,ROCK2,0,0,0,0,0
5366,PYGB,0,0,0,0,0
5367,ADD2,0,0,0,0,0
5368,SLC25A18,0,0,0,0,0
5369,CDK12,0,0,0,0,0
5370,RBFOX2,0,0,0,0,0
5371,HPCA,0,0,0,0,0
5372,INO80E,0,0,0,0,0
5373,CDK9,0,0,0,0,0
5374,UQCRC2,0,0,0,0,0
5375,DMBT1,0,0,0,0,0
5376,MEIS2,0,0,0,0,0
5377,FAAH2,0,0,0,0,0
5378,TPR,0,0,0,0,0
5379,PHLDB2,0,0,0,0,0
5380,EAF1,0,0,0,0,0
5381,RANBP1,0,0,0,0,0
5382,KCND1,0,0,0,0,0
5383,RPL31,0,0,0,0,0
5384,TUBB3,0,0,0,0,0
5385,EYA2,0,0,0,0,0
5386,GCDH,0,0,0,0,0
5387,GJD2,0,0,0,0,0
5388,FBXL20,0,0,0,0,0
5389,MRPL54,0,0,0,0,0
5390,IAH1,0,0,0,0,0
5391,PRNP,0,0,0,1,0
5392,RIMS2,0,0,0,0,0
5393,PHKB,0,0,0,0,0
5394,PPCDC,0,0,0,0,0
5395,THAP11,0,0,0,0,0
5396,SMN1,0,0,0,0,0
5397,HPRT1,0,0,0,0,0
5398,LDB3,0,0,0,0,1
5399,ABCB11,0,0,0,0,0
5400,PDE1C,0,0,0,0,0
5401,PDIA5,0,0,0,0,0
5402,TP53INP1,0,0,0,0,0
5403,NID2,0,0,0,0,0
5404,SDE2,0,0,0,0,0
5405,ABHD5,0,0,0,0,0
5406,RABAC1,0,0,0,0,0
5407,DDX6,0,0,0,0,0
5408,ERBB3,0,0,0,0,0
5409,SLC27A2,0,0,0,0,0
5410,CTCFL,0,0,0,0,0
5411,PSMD14,0,0,0,0,0
5412,CHAC1,0,0,0,0,0
5413,UBQLN1,0,0,0,0,0
5414,FLI1,0,0,0,0,0
5415,ENSP00000497509,0,0,0,0,0
5416,SSU72P7,0,0,0,0,0
5417,AKR1A1,0,0,0,0,0
5418,ARFGAP1,0,0,0,0,0
5419,BRAF,0,0,1,0,0
5420,TET1,0,0,0,0,0
5421,LYST,0,0,0,0,0
5422,DDAH1,0,0,0,0,0
5423,FUT4,0,0,0,0,0
5424,SPDYE14,0,0,0,0,0
5425,NT5C3B,0,0,0,0,0
5426,IGFBP5,0,0,0,0,0
5427,MCCC2,0,0,0,0,0
5428,H4C6,0,0,0,0,0
5429,BRIP1,0,0,0,0,0
5430,SYK,0,0,0,0,0
5431,ATP2B2,0,0,0,0,0
5432,MPG,0,0,0,0,0
5433,CDC34,0,0,0,0,0
5434,ICOS,0,0,0,0,0
5435,MRPS33,0,0,0,0,0
5436,UGT2A2,0,0,0,0,0
5437,SDC2,0,0,0,0,0
5438,GATA1,0,0,0,0,0
5439,F11R,0,0,0,0,0
5440,CAPN3,0,0,0,0,0
5441,CERS4,0,0,0,0,0
5442,SOX17,0,0,0,0,0
5443,IDE,0,0,0,0,0
5444,NAA80,0,0,0,0,0
5445,SLC6A3,0,0,0,0,0
5446,ARHGEF12,0,0,0,0,0
5447,ELK4,0,0,0,0,0
5448,BAX,0,0,0,0,0
5449,RBM41,0,0,0,0,0
5450,TRIP10,0,0,0,0,0
5451,PNPO,0,0,0,0,0
5452,LAMA1,0,0,0,0,0
5453,UBE2L6,0,0,0,0,0
5454,FGFBP2,0,0,0,0,0
5455,CERS2,0,0,0,0,0
5456,IFT43,0,0,0,0,0
5457,IWS1,0,0,0,0,0
5458,RYR1,0,0,0,0,1
5459,NSDHL,0,0,0,0,0
5460,PRF1,0,0,0,0,0
5461,HELB,0,0,0,0,0
5462,DNAJB7,0,0,0,0,0
5463,EWSR1,0,0,0,0,0
5464,FYB1,0,0,0,0,0
5465,MALT1,0,0,0,0,0
5466,MYB,0,0,0,0,0
5467,MAP2K1,0,0,0,0,0
5468,TAL1,0,0,0,0,0
5469,CENPW,0,0,0,0,0
5470,PUS3,0,0,0,0,0
5471,PPIH,0,0,0,0,0
5472,CAMK2B,0,0,0,0,0
5473,HAP1,0,0,0,0,0
5474,LGSN,0,0,0,0,0
5475,RPL15,0,0,0,0,0
5476,ATP4A,0,0,0,0,0
5477,AGXT2,0,0,0,0,0
5478,FBXO21,0,0,0,0,0
5479,CLDN1,0,0,0,0,0
5480,RBP2,0,0,0,0,0
5481,PRH2,0,0,0,0,0
5482,MED1,0,0,0,0,0
5483,INTS11,0,0,0,0,0
5484,CCR3,0,0,0,0,0
5485,YBX1,0,0,0,0,0
5486,CREM,0,0,0,0,0
5487,GRAP2,0,0,0,0,0
5488,FBXO24,0,0,0,0,0
5489,CLDN5,0,0,0,0,0
5490,TRH,0,0,0,0,0
5491,GZMA,0,0,0,0,0
5492,SLC6A1,0,0,0,0,0
5493,EIF4A3,0,0,0,0,0
5494,ICE1,0,0,0,0,0
5495,RNF40,0,0,0,0,0
5496,YTHDC1,0,0,0,0,0
5497,RBX1,0,0,0,0,0
5498,BCL2L11,0,0,0,0,0
5499,COPG2,0,0,0,0,0
5500,HRG,0,0,0,0,0
5501,RBM34,0,0,0,0,0
5502,ATP6V0A1,0,0,0,0,0
5503,RMND5A,0,0,0,0,0
5504,KLRC1,0,0,0,0,0
5505,NAPRT,0,0,0,0,0
5506,WDR83,0,0,0,0,0
5507,CATSPER2,0,0,0,0,0
5508,KDM1A,0,0,0,0,0
5509,ACBD5,0,0,0,0,0
5510,IL1R2,0,0,0,0,0
5511,ATG16L2,0,0,0,0,0
5512,FXR2,0,0,0,0,0
5513,TRAF3,0,0,0,0,0
5514,UCN,0,0,0,0,0
5515,CHMP5,0,0,0,0,0
5516,KIR3DL1,0,0,0,0,0
5517,TPD52,0,0,0,0,0
5518,BGLAP,0,0,0,0,0
5519,KLHL40,0,0,0,0,0
5520,EVX1,0,0,0,0,0
5521,NARS1,0,0,0,0,0
5522,PDE4C,0,0,0,0,0
5523,GNG2,0,0,0,0,0
5524,GSDMD,0,0,0,0,0
5525,HNRNPUL1,0,0,0,0,0
5526,RAET1E,0,0,0,0,0
5527,PDHX,0,0,0,0,0
5528,ADGRB1,0,0,0,0,0
5529,PRCC,0,0,0,0,0
5530,PRKAG1,0,0,0,0,0
5531,NOP16,0,0,0,0,0
5532,RPP21,0,0,0,0,0
5533,EIF4G3,0,0,0,0,0
5534,MCMBP,0,0,0,0,0
5535,PFAS,0,0,0,0,0
5536,MEIOC,0,0,0,0,0
5537,MNS1,0,0,0,0,0
5538,ACP1,0,0,0,0,0
5539,HSD17B1,0,0,0,0,0
5540,WLS,0,0,0,0,0
5541,BCL2L1,0,0,0,0,0
5542,MYL3,0,0,0,0,1
5543,SLC25A20,0,0,0,0,0
5544,EXOSC2,0,0,0,0,0
5545,TRMT11,0,0,0,0,0
5546,ITGA2B,0,0,0,0,0
5547,BORA,0,0,0,0,0
5548,JAK2,0,1,1,1,0
5549,APOD,0,0,0,0,0
5550,DRD3,0,0,0,0,0
5551,CPA3,0,0,0,0,0
5552,MRPS7,0,0,0,0,0
5553,BRD4,0,0,0,0,0
5554,MEF2D,0,0,0,0,0
5555,RIPOR3,0,0,0,0,0
5556,MYCBPAP,0,0,0,0,0
5557,NEB,0,0,0,0,0
5558,COL2A1,0,0,0,0,0
5559,EXOC7,0,0,0,0,0
5560,PLRG1,0,0,0,0,0
5561,YJU2,0,0,0,0,0
5562,TSNAX,0,0,0,0,0
5563,G6PC3,0,0,0,0,0
5564,LSM7,0,0,0,0,0
5565,MAN2A2,0,0,0,0,0
5566,GAL3ST2,0,0,0,0,0
5567,GLYAT,0,0,0,0,0
5568,TNFSF11,0,0,0,0,0
5569,B3GAT3,0,0,0,0,0
5570,ADAMTS2,0,0,0,0,0
5571,FLNA,1,0,0,1,1
5572,STUB1,0,0,0,0,0
5573,AP3B1,0,0,0,0,0
5574,NKD1,0,0,0,0,0
5575,PPRC1,0,0,0,0,0
5576,CSRNP2,0,0,0,0,0
5577,PTPN23,0,0,0,0,0
5578,PTPN11,0,0,1,0,0
5579,NLRP12,0,0,0,0,0
5580,DHRS3,0,0,0,0,0
5581,NOTCH1,1,0,0,0,0
5582,SGCG,0,0,0,0,0
5583,UTP4,0,0,0,0,0
5584,SNUPN,0,0,0,0,0
5585,EIF4G2,0,0,0,0,0
5586,PSMD2,0,0,0,0,0
5587,SWSAP1,0,0,0,0,0
5588,NUMB,0,0,0,0,0
5589,CASP3,0,0,0,0,0
5590,RGL4,0,0,0,0,0
5591,CACNB1,0,0,0,0,0
5592,PTPN13,0,0,0,0,0
5593,FBXO7,0,0,0,0,0
5594,INTS5,0,0,0,0,0
5595,PYURF,0,0,0,0,0
5596,CKLF,0,0,0,0,0
5597,GHRL,0,0,0,0,0
5598,XPC,0,0,0,0,0
5599,HOXC6,0,0,0,0,0
5600,TTC5,0,0,0,0,0
5601,IFIT5,0,0,0,0,0
5602,FUS,0,0,0,0,0
5603,NTF3,0,0,0,0,0
5604,SNX8,0,0,0,0,0
5605,SLC5A5,0,0,0,0,0
5606,YPEL5,0,0,0,0,0
5607,DEK,0,0,0,0,0
5608,BAIAP2L1,0,0,0,0,0
5609,THAP1,0,0,0,0,0
5610,RAET1L,0,0,0,0,0
5611,MCTS1,0,0,0,0,0
5612,SLC26A5,0,0,0,0,0
5613,DNAH10,0,0,0,0,0
5614,JMJD1C,0,0,0,0,0
5615,LIPG,0,0,0,0,0
5616,FETUB,0,0,0,0,0
5617,DTL,0,0,0,0,0
5618,MIS18BP1,0,0,0,0,0
5619,KLC4,0,0,0,0,0
5620,MRPL14,0,0,0,0,0
5621,COG2,0,0,0,0,0
5622,ORC4,0,0,0,0,0
5623,PCM1,0,0,0,0,0
5624,NFATC1,0,0,0,0,0
5625,CHMP3,0,0,0,0,0
5626,IDH3B,0,0,0,0,0
5627,C9orf16,0,0,0,0,0
5628,BROX,0,0,0,0,0
5629,HTR1A,0,0,0,0,0
5630,RSAD1,0,0,0,0,0
5631,GUCA2B,0,0,0,0,0
5632,UBB,0,0,0,0,0
5633,WBP2,0,0,0,0,0
5634,RMND5B,0,0,0,0,0
5635,NLRP7,0,0,0,0,0
5636,MADD,0,0,0,0,0
5637,RXFP1,0,0,0,0,0
5638,FTO,0,0,0,0,0
5639,LSP1,0,0,0,0,0
5640,COL1A1,1,0,0,0,1
5641,TSPYL2,0,0,0,0,0
5642,PGM2,0,0,0,0,0
5643,SLC26A6,0,0,0,0,0
5644,POLA1,0,0,0,0,0
5645,C6,0,0,0,0,0
5646,FGFBP1,0,0,0,0,0
5647,CTSB,0,0,0,0,0
5648,EPHA4,0,0,0,0,0
5649,LGALS4,0,0,0,0,0
5650,ATG10,0,0,0,0,0
5651,CALM3,0,0,0,0,0
5652,GUCA1B,0,0,0,0,0
5653,CCR7,0,0,0,0,0
5654,SLC11A2,0,0,0,0,0
5655,VAMP1,0,0,0,0,0
5656,AREG,0,0,0,0,0
5657,ALDOB,0,0,0,0,0
5658,COX7A1,0,0,0,0,0
5659,SUB1,0,0,0,0,0
5660,CDH2,0,0,0,0,0
5661,EIF2AK1,0,0,0,0,0
5662,SKA1,0,0,0,0,0
5663,GSTA1,0,0,0,0,0
5664,ALDH1A3,0,0,0,0,0
5665,THPO,0,1,0,1,0
5666,AASDHPPT,0,0,0,0,0
5667,NDUFB3,0,0,0,0,0
5668,TAS2R8,0,0,0,0,0
5669,RHBDL2,0,0,0,0,0
5670,TWISTNB,0,0,0,0,0
5671,MOGAT1,0,0,0,0,0
5672,LIN52,0,0,0,0,0
5673,PSMG3,0,0,0,0,0
5674,GNG11,0,0,0,0,0
5675,PGAM5,0,0,0,0,0
5676,GFPT2,0,0,0,0,0
5677,IL13,0,0,0,0,0
5678,PGM1,0,0,0,0,0
5679,NCBP2L,0,0,0,0,0
5680,ENTPD1,0,0,0,0,0
5681,CDH15,0,0,0,0,0
5682,CD160,0,0,0,0,0
5683,CIT,0,0,0,0,0
5684,MEST,0,0,0,0,0
5685,CD40LG,0,0,0,0,0
5686,DCAF17,0,0,0,0,0
5687,METTL6,0,0,0,0,0
5688,ENSP00000485615,0,0,0,0,0
5689,IL5,0,0,0,0,0
5690,GCGR,0,0,0,0,0
5691,MRPS24,0,0,0,0,0
5692,ATRIP,0,0,0,0,0
5693,ERN1,0,0,0,0,0
5694,PLCG2,0,0,0,0,0
5695,CDC73,0,0,0,0,0
5696,DPY19L2,0,0,0,0,0
5697,PFDN5,0,0,0,0,0
5698,VHL,0,0,1,1,1
5699,RPL18A,0,0,0,0,0
5700,SNX2,0,0,0,0,0
5701,PSAP,1,0,0,0,0
5702,FGF5,0,0,0,0,0
5703,DDB2,0,0,0,0,0
5704,DAO,0,0,0,0,0
5705,KYAT1,0,0,0,0,0
5706,BLK,0,0,0,0,0
5707,DNAJC3,0,0,0,0,0
5708,B4GALT2,0,0,0,0,0
5709,EFNA3,0,0,0,0,0
5710,NUP54,0,0,0,0,0
5711,RNPS1,0,0,0,0,0
5712,LMOD1,0,0,0,0,0
5713,IMP3,0,0,0,0,0
5714,TIMP4,0,0,0,0,0
5715,DCTN2,1,0,0,0,0
5716,ST13,0,0,0,0,0
5717,NUP155,0,0,0,0,0
5718,ADRB2,0,0,0,0,0
5719,SLC15A3,0,0,0,0,0
5720,WDR48,0,0,0,0,0
5721,DPYSL3,1,0,0,0,0
5722,ANGPTL1,0,0,0,0,0
5723,FGF1,0,0,0,0,0
5724,TRAPPC12,0,0,0,0,0
5725,SLC9A1,0,0,0,0,0
5726,TRRAP,0,0,0,0,0
5727,MAP2K7,0,0,0,0,0
5728,ASNS,0,0,0,0,0
5729,DNMT3A,0,0,0,0,1
5730,GMPR,0,0,0,0,0
5731,YEATS2,0,0,0,0,0
5732,SAA2,0,0,0,0,0
5733,TF,1,0,0,0,1
5734,RPL12,0,0,0,0,0
5735,B4GAT1,0,0,0,0,0
5736,EARS2,0,0,0,0,0
5737,RPS5,0,0,0,0,0
5738,CCDC12,0,0,0,0,0
5739,PNP,0,0,0,1,0
5740,GFM2,0,0,0,0,0
5741,RAB11FIP3,0,0,0,0,0
5742,PNLIPRP1,0,0,0,0,0
5743,ARPC4-TTLL3,0,0,0,0,0
5744,SCO2,0,0,0,0,0
5745,FAM161A,0,0,0,0,0
5746,ABCA1,0,0,1,0,0
5747,SORBS2,0,0,0,0,0
5748,H2AC6,0,0,0,0,0
5749,TEKT1,0,0,0,0,0
5750,FBXL19,0,0,0,0,0
5751,TSPAN33,0,0,0,0,0
5752,NTAN1,0,0,0,0,0
5753,GP9,0,0,0,0,0
5754,MEP1B,0,0,0,0,0
5755,MS4A6E,0,0,0,0,0
5756,MARS2,0,0,0,0,0
5757,K7ERJ3_HUMAN,0,0,0,0,0
5758,AK5,0,0,0,0,0
5759,CRPPA,0,0,0,0,0
5760,PSMD9,0,0,0,0,0
5761,ADAM17,1,0,0,0,0
5762,POP5,0,0,0,0,0
5763,RAB26,0,0,0,0,0
5764,AMBP,1,0,0,0,0
5765,ATG16L1,0,0,0,0,0
5766,SPOP,0,0,0,0,0
5767,CMA1,0,0,0,0,0
5768,RPL7A,0,0,0,0,0
5769,IRF9,0,0,0,0,0
5770,ATXN1,0,0,0,0,0
5771,CHRD,0,0,0,0,0
5772,DLK1,0,0,0,0,0
5773,SPACA1,0,0,0,0,0
5774,MMP13,0,0,0,0,0
5775,GNG5,0,0,0,0,0
5776,NEDD4L,0,0,0,0,0
5777,SEC16A,0,0,0,0,0
5778,TTI2,0,0,0,0,0
5779,TRMT1,0,0,0,0,0
5780,RNF11,0,0,0,0,0
5781,SUPT16H,0,0,0,0,0
5782,IFT140,0,0,0,0,0
5783,TLNRD1,0,0,0,0,0
5784,LARS2,0,0,0,0,0
5785,NPC2,0,0,0,0,0
5786,MTHFD1L,0,0,0,0,0
5787,NT5E,0,0,0,0,0
5788,UBA1,0,0,0,0,0
5789,TGFBRAP1,0,0,0,0,0
5790,BICRA,0,0,0,0,0
5791,CNOT4,0,0,0,0,0
5792,TICRR,0,0,0,0,0
5793,UTS2,0,0,0,0,0
5794,CHMP4A,0,0,0,0,0
5795,TTI1,0,0,0,0,0
5796,BAIAP2,0,0,0,0,0
5797,MMP17,0,0,0,0,0
5798,CST2,0,0,0,0,0
5799,HSD17B12,0,0,0,0,0
5800,TSPAN9,0,0,0,0,0
5801,KLRC3,0,0,0,0,0
5802,YAP1,0,0,0,0,0
5803,POLR2B,0,0,0,0,0
5804,CCNQ,0,1,0,0,0
5805,SEC61A1,0,0,0,0,0
5806,TIMM17A,0,0,0,0,0
5807,CNTN5,0,0,0,0,0
5808,SEMA5A,0,0,0,0,0
5809,ATIC,0,0,0,0,0
5810,RXRG,0,0,0,0,0
5811,CLDN7,0,0,0,0,0
5812,LAP3,0,0,0,0,0
5813,BIRC7,0,0,0,0,0
5814,CD63,0,0,0,0,0
5815,NUDT2,0,0,0,0,0
5816,EHD3,0,0,0,0,0
5817,TSKU,0,0,0,0,0
5818,SMARCA4,0,0,0,1,0
5819,MTMR2,0,0,0,0,0
5820,RORA,0,0,0,0,0
5821,GSTA5,0,0,0,0,0
5822,KCNE2,0,0,0,0,0
5823,GCC2,0,0,0,0,0
5824,PGM5,1,0,0,0,0
5825,GMNN,0,0,0,0,0
5826,HACD4,0,0,0,0,0
5827,XRCC5,0,0,0,0,0
5828,BNIP3,0,0,0,0,0
5829,HEMK1,0,0,0,0,0
5830,NXF2,0,0,0,0,0
5831,FGF2,0,0,0,0,0
5832,FCGR3A,0,0,0,0,0
5833,ACADM,0,0,0,0,0
5834,NGF,0,0,0,0,0
5835,SMAD1,0,0,0,0,0
5836,KHK,0,0,0,0,0
5837,CDKN2D,0,0,0,0,0
5838,NRAS,0,0,0,0,0
5839,RNPC3,0,0,0,0,0
5840,PRPF31,0,0,0,0,0
5841,HSD11B1,0,0,0,0,0
5842,APOA2,1,0,0,0,0
5843,INPP5B,0,0,0,0,0
5844,NEUROG2,0,0,0,0,0
5845,HAO1,0,0,0,0,0
5846,TUBA1C,0,0,0,0,0
5847,TBX3,0,0,0,0,0
5848,SULT2A1,0,0,0,0,0
5849,FBXL3,0,0,0,0,0
5850,COX7A2,0,0,0,0,0
5851,SDHB,0,0,0,0,1
5852,RALGAPB,0,0,0,0,0
5853,DKK3,0,0,1,0,0
5854,AKR1B10,0,0,0,0,0
5855,POLI,0,0,0,0,0
5856,POLR1D,0,0,0,0,0
5857,RHO,0,0,0,0,0
5858,UCKL1,0,0,0,0,0
5859,TSG101,0,0,0,0,0
5860,NCOR1,0,0,0,0,0
5861,MAPK13,0,0,0,0,0
5862,MUTYH,0,0,0,0,0
5863,DYSF,0,0,0,0,0
5864,VPS29,0,0,0,0,0
5865,ZPR1,0,0,0,0,0
5866,CORT,0,0,0,0,0
5867,PSMA4,0,0,0,0,0
5868,BOP1,0,0,0,0,0
5869,DSC3,0,0,0,0,0
5870,RCL1,0,0,0,0,0
5871,B4GALT3,0,0,0,0,0
5872,ANKS4B,0,0,0,0,0
5873,VPS35L,0,0,0,0,0
5874,MRPL9,0,0,0,0,0
5875,CCDC92,0,0,0,0,0
5876,SPATA2,0,0,0,0,0
5877,ADAT2,0,0,0,0,0
5878,BAG5,0,0,0,0,0
5879,PCYT2,0,0,0,0,0
5880,CCL19,0,0,0,0,0
5881,METTL17,0,0,0,0,0
5882,VKORC1L1,0,0,0,0,0
5883,TRAPPC10,0,0,0,0,0
5884,TP53RK,0,0,0,0,0
5885,TFAP2D,0,0,0,0,0
5886,MUC20,0,0,0,0,0
5887,CRLS1,0,0,0,0,0
5888,SERPINA3,0,0,0,0,0
5889,ZNF274,0,0,0,0,0
5890,CPLX1,0,0,0,0,0
5891,PAX7,0,0,0,0,0
5892,THOC5,0,0,0,0,0
5893,LCN2,1,0,0,0,0
5894,NAIP,0,0,0,0,0
5895,CISD2,0,0,0,0,0
5896,LPIN1,0,0,0,0,0
5897,PNKP,0,0,0,0,0
5898,FGF6,0,0,0,0,0
5899,HLA-DMB,0,0,0,0,0
5900,LARGE1,0,0,0,0,0
5901,CDA,0,0,0,0,0
5902,CHD4,0,0,0,0,0
5903,COX8C,0,0,0,0,0
5904,RBM8A,0,0,0,0,0
5905,CBLL1,0,0,0,0,0
5906,CPSF4L,0,0,0,0,0
5907,IL23A,0,0,0,0,0
5908,HNRNPH2,0,0,0,0,0
5909,TOMM20,0,0,0,0,0
5910,IPO8,0,0,0,0,0
5911,SNRNP27,0,0,0,0,0
5912,DPPA5,0,0,0,0,0
5913,PDE6H,0,0,0,0,0
5914,YWHAE,0,0,0,0,0
5915,MZB1,0,0,0,0,0
5916,ADAR,0,0,0,0,0
5917,PKD2L1,0,0,0,0,0
5918,MYF6,0,0,0,0,0
5919,FOSB,0,0,0,0,0
5920,PPIB,0,0,0,0,1
5921,SIN3B,0,0,0,0,0
5922,P2RY13,0,0,0,0,0
5923,PKM,0,0,1,0,0
5924,OSTC,0,0,0,0,0
5925,CALR,0,0,1,1,0
5926,DDX28,0,0,0,0,0
5927,MGA,0,0,0,0,0
5928,PRR14,0,0,0,0,0
5929,NR3C2,0,0,0,0,1
5930,NDUFA13,0,0,0,0,0
5931,AK3,0,0,0,0,0
5932,FZD7,0,0,0,0,0
5933,MYO18A,0,0,0,0,0
5934,NDUFAF3,0,0,0,0,1
5935,BMP3,0,0,0,0,0
5936,FSTL3,0,0,0,0,0
5937,KDM4B,0,0,0,0,0
5938,DDX4,0,0,0,0,0
5939,NEFL,0,0,0,0,0
5940,AMH,0,0,0,0,0
5941,ADRM1,0,0,0,0,0
5942,TNKS,0,0,0,0,0
5943,APOC3,1,0,0,0,0
5944,BMI1,0,0,0,0,0
5945,POMC,0,0,0,0,0
5946,SZT2,0,0,0,0,0
5947,EZH2,0,0,0,0,0
5948,PLXNA3,0,0,0,0,0
5949,NUP205,0,0,0,0,0
5950,RNF213,0,0,0,1,0
5951,HOXA7,0,0,0,0,0
5952,APBA2,0,0,0,0,0
5953,PABPC5,0,0,0,0,0
5954,SRSF9,0,0,0,0,0
5955,STK3,0,0,0,0,0
5956,SLC19A2,0,0,0,1,1
5957,GUSB,0,0,0,0,0
5958,FOXP3,0,0,0,0,0
5959,ENSP00000498408,0,0,0,0,0
5960,CHAC2,0,0,0,0,0
5961,STT3A,0,0,0,0,0
5962,ACE2,0,0,0,0,0
5963,C1orf50,0,0,0,0,0
5964,ALKBH6,0,0,0,0,0
5965,RGS13,0,0,0,0,0
5966,KCNJ14,0,0,0,0,0
5967,CYP24A1,0,0,0,0,0
5968,GUCY2D,0,0,0,0,0
5969,SMARCA1,0,0,0,0,0
5970,C17orf49,0,0,0,0,0
5971,UBE2D1,0,0,0,0,0
5972,GBP1,0,0,0,0,0
5973,IZUMO1,0,0,0,0,0
5974,RMDN2,0,0,0,0,0
5975,MED24,0,0,0,0,0
5976,CPSF4,0,0,0,0,0
5977,BAG3,0,0,0,0,1
5978,AGO1,0,0,0,0,0
5979,MAP1LC3B,0,0,0,0,0
5980,DBH,0,0,0,0,0
5981,FZD9,0,0,0,0,0
5982,USP12,0,0,0,0,0
5983,ERCC4,0,0,0,0,0
5984,PFDN1,0,0,0,0,0
5985,FGGY,0,0,0,0,0
5986,NR0B1,0,0,0,0,0
5987,ZNF174,0,0,0,0,0
5988,TRAF5,0,0,0,0,0
5989,GGT1,0,0,0,0,0
5990,BPIFA2,0,0,0,0,0
5991,CHGA,0,0,0,0,0
5992,EFEMP2,0,1,0,0,1
5993,NOX1,0,0,0,0,0
5994,PHKA1,0,0,0,0,0
5995,MYOC,0,0,0,0,0
5996,DCLRE1C,0,0,0,0,0
5997,CYP2C9,0,0,0,0,0
5998,RBBP5,0,0,0,0,0
5999,RAF1,0,0,1,0,0
6000,EHHADH,0,0,0,0,0
6001,CYP4F22,0,0,0,0,0
6002,ZUP1,0,0,0,0,0
6003,PYGO1,0,0,0,0,0
6004,WNT4,0,0,0,0,0
6005,SPART,0,0,0,0,0
6006,IGLV10-54,0,0,0,0,0
6007,IKBKG,0,0,0,0,1
6008,HIGD2A,0,0,0,0,0
6009,CENPM,0,0,0,0,0
6010,BBS7,0,0,0,0,0
6011,STARD3NL,0,0,0,0,0
6012,BCAN,0,0,0,0,0
6013,PSMC1,0,0,0,0,0
6014,PAPPA2,0,0,0,0,0
6015,FGR,0,0,0,0,0
6016,RLN3,0,0,0,0,0
6017,SELL,0,0,0,0,0
6018,UBOX5,0,0,0,0,0
6019,CCDC93,0,0,0,0,0
6020,EDNRB,0,0,0,0,0
6021,TLR9,0,0,0,0,0
6022,ALKBH7,0,0,0,0,0
6023,GAMT,0,0,0,0,0
6024,PTGER3,0,0,0,0,0
6025,TRAT1,0,0,0,0,0
6026,NOP10,0,0,0,0,0
6027,H4C4,0,0,0,0,0
6028,PLEKHM1,0,0,0,0,0
6029,ADGRV1,0,0,0,0,0
6030,TMED2,0,0,0,0,0
6031,CENPH,0,0,0,0,0
6032,SCO1,0,0,0,0,1
6033,HGSNAT,0,0,0,0,0
6034,EIF3G,0,0,0,0,0
6035,NDUFA6,0,0,0,0,0
6036,ATP1B2,0,0,0,0,0
6037,HGS,0,0,0,0,0
6038,DHFR,0,0,0,0,0
6039,PAK1,0,0,0,0,0
6040,CDKN3,0,0,0,0,0
6041,GSTM2,0,0,0,0,0
6042,EXOSC1,0,0,0,0,0
6043,BAD,0,0,0,0,0
6044,FBXO17,0,0,0,0,0
6045,RAB11FIP1,0,0,0,0,0
6046,LYAR,0,0,0,0,0
6047,MRTO4,0,0,0,0,0
6048,EXOSC7,0,0,0,0,0
6049,FAM3B,0,0,0,0,0
6050,MVK,0,0,0,0,0
6051,CSTA,0,0,0,0,0
6052,STS,0,0,0,0,0
6053,FBLN2,0,0,0,0,0
6054,IFT81,0,0,0,0,0
6055,HES5,0,0,0,0,0
6056,TOP3A,0,0,0,0,0
6057,LDB1,0,0,0,0,0
6058,ALDH7A1,0,0,0,0,0
6059,ICAM3,0,0,0,0,0
6060,PRKACA,0,0,0,0,0
6061,DAP3,0,0,0,0,0
6062,COCH,0,0,0,0,0
6063,AHCY,0,0,0,0,0
6064,CHTF18,0,0,0,0,0
6065,RP9,0,0,0,0,0
6066,WNT9B,0,0,0,0,0
6067,ZNF263,0,0,0,0,0
6068,TRAPPC5,0,0,0,0,0
6069,MAEA,0,0,0,0,0
6070,DYNC1LI1,0,0,0,0,0
6071,IL22RA2,0,0,0,0,0
6072,NCF2,0,0,0,0,0
6073,RPS15A,0,0,0,0,0
6074,ZFHX3,0,0,0,1,0
6075,BTF3,0,0,0,0,0
6076,MAP2K4,0,0,0,0,0
6077,AFG3L2,0,0,0,0,0
6078,NUP42,0,0,0,0,0
6079,WNT7B,0,0,0,0,0
6080,KDR,0,0,0,0,0
6081,IL3RA,0,0,0,0,0
6082,HBG1,0,0,0,0,0
6083,CD81,0,0,0,0,0
6084,LILRB2,0,0,0,0,0
6085,PLA2G12B,0,0,0,0,0
6086,GALK2,0,0,0,0,0
6087,TRIP4,0,0,0,0,1
6088,ARHGDIA,0,0,0,0,0
6089,S100A12,0,0,0,0,0
6090,EIF3E,0,0,0,0,0
6091,ADRA1D,0,0,0,0,0
6092,TSLP,0,0,0,0,0
6093,KCNE1,0,0,0,0,0
6094,PAFAH2,0,0,0,0,0
6095,TAB2,0,0,0,0,0
6096,ALOX15B,0,0,0,0,0
6097,NUDT16,0,0,0,0,0
6098,ELOF1,0,0,0,0,0
6099,MRPS14,0,0,0,0,0
6100,PRKDC,0,0,0,0,0
6101,SNRPG,0,0,0,0,0
6102,ESPL1,0,0,0,0,0
6103,PIK3C2G,0,0,0,1,0
6104,EDC4,0,0,0,0,0
6105,TNS2,0,0,0,0,0
6106,G6PC2,0,0,0,0,0
6107,BTRC,0,0,0,0,0
6108,LCP2,0,0,0,0,0
6109,HES1,0,0,0,0,0
6110,SMPD1,0,0,0,0,0
6111,SLC4A1,1,0,0,0,0
6112,PKD1,0,0,0,0,0
6113,TAB3,0,0,0,0,0
6114,PNLIP,0,0,0,0,0
6115,TACC3,0,0,0,0,0
6116,PKP3,0,0,0,0,0
6117,MSX2,0,0,0,0,0
6118,NDUFB5,0,0,0,0,0
6119,PRL,0,0,0,0,0
6120,SLC35B1,0,0,0,0,0
6121,ANAPC13,0,0,0,0,0
6122,TOMM40,0,0,0,0,0
6123,HNF1B,0,0,0,0,0
6124,ARC,0,0,0,0,0
6125,ORC3,0,0,0,0,0
6126,NFATC2,0,0,0,0,0
6127,COPE,0,0,0,0,0
6128,CXCL11,0,0,0,0,0
6129,ARHGEF1,0,0,0,0,0
6130,GET1,0,0,0,0,0
6131,EHMT1,0,0,0,0,0
6132,BTF3L4,0,0,0,0,0
6133,AWAT2,0,0,0,0,0
6134,FBXO43,0,0,0,0,0
6135,TRIM28,0,0,0,0,0
6136,FAU,0,0,0,0,0
6137,PPA1,0,0,0,0,0
6138,RUNX2,0,0,0,0,0
6139,TLE1,0,0,0,0,0
6140,BTBD7,0,0,0,0,0
6141,SULT1C4,0,0,0,0,0
6142,TRMT10C,0,0,0,0,0
6143,KLHL8,0,0,0,0,0
6144,SUGT1,0,0,0,0,0
6145,ENKUR,0,0,0,0,0
6146,SGPP2,0,0,0,0,0
6147,DDX60,0,0,0,0,0
6148,NFYB,0,0,0,0,0
6149,CAV3,0,0,0,0,1
6150,ADA2,0,0,0,1,0
6151,MRPS18B,0,0,0,0,0
6152,GUCA2A,0,0,0,0,0
6153,WWP2,0,0,0,0,0
6154,CYSLTR2,0,0,0,0,0
6155,MMP11,0,0,0,0,0
6156,ZER1,0,0,0,0,0
6157,TSTD3,0,0,0,0,0
6158,HOXA6,0,0,0,0,0
6159,RBPMS,0,0,0,0,0
6160,EEF1A2,0,0,0,0,0
6161,ALG3,0,0,0,0,0
6162,GTF2A1L,0,0,0,0,0
6163,B3GNT6,0,0,0,0,0
6164,MRM3,0,0,0,0,0
6165,KREMEN2,0,0,0,0,0
6166,EPAS1,0,0,0,0,1
6167,TNFRSF25,0,0,0,0,0
6168,PSME2,0,0,0,0,0
6169,ANAPC5,0,0,0,0,0
6170,WASF1,0,0,0,0,0
6171,THEM5,0,0,0,0,0
6172,TAT,1,0,0,0,0
6173,IL20RA,0,0,0,0,0
6174,ZDHHC8,0,0,0,0,0
6175,VGLL4,0,0,0,0,0
6176,GOLT1A,0,0,0,0,0
6177,MS4A4E,0,0,0,0,0
6178,CDH12,0,0,0,0,0
6179,PVALB,0,0,0,0,0
6180,PYCR2,0,0,0,0,0
6181,EIF3B,0,0,0,0,0
6182,PHF6,0,0,0,0,0
6183,FKBP5,0,0,0,0,0
6184,PRKACG,0,0,0,0,0
6185,DPP4,0,0,0,0,0
6186,PRAMEF15,0,0,0,0,0
6187,S1PR3,0,0,0,0,0
6188,TCF4,0,0,0,0,0
6189,TBCE-2,0,0,0,0,0
6190,CACNA1S,0,0,0,0,0
6191,TUBA3D,0,0,0,0,0
6192,PATL1,0,0,0,0,0
6193,PLTP,0,0,0,0,0
6194,ASAH2,0,0,0,0,0
6195,CPT1C,0,0,0,0,0
6196,EMP1,0,0,0,0,0
6197,GRXCR1,0,0,0,0,0
6198,PABPC4L,0,0,0,0,0
6199,ULBP3,0,0,0,0,0
6200,RND3,0,0,0,0,0
6201,EPHA10,0,0,0,0,0
6202,MED15,0,0,0,0,0
6203,NUP85,0,0,0,0,0
6204,C11orf74,0,0,0,0,0
6205,TKT,0,0,0,0,0
6206,PMF1,0,0,0,1,0
6207,ATG101,0,0,0,0,0
6208,KIF22,0,0,0,0,0
6209,WSB1,0,0,0,0,0
6210,SETDB1,0,0,0,0,0
6211,CPM,0,0,0,0,0
6212,GALNT9,0,0,0,0,0
6213,FAAP24,0,0,0,0,0
6214,CLCC1,0,0,0,0,0
6215,IL1RN,0,0,0,0,0
6216,TREM1,0,0,0,0,0
6217,PSMB5,0,0,0,0,0
6218,FAM32A,0,0,0,0,0
6219,NUP93,0,0,0,0,0
6220,MMP24,0,0,0,0,0
6221,ASCC3,0,0,0,0,0
6222,COL14A1,1,0,0,1,0
6223,TNFSF12,0,0,0,0,0
6224,GPCPD1,0,0,0,0,0
6225,RBBP7,0,0,0,0,0
6226,NKX6-1,0,0,0,0,0
6227,CREB3L4,0,0,0,0,0
6228,TXNRD3,0,0,0,0,0
6229,FPGS,0,0,0,0,0
6230,RPL36A-HNRNPH2,0,0,0,0,0
6231,TRMT5,0,0,0,0,0
6232,RPL37,0,0,0,0,0
6233,HBEGF,0,0,0,0,0
6234,EFHC2,0,0,0,0,0
6235,ESF1,0,0,0,0,0
6236,PRDX1,0,0,0,1,0
6237,SNX15,0,0,0,0,0
6238,K7EMT4_HUMAN,0,0,0,0,0
6239,PRPF3,0,0,0,0,0
6240,YARS2,0,0,0,0,0
6241,WNT7A,0,0,0,0,0
6242,HMGCR,0,0,0,0,0
6243,SLC38A3,0,0,0,0,0
6244,FCGR1A,0,0,0,0,0
6245,NTPCR,0,0,0,0,0
6246,GDF6,0,0,0,0,0
6247,SPDL1,0,0,0,0,0
6248,NGDN,0,0,0,0,0
6249,NGFR,0,0,0,0,0
6250,UNC13A,0,0,0,0,0
6251,MRPS30,0,0,0,0,0
6252,BCAS2,0,0,0,0,0
6253,FBXW9,0,0,0,0,0
6254,DBN1,0,0,0,0,0
6255,SSR3,0,0,0,0,0
6256,CLTB,0,0,0,0,0
6257,PSMD12,0,0,0,0,0
6258,SPDYC,0,0,0,0,0
6259,UNC13B,0,0,0,0,0
6260,NCOA1,0,0,0,0,0
6261,GALNT2,0,0,0,0,0
6262,TBCB,0,0,0,0,0
6263,FCHSD2,0,0,0,0,0
6264,SCN1A,0,0,0,0,0
6265,PTPRC,0,0,0,0,0
6266,PDZD7,0,0,0,0,0
6267,CYCS,0,0,0,0,0
6268,GLYATL1,0,0,0,0,0
6269,APEX2,0,0,0,0,0
6270,TNFRSF13C,0,0,0,0,0
6271,PRPF38A,0,0,0,0,0
6272,SEC61G,0,0,0,0,0
6273,NAA40,0,0,0,0,0
6274,MFN1,0,0,0,0,0
6275,LIAS,0,0,0,0,0
6276,ADIPOR2,0,0,0,0,0
6277,MAPRE2,0,0,0,0,1
6278,MRPS10,0,0,0,0,0
6279,KPTN,0,0,0,0,0
6280,ASNSD1,0,0,0,0,0
6281,EDC3,0,0,0,0,0
6282,PHC1,0,0,0,0,0
6283,PACS2,0,0,0,0,0
6284,HIBADH,0,0,0,0,0
6285,CHD7,0,0,0,0,0
6286,SYNGR1,0,0,0,0,0
6287,GCNT1,0,0,0,0,0
6288,ATXN3L,0,0,0,0,0
6289,NME3,0,0,0,0,0
6290,TRIM21,0,0,0,0,0
6291,SULT1B1,0,0,0,0,0
6292,APBB1IP,0,0,0,0,0
6293,KCTD1,0,0,0,0,0
6294,FTL,1,0,0,0,0
6295,SLC2A1,0,0,0,0,0
6296,APTX,0,0,0,0,0
6297,ATP12A,0,0,0,0,0
6298,REEP5,0,0,0,0,0
6299,MLLT1,0,0,0,0,0
6300,NAA16,0,0,0,0,0
6301,TLR2,0,0,0,0,0
6302,CSTF1,0,0,0,0,0
6303,NSL1,0,0,0,0,0
6304,RAD51D-2,0,0,0,0,0
6305,IDO2,0,0,0,0,0
6306,SPTLC1,0,0,0,0,0
6307,AQP3,0,0,0,0,0
6308,WBP2NL,0,0,0,0,0
6309,DPH3,0,0,0,0,0
6310,NAXE,0,0,0,0,0
6311,TUBB2A,0,0,0,0,0
6312,PIGM,0,0,0,0,0
6313,MRPL20,0,0,0,0,0
6314,MYH14,0,0,0,0,0
6315,SKOR1,0,0,0,0,0
6316,COL6A2,1,0,0,0,0
6317,EREG,0,0,0,0,0
6318,MICB,0,0,0,0,0
6319,CALM2,0,0,0,0,0
6320,CCNA2,0,0,0,0,0
6321,PANK2,0,0,0,0,0
6322,SMG6,0,0,0,0,0
6323,LAT,0,0,0,0,0
6324,EPHA7,0,0,0,0,0
6325,VTA1,0,0,0,0,0
6326,TSFM,0,0,0,0,0
6327,SLC25A25,0,0,0,0,0
6328,NCKAP1L,0,0,0,0,0
6329,SPARC,0,0,0,0,0
6330,PACS1,0,0,0,0,0
6331,LARGE2,0,0,0,0,0
6332,C3AR1,0,0,0,0,0
6333,SAA2-SAA4,0,0,0,0,0
6334,IL33,0,0,0,0,0
6335,ING2,0,0,0,0,0
6336,VPS41,0,0,0,0,0
6337,MCM5,0,0,0,0,0
6338,DUSP10,0,0,0,0,0
6339,RPS6KB1,0,0,0,0,0
6340,POLR2M,0,0,0,0,0
6341,SCAF1,0,0,0,0,0
6342,MPP5,0,0,0,0,0
6343,KDELR3,0,0,0,0,0
6344,FDX2,0,0,0,0,0
6345,CFAP298,0,0,0,0,0
6346,COPRS,0,0,0,0,0
6347,IQSEC1,0,0,0,0,0
6348,GALNTL5,0,0,0,0,0
6349,BIRC2,0,0,0,0,0
6350,IFI6,0,0,0,0,0
6351,ADH5,0,0,0,0,0
6352,ASF1A,0,0,0,0,0
6353,GALNT18,0,0,0,0,0
6354,FGF16,0,0,0,0,0
6355,OAZ1,0,0,0,0,0
6356,FBXO30,0,0,0,0,0
6357,TUBA1B,0,0,0,0,0
6358,UGT2B15,0,0,0,0,0
6359,GRHL3,0,0,0,0,0
6360,PIP,0,0,0,0,0
6361,PPP2R3B,0,0,0,0,0
6362,MAPK6,0,0,0,0,0
6363,MAPK8IP2,0,0,0,0,0
6364,TCERG1,0,0,0,0,0
6365,TICAM1,0,0,0,0,0
6366,KANSL1,0,0,0,0,0
6367,ISY1-RAB43,0,0,0,0,0
6368,CHAMP1,0,0,0,0,0
6369,ORC1,0,0,0,0,0
6370,CAB39,0,0,0,0,0
6371,BCL2L10,0,0,0,0,0
6372,SLC22A17,0,0,0,0,0
6373,URI1,0,0,0,0,0
6374,MTPAP,0,0,0,0,0
6375,PTPRJ,0,0,1,0,0
6376,KIF2A,0,0,0,0,0
6377,MANF,0,0,0,0,0
6378,L3MBTL2,0,0,0,0,0
6379,IARS1,0,0,0,0,0
6380,SIX4,0,0,0,0,0
6381,KCNJ4,0,0,0,0,0
6382,TOMM40L,0,0,0,0,0
6383,IL4R,0,0,0,0,0
6384,ACSS3,0,0,0,0,0
6385,GRIA3,0,0,0,0,0
6386,IQGAP1,0,0,0,0,0
6387,RAD9A,0,0,0,0,0
6388,SIN3A,0,0,0,0,0
6389,GALNTL6,0,0,0,0,0
6390,MOB2,0,0,0,0,0
6391,FANCA,0,0,0,0,0
6392,SLC26A3,0,0,0,0,0
6393,C8B,0,0,0,0,0
6394,CASP4,0,0,0,0,0
6395,TAS2R1,0,0,0,0,0
6396,MYLK2,0,0,0,0,1
6397,DHODH,0,0,0,0,0
6398,DNAH8,0,0,0,0,0
6399,PLAT,0,1,1,0,0
6400,GCSH,0,0,0,0,0
6401,KLC1,0,0,0,0,0
6402,TMEM106B,0,0,0,0,0
6403,CD83,0,0,0,0,0
6404,LTB4R,1,0,0,0,0
6405,KCNC3,0,0,0,0,0
6406,VIPR1,0,0,0,0,0
6407,HOXB5,0,0,0,0,0
6408,CENPV,0,0,0,0,0
6409,LTA,0,0,0,0,0
6410,GSTO2,0,0,0,0,0
6411,FRS2,0,0,0,0,0
6412,PER3,0,0,0,0,0
6413,TNFRSF11B,1,0,0,0,0
6414,ELOVL2,0,0,0,0,0
6415,TUSC2,0,0,0,0,0
6416,RPLP2,0,0,0,0,0
6417,MYL2,0,0,0,0,0
6418,CNFN,0,0,0,0,0
6419,CCL3,0,0,0,0,0
6420,L7N2F9_HUMAN,0,0,0,0,0
6421,TMED1,0,0,0,0,0
6422,DNAJC5B,0,0,0,0,0
6423,PUDP,0,0,0,0,0
6424,MIOS,0,0,0,0,0
6425,SHBG,0,0,0,0,0
6426,DNAJC5,0,0,0,0,0
6427,RPH3AL,0,0,0,0,0
6428,CALM1,0,0,0,0,0
6429,BIRC5,0,0,0,0,0
6430,UPF2,0,0,0,0,0
6431,CYTH2,0,0,0,0,0
6432,CREB5,0,0,0,0,0
6433,TRMT112,0,0,0,0,0
6434,HLF,0,0,0,0,0
6435,CXorf66,0,0,0,0,0
6436,OXCT2,0,0,0,0,0
6437,PUF60,0,0,0,0,0
6438,TOP1MT,0,0,0,0,0
6439,HOXA3,0,0,0,0,0
6440,ACAA1,0,0,0,0,0
6441,NRXN1,0,0,0,0,0
6442,AADAT,0,0,0,0,0
6443,WNT5A,0,0,0,0,0
6444,LRP1,0,0,0,0,0
6445,STRIP2,0,0,0,0,0
6446,MTRR,0,0,0,0,0
6447,PPT1,0,0,0,0,0
6448,SCTR,0,0,0,0,0
6449,DGUOK,0,0,0,0,0
6450,TADA3,0,0,0,0,0
6451,ATP6V1E1,0,0,0,0,0
6452,PYY,0,0,0,0,0
6453,DRD4,0,0,0,0,0
6454,MIF,1,0,0,0,0
6455,GALK1,0,0,0,0,0
6456,MICU3,0,0,0,0,0
6457,NKX2-2,0,0,0,0,0
6458,CARS2,0,0,0,0,0
6459,TLR3,0,0,0,0,0
6460,PUM3,0,0,0,0,0
6461,FERMT1,0,0,0,0,0
6462,FBXO5,0,0,0,0,0
6463,KIFC1,0,0,0,0,0
6464,RPS16,0,0,0,0,0
6465,BIRC3,0,0,0,0,0
6466,CAMKMT,0,0,0,0,0
6467,NCAPD2,0,0,0,0,0
6468,MYL10,0,0,0,0,0
6469,EPS15,0,0,0,0,0
6470,PANK3,0,0,0,0,0
6471,SLC5A2,0,0,0,0,0
6472,PROCR,0,0,0,1,0
6473,RPS6KA6,0,0,0,0,0
6474,ADRA1A,0,0,0,0,0
6475,CDK3,0,0,0,0,0
6476,PLEKHA7,0,0,0,0,0
6477,GRAP,0,0,0,0,0
6478,ZBTB16,0,0,0,0,0
6479,IGLL5,1,0,0,0,0
6480,HTT,0,0,0,0,0
6481,ABCC6,0,1,1,1,1
6482,GNG8,0,0,0,0,0
6483,DET1,0,0,0,0,0
6484,RPL17,0,0,0,0,0
6485,ARNT2,0,0,0,0,0
6486,ARPC5L,0,0,0,0,0
6487,TOR1A,0,0,0,0,0
6488,GPX7,0,0,0,0,0
6489,CYLD,0,0,0,0,0
6490,ZFP57,0,0,0,0,0
6491,KRT7,0,0,0,0,0
6492,UQCR10,0,0,0,0,0
6493,NDUFB8,0,0,0,0,1
6494,NAA38,0,0,0,0,0
6495,LGALS9B,0,0,0,0,0
6496,UBR7,0,0,0,0,0
6497,RIN3,0,0,0,0,0
6498,CYP1B1,0,0,0,1,0
6499,AGO4,0,0,0,0,0
6500,LPIN3,0,0,0,0,0
6501,RAMP1,0,0,0,0,0
6502,IL11RA,0,0,0,0,0
6503,SOD3,1,0,0,0,0
6504,SETD7,0,0,0,0,0
6505,EGR3,0,0,0,0,0
6506,MGAM2,0,0,0,0,0
6507,PADI4,0,0,0,0,0
6508,GP5,0,0,0,0,0
6509,ACSM3,0,0,0,0,0
6510,MYBBP1A,0,0,0,0,0
6511,POLR2J2,0,0,0,0,0
6512,SPG7,0,0,0,0,0
6513,MCL1,0,0,0,0,0
6514,SRP68,0,0,0,0,0
6515,AMY1B,0,0,0,0,0
6516,VPS4A,0,0,0,0,0
6517,BRD9,0,0,0,0,0
6518,LDHAL6B,0,0,0,0,0
6519,RIOK1,0,0,0,0,0
6520,LIN28A,0,0,0,0,0
6521,ATF2,0,0,0,0,0
6522,PRTN3,0,0,0,0,0
6523,NSA2,0,0,0,0,0
6524,ENSP00000499200,0,0,0,0,0
6525,PCGF5,0,0,0,0,0
6526,AAAS,0,0,0,0,0
6527,CSNK2B,0,0,0,0,0
6528,PGM3,0,0,0,0,0
6529,FA2H,0,0,0,0,0
6530,MYL12B,0,0,0,0,0
6531,GLUL,0,0,0,0,0
6532,ACOT8,0,0,0,0,0
6533,PLK1,0,0,0,0,0
6534,NIPAL4,0,0,0,0,0
6535,TONSL,0,0,0,0,0
6536,LTB4R2,0,0,0,0,0
6537,PTPRB,0,0,0,0,0
6538,SNAI2,0,0,0,0,0
6539,IER2,0,0,0,0,0
6540,C17orf80,0,0,0,0,0
6541,TUBA4A,0,0,0,0,0
6542,UMOD,0,0,0,0,0
6543,COX17,0,0,0,0,0
6544,CHEK2,0,0,0,0,0
6545,CCR10,0,0,0,0,0
6546,FGF7,0,0,0,0,0
6547,ULBP2,0,0,0,0,0
6548,JOSD1,0,0,0,0,0
6549,KCTD13,0,0,0,1,0
6550,MICOS13,0,0,0,0,0
6551,ANXA2,1,0,0,0,0
6552,VBP1,0,0,0,0,0
6553,ST6GALNAC2,0,0,0,0,0
6554,QKI,0,0,0,0,0
6555,CCDC86,0,0,0,0,0
6556,INPP5F,0,0,0,0,0
6557,XRN1,0,0,0,0,0
6558,NPM1,0,0,0,0,0
6559,PTPN22,0,0,0,0,0
6560,GMPS,0,0,0,0,0
6561,FLG2,0,0,0,0,0
6562,MMP12,1,1,0,0,0
6563,CSH2,0,0,0,0,0
6564,EIF4E3,0,0,0,0,0
6565,LPO,0,0,0,0,0
6566,CCL4L2,0,0,0,0,0
6567,INTS3,0,0,0,0,0
6568,H3C14,0,0,0,0,0
6569,ZC3H12A,0,0,0,0,0
6570,C1GALT1C1L,0,0,0,0,0
6571,TNFRSF17,0,0,0,0,0
6572,MYBPC2,0,0,0,0,0
6573,AP4B1,0,0,0,0,0
6574,CRYGC,0,0,0,0,0
6575,CHEK1,0,0,0,0,0
6576,CREB3L1,0,0,0,0,0
6577,CHERP,0,0,0,0,0
6578,IL12RB2,0,0,0,0,0
6579,NEDD8,0,0,0,0,0
6580,SLX1A,0,0,0,0,0
6581,PCCB,0,0,0,0,0
6582,LAMC2,0,0,0,0,0
6583,MBD1,0,0,0,0,0
6584,WDR11,0,0,0,0,0
6585,SMPD4,0,0,0,0,0
6586,ATP6V1A,0,0,0,0,1
6587,IDI2,0,0,0,0,0
6588,MRM1,0,0,0,0,0
6589,TWNK,0,0,0,0,0
6590,SIRT5,0,0,0,0,0
6591,FBXO2,0,0,0,0,0
6592,MAFK,0,0,0,0,0
6593,SND1,0,0,0,0,0
6594,PITRM1,0,0,0,0,0
6595,GNG12,0,0,0,0,0
6596,CHRM1,0,0,0,0,0
6597,SETMAR,0,0,0,0,0
6598,PPP2R5A,0,0,0,0,0
6599,JCHAIN,1,0,0,0,0
6600,SNX10,0,0,0,0,0
6601,PHLDA1,0,0,0,0,0
6602,POU5F1,0,0,0,0,0
6603,CDC27,0,0,0,0,0
6604,FBXO27,0,0,0,0,0
6605,PANK1,0,0,0,0,0
6606,FBXO41,0,0,0,0,0
6607,IFNA14,0,0,0,0,0
6608,ZMAT2,0,0,0,0,0
6609,MBD3,0,0,0,0,0
6610,BDP1,0,0,0,0,0
6611,CALCOCO2,0,0,0,0,0
6612,KDM2B,0,0,0,0,0
6613,PRAM1,0,0,0,0,0
6614,DIABLO-2,0,0,0,0,0
6615,ALOX12B,0,0,0,0,0
6616,MPP6,0,0,0,0,0
6617,GNMT,0,0,0,0,0
6618,NGEF,0,0,0,0,0
6619,TTR,0,0,0,1,0
6620,ARHGEF7,0,0,0,0,0
6621,SAP130,0,0,0,0,0
6622,CST4,0,0,0,0,0
6623,NDUFAF2,0,0,0,0,0
6624,HSPD1,0,0,0,0,0
6625,SCN3B,0,0,0,0,0
6626,TIPIN,0,0,0,0,0
6627,NKG7,0,0,0,0,0
6628,MYH7B,0,0,0,0,0
6629,PPA2,0,0,0,0,1
6630,AQR,0,0,0,0,0
6631,ACAD10,0,0,0,0,0
6632,RCOR1,0,0,0,0,0
6633,PDCD11,0,0,0,0,0
6634,APBB1,0,0,0,0,0
6635,HSPA1A,1,0,0,0,0
6636,DHX34,0,0,0,0,0
6637,FEN1,0,0,0,0,0
6638,MOGAT2,0,0,0,0,0
6639,FECH,0,0,0,0,0
6640,TNFRSF1A,0,0,0,0,0
6641,C6orf15,0,0,0,0,0
6642,MRPS11,0,0,0,0,0
6643,PNN,0,0,0,0,0
6644,LGALS1,1,0,0,0,0
6645,FOXRED2,0,0,0,0,0
6646,ACAD9,0,0,0,1,1
6647,ANO2,0,0,0,0,0
6648,CD1A,0,0,0,0,0
6649,PIK3R3,0,0,0,0,0
6650,UCHL3,0,0,0,0,0
6651,BNIP2,0,0,0,0,0
6652,HADH,0,0,0,0,0
6653,TIGIT,0,0,0,0,0
6654,CCNC,0,0,0,0,0
6655,TYMS,0,0,0,0,0
6656,TEKT4,0,0,0,0,0
6657,TNIP2,0,0,0,0,0
6658,HOGA1,0,0,0,0,0
6659,UVRAG,0,0,0,0,0
6660,FLOT1,0,0,0,0,0
6661,SPINK1,0,0,0,0,0
6662,IGF2BP1,0,0,0,0,0
6663,PRODH2,0,0,0,0,0
6664,OTX2,0,0,0,0,0
6665,LTC4S,0,0,0,0,0
6666,SRSF8,0,0,0,0,0
6667,PFKM,0,0,0,0,0
6668,RTKN,0,0,0,0,0
6669,TNFRSF4,0,0,0,0,0
6670,NFE2L2,0,0,0,0,0
6671,IL6ST,0,0,0,0,0
6672,ARRB1,0,0,0,0,0
6673,POLL,0,0,0,0,0
6674,RPP25,0,0,0,0,0
6675,GALNT10,0,0,0,0,0
6676,ACBD3,0,0,0,0,0
6677,MTCH2,0,0,0,0,0
6678,HAVCR2,0,0,0,0,0
6679,TOMM22,0,0,0,0,0
6680,ECHS1,0,0,0,0,0
6681,PLGRKT,0,0,0,0,0
6682,MYL4,0,0,0,0,0
6683,AQP11,0,0,0,0,0
6684,ACTG2,0,0,0,0,0
6685,GRIN2A,0,0,0,0,0
6686,ARHGAP1,0,0,0,0,0
6687,RANBP9,0,0,0,0,0
6688,ACER1,0,0,0,0,0
6689,CACNA2D2,0,0,0,0,0
6690,RBM10,0,0,0,0,0
6691,ERO1B,0,0,0,0,0
6692,MUC5AC,0,0,0,0,0
6693,ATG13,0,0,0,0,0
6694,LAMTOR1,0,0,0,0,0
6695,NUDT15,0,0,0,0,0
6696,DGAT1,0,0,0,0,0
6697,TUT4,0,0,0,0,0
6698,SULT2B1,0,0,0,0,0
6699,WIF1,0,0,0,0,0
6700,USP20,0,0,0,0,0
6701,TDG,0,0,0,0,0
6702,MBD4,0,0,0,0,0
6703,ACLY,0,0,0,0,0
6704,CA1,0,0,0,0,0
6705,TAF6,0,0,0,0,0
6706,TXNL4A,0,0,0,0,0
6707,VPS4B,0,0,0,0,0
6708,VAPB,0,0,0,0,0
6709,GP2,0,0,0,0,0
6710,AP1G2,0,0,0,0,0
6711,DNAJB4,0,0,0,0,0
6712,PPP4R2,0,0,0,0,0
6713,PGK1,0,0,0,0,0
6714,AFTPH,0,0,0,0,0
6715,GTPBP10,0,0,0,0,0
6716,GADL1,0,0,0,0,0
6717,NDUFA12,0,0,0,0,0
6718,TARS3,0,0,0,0,0
6719,MPHOSPH8,0,0,0,0,0
6720,VPS33B,0,0,0,1,0
6721,CDCA3,0,0,0,0,0
6722,PBK,0,0,0,0,0
6723,PRAMEF17,0,0,0,0,0
6724,PTK6,0,0,0,0,0
6725,EIF5A,0,0,0,0,0
6726,SDHA,0,0,0,0,1
6727,CDC42EP4,0,0,0,0,0
6728,ACSL4,0,0,0,0,0
6729,PRPF19,0,0,0,0,0
6730,CENPP,0,0,0,0,0
6731,BACE1,0,0,0,0,0
6732,WDR70,0,0,0,0,0
6733,COQ4,0,0,0,0,0
6734,CYP21A2,0,0,0,0,0
6735,PSMB10,0,0,0,0,0
6736,CACNA1C,0,0,0,0,0
6737,DFFA,0,0,0,0,0
6738,PI4K2B,0,0,0,0,0
6739,ECSIT,0,0,0,0,0
6740,ACOT1,0,0,0,0,0
6741,RNASEK,0,0,0,0,0
6742,CDC25C,0,0,0,0,0
6743,KIAA1549,0,0,0,0,0
6744,PRDM4,0,0,0,0,0
6745,PRPF18,0,0,0,0,0
6746,NAT8,0,0,0,0,0
6747,EP400,0,0,0,0,0
6748,CADM3,0,0,0,0,0
6749,CSF3,0,0,0,0,0
6750,BCL6,0,0,0,0,0
6751,DRG1,0,0,0,0,0
6752,UBE3D,0,0,0,0,0
6753,NFKBIB,0,0,0,0,0
6754,CCDC9,0,0,0,0,0
6755,RSPO4,0,0,0,0,0
6756,REG3A,0,0,0,0,0
6757,PAM,0,0,0,0,0
6758,FXN,0,0,0,0,1
6759,RANBP10,0,0,0,0,0
6760,CDK5RAP1,0,0,0,0,0
6761,DUSP4,0,0,0,0,0
6762,MAP2K6,0,0,0,0,0
6763,TINF2,0,0,0,0,0
6764,TNFAIP2,0,0,0,0,0
6765,MMP14,0,0,0,0,0
6766,STAG2,0,0,0,0,0
6767,PSPH,0,0,0,0,0
6768,MAG,0,0,0,0,0
6769,C6orf52,0,0,0,0,0
6770,POMP,0,0,0,0,0
6771,WDR4,0,0,0,0,0
6772,NAF1,0,0,0,0,0
6773,STAC3,0,0,0,0,0
6774,POLR2I,0,0,0,0,0
6775,INPP4A,0,0,0,0,0
6776,DNALI1,0,0,0,0,0
6777,H4C8,0,0,0,0,0
6778,SESN1,0,0,0,0,0
6779,AKR1B1,0,0,0,0,0
6780,TCF3,0,0,0,0,0
6781,TSR2,0,0,0,0,0
6782,GCNT2,0,0,0,0,0
6783,CRK,0,0,0,0,0
6784,FXR1,0,0,0,1,0
6785,MTM1,0,0,0,0,0
6786,DNAJC19,0,0,0,0,1
6787,RHOV,0,0,0,0,0
6788,HEATR5B,0,0,0,0,0
6789,CDKN1C,0,0,0,0,0
6790,ATP5MC3,0,0,0,0,0
6791,ADGRL3,0,0,0,1,0
6792,EEF1AKNMT,0,0,0,0,0
6793,MRPL19,0,0,0,0,0
6794,RNF103,0,0,0,0,0
6795,RNASEH1,0,0,0,0,0
6796,ACAT2,0,0,0,0,0
6797,CNIH1,0,0,0,0,0
6798,PRKD1,0,0,0,0,0
6799,PEX12,0,0,0,0,0
6800,GK,0,0,0,0,0
6801,H7C0S8_HUMAN,0,0,0,0,0
6802,DDX31,0,0,0,0,0
6803,IL4,0,0,0,0,0
6804,SAP18,0,0,0,0,0
6805,TAF10,0,0,0,0,0
6806,RASSF7,0,0,0,0,0
6807,GAS2L2,0,0,0,0,0
6808,AVP,1,0,0,0,0
6809,RHOQ,0,0,0,0,0
6810,DUOX1,0,0,0,0,0
6811,COPB1,0,0,0,0,0
6812,TNP1,0,0,0,0,0
6813,SELENOI,0,0,0,0,0
6814,UQCRFS1,0,0,0,0,0
6815,CYP2R1,0,0,0,0,0
6816,PLPP2,0,0,0,0,0
6817,BRK1,0,0,0,0,0
6818,CYP27C1,0,0,0,0,0
6819,H3C1,0,0,0,0,0
6820,UFD1,0,0,0,0,0
6821,GK2,0,0,0,0,0
6822,BRINP1,0,0,0,0,0
6823,LGMN,0,0,0,0,0
6824,ENO1,1,0,0,0,0
6825,RAE1,0,0,0,0,0
6826,MAFG,0,0,0,0,0
6827,SFN,0,0,0,0,0
6828,ATP23,0,0,0,0,0
6829,SMC3,0,0,0,0,0
6830,AKAP1,0,0,0,0,0
6831,RAD23B,0,0,0,0,0
6832,CRB3,0,0,0,0,0
6833,TLK1,0,0,0,0,0
6834,NCOA3,0,0,0,0,0
6835,DST,0,0,0,0,0
6836,IGSF8,0,0,0,0,0
6837,SLC35A3,0,0,0,0,0
6838,BCL2L13,0,0,0,0,0
6839,NKIRAS2,0,0,0,0,0
6840,PARN,0,0,0,0,0
6841,ADAMTS4,0,0,0,0,0
6842,DLG3,0,0,0,0,0
6843,ZNF513,0,0,0,0,0
6844,ARAF,0,0,0,0,0
6845,NANOS2,0,0,0,0,0
6846,SAFB2,0,0,0,0,0
6847,SLC25A11,0,0,0,0,1
6848,DDX21,0,0,0,0,0
6849,CBFB,0,0,0,0,0
6850,GPKOW,0,0,0,0,0
6851,TLE5,0,0,0,0,0
6852,BCL3,0,0,0,0,0
6853,ITSN1,0,0,0,0,0
6854,ERH,0,0,0,0,0
6855,NIPSNAP2,0,0,0,0,0
6856,XDH,0,0,0,0,0
6857,MYO15A,0,0,0,0,0
6858,MTAP,0,0,0,0,0
6859,DDX55,0,0,0,0,0
6860,ZNF148,0,0,0,0,0
6861,ISCA2,0,0,0,0,0
6862,IFIT3,0,0,0,0,0
6863,SIX1,0,0,0,0,0
6864,TRAPPC13,0,0,0,0,0
6865,ANK1,0,0,0,0,0
6866,RPL30,0,0,0,0,0
6867,CRTAP,0,0,0,0,1
6868,PIGH,0,0,0,0,0
6869,HTR2B,0,0,0,0,0
6870,CFAP77,0,0,0,0,0
6871,SET,0,0,0,0,0
6872,REST,0,0,0,0,0
6873,UBL4A,0,0,0,0,0
6874,ABCD3,0,0,0,0,0
6875,PSME3,0,0,0,0,0
6876,CA4,0,0,0,0,0
6877,SSBP4,0,0,0,0,0
6878,HMGN2,0,0,0,0,0
6879,CAND1,0,0,0,0,0
6880,EPHB3,0,0,0,0,0
6881,SLC1A6,0,0,0,0,0
6882,ZBTB17,0,0,0,0,0
6883,POLE3,0,0,0,0,0
6884,GCLC,0,0,0,0,0
6885,GLCCI1,0,0,0,0,0
6886,PISD,0,0,0,0,0
6887,ATP6V1E2,0,0,0,0,0
6888,MUC2,0,0,0,0,0
6889,NUDC,0,0,0,0,0
6890,U3KQK5_HUMAN,0,0,0,0,0
6891,RPL32,0,0,0,0,0
6892,PPAN-P2RY11,0,0,0,0,0
6893,CD14,0,0,0,0,0
6894,PSMD11,0,0,0,0,0
6895,PIK3R4,0,0,0,0,0
6896,BMT2,0,0,0,0,0
6897,FBXL13,0,0,0,0,0
6898,KLRC4,0,0,0,0,0
6899,LHFPL5,0,0,0,0,0
6900,TNNC2,0,0,0,0,0
6901,NCAM1,0,0,0,0,0
6902,PGM2L1,0,0,0,0,0
6903,BCLAF1,0,0,0,0,0
6904,CASP8AP2,0,0,0,0,0
6905,SMARCD1,0,0,0,0,0
6906,FRG2,0,0,0,0,0
6907,TGFB3,1,1,0,1,0
6908,MED30,0,0,0,0,0
6909,LSM5,0,0,0,0,0
6910,CR2,0,0,0,0,0
6911,CMTM2,0,0,0,0,0
6912,AP1M2,0,0,0,0,0
6913,KAT2B,0,0,0,1,0
6914,BANP,0,0,0,0,0
6915,HSPA4,1,0,0,0,0
6916,PGD,0,0,0,0,0
6917,QPCTL,0,0,0,0,0
6918,EIF1AD,0,0,0,0,0
6919,APEX1,0,0,0,0,0
6920,LSM10,0,0,0,0,0
6921,ARG1,0,0,0,0,0
6922,RMND1,0,0,0,0,0
6923,TEP1,0,0,0,0,0
6924,SAMM50,0,0,0,0,0
6925,IMPDH1,0,0,0,0,0
6926,PDGFC,0,0,0,0,0
6927,SMO,0,0,0,0,0
6928,TRPV6,0,0,0,0,0
6929,HAUS6,0,0,0,0,0
6930,GLP1R,0,0,1,0,0
6931,MRM2,0,0,0,0,0
6932,LEP,0,0,0,0,0
6933,P2RX4,0,0,0,0,0
6934,PFKP,0,0,0,0,0
6935,CD300C,0,0,0,0,0
6936,NSF,0,0,0,1,0
6937,H2BC13,0,0,0,0,0
6938,NOTCH2,0,1,0,0,0
6939,DEPDC1,0,0,0,0,0
6940,NOC2L,0,0,0,0,0
6941,NXF5,0,0,0,0,0
6942,LARP4B,0,0,0,0,0
6943,EEPD1,0,0,0,0,0
6944,GAPDH,1,0,0,0,0
6945,TCP1,0,0,0,0,0
6946,AP1AR,0,0,0,0,0
6947,CTAG1B,0,0,0,0,0
6948,RBM28,0,0,0,0,0
6949,FCGBP,0,0,0,0,0
6950,CARD9,0,0,0,0,0
6951,OXA1L,0,0,0,0,0
6952,TUBB6,0,0,0,0,0
6953,XCL1,0,0,0,0,0
6954,NRIP1,0,0,0,0,0
6955,ANKS3,0,0,0,0,0
6956,DCAF7,0,0,0,0,0
6957,CLEC7A,0,0,0,0,0
6958,GINS2,0,0,0,0,0
6959,PSME3IP1,0,0,0,0,0
6960,EIF2S3B,0,0,0,0,0
6961,MCF2,0,0,0,0,0
6962,ZNF501,0,0,0,0,0
6963,GALR2,0,0,0,0,0
6964,HSPA1L,0,0,0,0,0
6965,ARL6IP5,0,0,0,0,0
6966,HOXA5,0,0,0,0,0
6967,DKKL1,0,0,0,0,0
6968,H4C5,0,0,0,0,0
6969,ASIC1,0,0,0,0,0
6970,ASCL1,0,0,0,0,0
6971,TMPRSS9,0,0,0,0,0
6972,NR4A1,0,0,0,0,0
6973,USP7,0,0,0,0,0
6974,HSP90AA1,0,0,0,0,0
6975,ACAN,0,0,0,0,0
6976,CMTM8,0,0,0,0,0
6977,NDUFAF7,0,0,0,0,0
6978,RAD51B,0,0,0,0,0
6979,IL17A,0,0,0,0,0
6980,IKBKE,0,0,0,0,0
6981,TAS2R10,0,0,0,0,0
6982,SMU1,0,0,0,0,0
6983,UTP23,0,0,0,0,0
6984,GPX4,0,0,0,0,0
6985,UBA52,0,0,0,0,0
6986,MS4A3,0,0,0,0,0
6987,STK38,0,0,0,0,0
6988,SHC2,0,0,0,0,0
6989,PKHD1,0,0,0,0,0
6990,GOLIM4,0,0,0,0,0
6991,DERL1,0,0,0,0,0
6992,SLC23A2,0,0,0,0,0
6993,PNPLA3,0,0,0,0,0
6994,DNAJA1,0,0,0,0,0
6995,RDH11,0,0,0,0,0
6996,ACTN3,0,0,0,0,0
6997,NUDT14,0,0,0,0,0
6998,GIP,0,0,0,0,0
6999,CLN6,0,0,0,0,0
7000,CBL,0,0,0,0,0
7001,POLR3C,0,0,0,0,0
7002,CRYZ,0,0,0,0,0
7003,DHDH,0,0,0,0,0
7004,FANCM,0,0,0,0,0
7005,CNGA1,0,0,0,0,0
7006,TPM2,1,0,0,0,0
7007,ABI1,0,0,0,0,0
7008,ALG12,0,0,0,0,0
7009,DAZ1,0,0,0,0,0
7010,KLF1,0,0,0,0,0
7011,QRSL1,0,0,0,0,0
7012,BFSP2,0,0,0,0,0
7013,DYRK1A,0,0,0,0,0
7014,UBA7,0,0,0,0,0
7015,CTNS,0,0,0,0,0
7016,FANCC,0,0,0,0,0
7017,NRDE2,0,0,0,0,0
7018,ATP6V0A2,0,0,0,0,0
7019,ACOT2,0,0,0,0,0
7020,HCRT,0,0,0,0,0
7021,POLR1A,0,0,0,0,0
7022,HNF4A,0,0,0,0,0
7023,UTP6,0,0,0,0,0
7024,IL31,0,0,0,0,0
7025,COPS6,0,0,0,0,0
7026,TAF5,0,0,0,0,0
7027,RARG,0,0,0,0,0
7028,RAB1B,0,0,0,0,0
7029,SCNN1G,0,0,1,0,0
7030,PLA2G4A,0,0,0,0,0
7031,GSTA4,0,0,0,0,0
7032,GRIN2B,0,0,0,0,0
7033,APRT,0,0,0,0,0
7034,DENND1B,0,0,0,0,0
7035,PRDX3,0,0,0,0,0
7036,ANKRD9,0,0,0,0,0
7037,VAMP7,0,0,0,0,0
7038,C12orf66,0,0,0,0,0
7039,NMNAT1,0,0,0,0,0
7040,LRRC32,0,0,0,0,0
7041,NPRL2,0,0,0,0,0
7042,OXCT1,0,0,0,0,0
7043,ADGRD1,0,0,0,0,0
7044,ARL2BP,0,0,0,0,0
7045,RANGRF,0,0,0,0,0
7046,ZNRD1,0,0,0,0,0
7047,CCL13,0,0,0,0,0
7048,MB,0,0,1,0,0
7049,TM7SF2,0,0,0,0,0
7050,H4C3,0,0,0,0,0
7051,BMP7,0,0,0,0,0
7052,RELN,0,0,0,0,0
7053,CYP51A1,0,0,0,0,0
7054,KIF5C,0,0,0,0,0
7055,PSMD3,0,0,0,0,0
7056,ACTR5,0,0,0,0,0
7057,MUC7,0,0,0,0,0
7058,GPI,0,0,0,0,0
7059,RDH8,0,0,0,0,0
7060,EPRS1,0,0,0,0,0
7061,GH1,0,0,0,0,0
7062,LIPF,0,0,0,0,0
7063,GOLGA1,0,0,0,0,0
7064,UGGT1,0,0,0,0,0
7065,IFT46,0,0,0,0,0
7066,RHOG,0,0,0,0,0
7067,DCDC2,0,0,0,0,0
7068,MTREX,0,0,0,0,0
7069,PROKR2,0,0,0,0,0
7070,DDX5,0,0,0,0,0
7071,CRTC2,0,0,0,0,0
7072,FILIP1,0,0,0,0,0
7073,IFNA6,0,0,0,0,0
7074,SUGP1,0,0,0,0,0
7075,HSD17B4,0,0,0,0,0
7076,TNFRSF8,0,0,0,0,0
7077,MED8,0,0,0,0,0
7078,SEC24B,0,0,0,0,0
7079,PMPCA,0,0,0,0,0
7080,ENC1,0,0,0,0,0
7081,FNTA,0,0,0,0,0
7082,ELL3,0,0,0,0,0
7083,SMARCB1,0,0,0,0,0
7084,PSMB7,0,0,0,0,0
7085,HOXC8,0,0,0,0,0
7086,GPRASP1,0,0,0,0,0
7087,STX6,0,0,0,0,0
7088,NDUFA3,0,0,0,0,0
7089,CSK,0,0,0,0,0
7090,RAPGEF1,0,0,0,0,0
7091,CXorf56,0,0,0,0,0
7092,H4C13,0,0,0,0,0
7093,ITGB8,0,0,0,0,0
7094,VKORC1,0,0,0,0,0
7095,CYB5B,0,0,0,0,0
7096,NSUN5,0,0,0,0,0
7097,CXCR4,0,0,0,0,0
7098,DSTN,1,0,0,0,0
7099,ACO2,0,0,0,0,0
7100,SLC2A2,0,0,0,0,0
7101,AKAP11,0,0,0,0,0
7102,TWIST1,0,0,0,0,0
7103,RGS6,0,0,0,0,0
7104,SORCS2,0,0,0,0,0
7105,SMURF2,0,0,0,0,0
7106,PIK3C3,0,0,0,0,0
7107,H2BC4,0,0,0,0,0
7108,METTL14,0,0,0,0,0
7109,VDAC1,0,0,0,0,0
7110,SPOCK1,0,0,0,0,0
7111,ROCK1,0,0,0,0,0
7112,VIPR2,0,0,0,1,0
7113,NIT2,0,0,0,0,0
7114,RPS7,0,0,0,0,0
7115,NCAPH,0,0,0,0,0
7116,NAGK,0,0,0,0,0
7117,GFI1,0,0,0,0,0
7118,NDUFB6,0,0,0,0,0
7119,CPSF2,0,0,0,0,0
7120,ACTR3B,0,0,0,0,0
7121,REG1A,0,0,0,0,0
7122,COL11A1,0,0,0,0,0
7123,ADSS2,0,0,0,0,0
7124,CHRM3,0,0,0,0,0
7125,PIP4P1,0,0,0,0,0
7126,FBXO31,0,0,0,0,0
7127,KEAP1,0,0,0,0,0
7128,SMC1B,0,0,0,0,0
7129,SPATA7,0,0,0,0,0
7130,ZSWIM8,0,0,0,0,0
7131,IRF7,0,0,0,0,0
7132,SPTAN1,0,0,0,0,0
7133,KRTCAP2,0,0,0,0,0
7134,FGF18,0,0,0,0,0
7135,ADRB1,0,0,0,0,0
7136,CHP2,0,0,0,0,0
7137,BET1,0,0,0,0,0
7138,LRRC41,0,0,0,0,0
7139,ARL6IP1,0,0,0,0,0
7140,SGPP1,0,0,0,0,0
7141,VAMP3,0,0,0,0,0
7142,AQP1,0,0,0,0,0
7143,ALOX15,0,0,0,0,0
7144,ROR1,0,0,0,0,0
7145,METAP1D,0,0,0,0,0
7146,F3,0,0,0,0,0
7147,PI4KA,0,0,0,0,0
7148,VAMP8,0,0,0,0,0
7149,AFM,0,0,0,0,0
7150,HSD17B10,0,0,0,0,0
7151,CXCL10,0,0,0,0,0
7152,MCIDAS,0,0,0,0,0
7153,TNS1,0,0,0,0,0
7154,TNF,0,1,0,0,0
7155,SLC1A2,0,0,0,0,0
7156,JAM3,0,0,0,0,0
7157,SLAMF7,0,0,0,0,0
7158,XPNPEP2,0,0,0,0,0
7159,RINT1,0,0,0,0,0
7160,TPCN1,0,0,0,0,0
7161,NEIL1,0,0,0,0,0
7162,SS18L1,0,0,0,0,0
7163,CALD1,1,0,0,0,0
7164,SRP54,0,0,0,0,0
7165,SLC25A17,0,0,0,0,0
7166,CKAP5,0,0,0,0,0
7167,HCST,0,0,0,0,0
7168,RANGAP1,0,0,0,0,0
7169,AUTS2,0,0,0,1,0
7170,SAA1,1,0,0,0,0
7171,ANKRD50,0,0,0,0,0
7172,BPIFA1,0,0,0,0,0
7173,RPUSD2,0,0,0,0,0
7174,PCGF1,0,0,0,0,0
7175,TAF1C,0,0,0,0,0
7176,CRABP1,0,0,0,0,0
7177,TNFRSF14,0,0,0,0,0
7178,LIX1,0,0,0,0,0
7179,CLDN4,0,0,0,0,0
7180,GSTM3,0,0,0,0,0
7181,RPAP2,0,0,0,0,0
7182,POLK,0,0,0,0,0
7183,RPL27A,0,0,0,0,0
7184,NR1I2,0,0,0,0,0
7185,PSMC4,0,0,0,0,0
7186,RPL26,0,0,0,0,0
7187,FGFR4,0,0,0,0,0
7188,TAGLN3,0,0,0,0,0
7189,ING3,0,0,0,0,0
7190,COL4A3,1,0,0,0,0
7191,FAM131B,0,0,0,0,0
7192,ENSP00000498801,0,0,0,0,0
7193,SNX20,0,0,0,0,0
7194,FXYD2,0,0,0,0,0
7195,MRPL16,0,0,0,0,0
7196,PIGS,0,0,0,0,0
7197,MS4A1,0,0,0,0,0
7198,IL3,0,0,0,0,0
7199,TRAF2,0,0,0,0,0
7200,CPEB2,0,0,0,0,0
7201,AXL,1,0,0,0,0
7202,DRG2,0,0,0,0,0
7203,CSRP3,0,0,0,0,0
7204,TGFB1,0,0,1,0,0
7205,F5H5P2_HUMAN,0,0,0,0,0
7206,PELI1,0,0,0,0,0
7207,HS3ST1,0,0,0,0,0
7208,RNF7,0,0,0,0,0
7209,MMP21,0,0,0,0,0
7210,MMP1,0,0,0,0,0
7211,MTOR,0,0,0,0,0
7212,PLAU,0,0,0,0,0
7213,TNFAIP1,0,0,0,0,0
7214,NOP2,0,0,0,0,0
7215,TMEM114,0,0,0,0,0
7216,CARD8,0,0,0,0,0
7217,STX16,0,0,0,0,0
7218,KIF7,0,0,0,0,0
7219,ATP1A4,0,0,0,0,0
7220,ZC3H13,0,0,0,0,0
7221,SNAP25,0,0,0,0,0
7222,CKS2,0,0,0,0,0
7223,NFKB2,0,0,0,0,0
7224,NEDD9,0,0,0,0,0
7225,GIPC1,0,0,0,0,0
7226,TMED4,0,0,0,0,0
7227,LALBA,0,0,0,0,0
7228,CITED2,0,0,0,1,1
7229,WNT3,0,0,0,0,0
7230,STIM1,0,0,0,1,0
7231,WDR34,0,0,0,0,0
7232,CCN3,0,0,0,0,0
7233,H2AC8,0,0,0,0,0
7234,EME1,0,0,0,0,0
7235,EXOC3L1,0,0,0,0,0
7236,MCM9,0,0,0,0,0
7237,GATM,0,0,0,0,0
7238,MTNR1B,0,0,0,0,0
7239,NEK7,0,0,0,0,0
7240,CGB5,0,0,0,0,0
7241,UNC5D,0,1,0,0,0
7242,FAM98B,0,0,0,0,0
7243,SELENOP,0,0,0,0,0
7244,MYEOV,0,0,0,0,0
7245,HMOX1,0,0,0,0,0
7246,MYLK3,0,0,0,0,0
7247,DCTN1,0,0,0,0,0
7248,SFRP1,0,0,0,0,0
7249,SGCE,0,0,0,0,0
7250,BHLHE41,0,0,0,0,0
7251,RRP12,0,0,0,0,0
7252,XPO6,0,0,0,0,0
7253,MRPL22,0,0,0,0,0
7254,HSPA5,1,0,0,0,0
7255,TEC,0,0,0,0,0
7256,IL31RA,0,0,0,0,0
7257,ADGRA2,0,0,0,0,0
7258,SLC2A3,0,0,0,0,0
7259,TRAPPC2,0,0,0,0,0
7260,PIH1D2,0,0,0,0,0
7261,HSPB8,0,0,0,0,0
7262,COL4A6,1,0,0,0,0
7263,LRP5,0,0,0,0,0
7264,HMGCLL1,0,0,0,0,0
7265,ACVR2A,0,0,0,0,0
7266,SRSF1,0,0,0,0,0
7267,ALDH5A1,0,0,0,0,0
7268,HBG2,0,0,0,0,0
7269,CLASP1,0,0,0,0,0
7270,ENSP00000496982,0,0,0,0,0
7271,TET3,0,0,0,0,0
7272,CCDC170,0,0,0,0,0
7273,TRMT61A,0,0,0,0,0
7274,PREX1,0,0,0,0,0
7275,NPC1L1,0,0,0,0,0
7276,CASP8,0,0,0,0,0
7277,SNTG1,0,0,0,0,0
7278,TIMMDC1,0,0,0,0,0
7279,ZMAT5,0,0,0,0,0
7280,DDAH2,0,0,0,0,0
7281,HMOX2,0,0,0,0,0
7282,RWDD4,0,0,0,0,0
7283,YWHAB,1,0,0,0,0
7284,TAF1L,0,0,0,0,0
7285,HEY2,1,1,0,1,0
7286,PTGS2,0,0,0,0,0
7287,CRLF2,0,0,0,0,0
7288,HADHA,0,0,0,0,1
7289,H2AC17,0,0,0,0,0
7290,YRDC,0,0,0,0,0
7291,FGF17,0,0,0,0,0
7292,IL27RA,0,0,0,0,0
7293,CENPF,0,0,0,0,0
7294,STX2,0,0,0,0,0
7295,TSHR,0,0,0,0,0
7296,SLX4IP,0,0,0,0,0
7297,DCAF8,0,0,0,0,0
7298,LRRK2,0,0,0,0,0
7299,IFT57,0,0,0,0,0
7300,HLA-DQA2,0,0,0,0,0
7301,SPHK1,0,0,0,0,0
7302,CD200,0,0,0,0,0
7303,TLCD3B,0,0,0,0,0
7304,QRFP,0,0,0,0,0
7305,COL5A1,0,0,0,0,0
7306,SLC18A3,0,0,0,0,0
7307,CCN1,0,0,0,0,0
7308,NDUFB10,0,0,0,0,0
7309,MARCHF6,0,0,0,0,0
7310,ACKR2,0,0,0,0,0
7311,GNPDA1,0,0,0,0,0
7312,STAG1,0,0,0,0,0
7313,CELA3B,0,0,0,0,0
7314,CD99,0,0,0,0,0
7315,SDAD1,0,0,0,0,0
7316,GNA12,0,0,0,0,0
7317,UTY,0,0,0,0,0
7318,GPT2,0,0,0,0,0
7319,OGDHL,0,0,0,0,0
7320,ALG6,0,0,0,0,0
7321,VAPA,0,0,0,0,0
7322,UTP14A,0,0,0,0,0
7323,P4HB,0,0,0,0,0
7324,SERPINH1,0,0,0,0,0
7325,CLPX,0,0,0,0,0
7326,PFKL,0,0,0,0,0
7327,CHRNA3,0,0,0,0,0
7328,RABIF,0,0,0,0,0
7329,SEC11A,0,0,0,0,0
7330,DUSP8,0,0,0,0,0
7331,CD1D,0,0,0,0,0
7332,MICA,0,0,0,0,0
7333,H2AC20,0,0,0,0,0
7334,IFT27,0,0,0,0,0
7335,PPP2R3C,0,0,0,0,0
7336,ACSF2,0,0,0,0,0
7337,VDAC2,0,0,0,0,0
7338,EIF1AX,0,0,0,0,0
7339,TRAPPC3,0,0,0,0,0
7340,CD27,0,0,0,0,0
7341,SLC6A4,0,0,0,0,0
7342,NPVF,0,0,0,0,0
7343,AICDA,0,0,0,0,0
7344,PLA2G5,0,0,0,0,0
7345,BCL11B,0,0,0,0,0
7346,STK38L,0,0,0,0,0
7347,USP22,0,0,0,0,0
7348,DLAT,0,0,0,0,0
7349,CCT6B,0,0,0,0,0
7350,HOXB2,0,0,0,0,0
7351,FGFR1,0,1,0,0,0
7352,CXXC1,0,0,0,0,0
7353,AFF4,0,0,0,0,1
7354,SLC44A4,0,0,0,0,0
7355,DDX47,0,0,0,0,0
7356,NKTR,0,0,0,0,0
7357,EIF4EBP2,0,0,0,0,0
7358,CNTF,0,0,0,0,0
7359,GJA8,0,0,0,0,0
7360,MTX2,0,0,0,1,0
7361,APPBP2,0,0,0,0,0
7362,ERCC3,0,0,0,0,0
7363,GLUD1,0,0,0,0,0
7364,MRNIP,0,0,0,0,0
7365,CLPB,0,0,0,0,0
7366,RAC1,0,0,0,0,0
7367,EIF1AY,0,0,0,0,0
7368,FAAH,0,0,0,0,0
7369,CENPJ,0,0,0,0,0
7370,GSPT1,0,0,0,0,0
7371,RPS27,0,0,0,0,0
7372,PLXNB2,0,0,0,0,0
7373,SHMT2,0,0,0,0,0
7374,UBQLN2,0,0,0,0,0
7375,LIN7A,0,0,0,0,0
7376,CLEC2D,0,0,0,0,0
7377,THBD,0,1,0,0,0
7378,MYF5,0,0,0,0,0
7379,ZC3H3,0,0,0,0,0
7380,EPOR,0,0,1,0,0
7381,CDC42EP2,0,0,0,0,0
7382,YTHDF1,0,0,0,0,0
7383,CACNG3,0,0,0,0,0
7384,SPATA20,0,0,0,0,0
7385,DNAJB1,0,0,0,0,0
7386,KCNE4,0,0,0,0,0
7387,ENTPD8,0,0,0,0,0
7388,PDP1,0,0,0,0,0
7389,COL6A3,0,0,0,1,0
7390,SNRPD3,0,0,0,0,0
7391,HDAC9,0,0,0,1,0
7392,SCARA3,0,0,0,0,0
7393,RASIP1,0,0,0,0,0
7394,H4C1,0,0,0,0,0
7395,RACGAP1,0,0,0,0,0
7396,FURIN,0,0,0,0,0
7397,TM4SF19,0,0,0,0,0
7398,CYB5RL,0,0,0,0,0
7399,HCK,0,0,0,0,0
7400,MYL6B,0,0,0,0,0
7401,CXCL1,0,0,0,0,0
7402,DPT,1,0,0,0,0
7403,AADAC,0,0,0,0,0
7404,TUSC3,0,0,0,0,0
7405,MPST,0,0,0,0,0
7406,MAP3K10,0,0,0,0,0
7407,WASHC4,0,0,0,0,0
7408,WDR74,0,0,0,0,0
7409,IFIT1B,0,0,0,0,0
7410,PITPNM1,0,0,0,0,0
7411,CUL3,0,0,0,0,0
7412,UCMA,0,0,0,0,0
7413,TRPM4,0,0,0,0,1
7414,SMPD2,0,0,0,0,0
7415,MT-ND3,0,0,0,0,0
7416,PPP2R5B,0,0,0,0,0
7417,ACVRL1,0,1,0,1,1
7418,DSG3,0,0,0,0,0
7419,PLA2G2F,0,0,0,0,0
7420,EDNRA,0,0,0,0,0
7421,OLIG2,0,0,0,0,0
7422,RELT,0,0,0,0,0
7423,GOPC,0,0,0,0,0
7424,RPAP1,0,0,0,0,0
7425,UBE2L5,0,0,0,0,0
7426,GJA5,0,0,0,0,0
7427,PPP3CC,0,0,0,0,0
7428,YAE1,0,0,0,0,0
7429,VPS37C,0,0,0,0,0
7430,CLTCL1,0,0,0,0,0
7431,MAP3K13,0,0,0,0,0
7432,PIGN,0,1,0,0,0
7433,POLR3D,0,0,0,0,0
7434,SSH2,0,0,0,0,0
7435,MAX,0,0,0,0,1
7436,HLA-DQA1,0,0,0,0,0
7437,B3GAT2,0,0,0,0,0
7438,SMOX,0,0,0,0,0
7439,EMG1,0,0,0,0,0
7440,ARID4B,0,0,0,0,0
7441,HSPA8,0,0,0,0,0
7442,MC4R,0,0,0,0,0
7443,GBA2,0,0,0,0,0
7444,NTHL1,0,0,0,0,0
7445,SIRT1,0,0,0,0,0
7446,NUP214,0,0,0,0,0
7447,GOLGA3,0,0,0,0,0
7448,SDCBP,0,0,0,0,0
7449,PHF10,0,0,0,0,0
7450,GTF2I,0,0,0,0,0
7451,PFKFB1,0,0,0,0,0
7452,DUOX2,0,0,0,0,0
7453,BPIFB2,0,0,0,0,0
7454,MYADM,0,0,0,0,0
7455,ANO6,0,0,0,0,0
7456,ICAM5,0,0,0,0,0
7457,DSC1,0,0,0,0,0
7458,VPS16,0,0,0,0,0
7459,TENT2,0,0,0,0,0
7460,RECK,0,0,0,0,0
7461,TEN1,0,0,0,0,0
7462,RGR,0,0,0,0,0
7463,KCNJ5,0,0,0,0,1
7464,CFAP45,0,0,0,0,0
7465,GLMN,0,0,0,0,0
7466,KHNYN,0,0,0,0,0
7467,EEFSEC,0,0,0,0,0
7468,PIM1,0,0,0,0,0
7469,LCK,0,0,0,0,0
7470,GPATCH1,0,0,0,0,0
7471,NHEJ1,0,0,0,0,0
7472,SUMF1,0,0,0,0,0
7473,ASIC2,0,0,0,0,0
7474,CCNI,0,0,0,0,0
7475,ATP6V1G2,0,0,0,0,0
7476,NOXA1,0,0,0,0,0
7477,RRAGA,0,0,0,0,0
7478,PTCH1,0,0,0,0,0
7479,PPP1R3E,0,0,0,0,0
7480,NIPA1,0,0,0,0,0
7481,LBX1,0,0,0,0,0
7482,ATP6V0C,0,0,0,0,0
7483,DLL1,0,0,0,0,0
7484,MPHOSPH10,0,0,0,0,0
7485,STRA6,0,0,0,0,0
7486,MTX3,0,0,0,0,0
7487,PDHB,0,0,0,0,0
7488,FBXO32,0,0,0,0,0
7489,SRP9,0,0,0,0,0
7490,SERPINA5,0,0,0,0,0
7491,PEMT,0,0,0,0,0
7492,CYB5R3,0,0,0,0,0
7493,GTPBP1,0,0,0,0,0
7494,IL11,0,0,0,0,0
7495,PKP1,0,0,0,0,0
7496,EMC1,0,0,0,0,0
7497,UBE2D3,0,0,0,0,0
7498,AGO3,0,0,0,0,0
7499,COL11A2,0,0,0,0,0
7500,CFH,1,0,0,0,0
7501,CELF1,0,0,0,0,0
7502,ATF3,0,0,0,0,0
7503,TIGAR,0,0,0,0,0
7504,H2BC3,0,0,0,0,0
7505,ETS1,0,0,0,0,0
7506,HDAC2,0,0,0,0,0
7507,CTNNB1,0,0,1,0,0
7508,MRPL58,0,0,0,0,0
7509,ZNF593,0,0,0,0,0
7510,HSD11B1L,0,0,0,0,0
7511,ABL1,0,0,0,0,0
7512,RPF2,0,0,0,0,0
7513,MIEF1-2,0,0,0,0,0
7514,GNAI1,0,0,0,0,0
7515,ACTR8,0,0,0,0,0
7516,NR0B2,0,0,0,0,0
7517,MDH2,0,0,0,0,1
7518,USP14,0,0,0,0,0
7519,FAHD2A,0,0,0,0,0
7520,LIPT1,0,0,0,0,0
7521,IDH1,0,0,0,0,0
7522,RPL19,0,0,0,0,0
7523,ZNF827,0,0,0,0,0
7524,BICRAL,0,0,0,0,0
7525,MLH1,0,0,0,0,0
7526,DESI1,0,0,0,0,0
7527,PNPLA7,0,0,0,0,0
7528,BAZ1A,0,0,0,0,0
7529,MMGT1,0,0,0,0,0
7530,LAMTOR4,0,0,0,0,0
7531,UBE2T,0,0,0,0,0
7532,MAPK7,0,0,0,0,0
7533,IGKV2D-28,0,0,0,0,0
7534,SNF8,0,0,0,0,0
7535,RPL17-C18orf32,0,0,0,0,0
7536,AZGP1,0,0,0,0,0
7537,SGIP1,0,0,0,0,0
7538,LUM,0,0,0,0,0
7539,H3C12,0,0,0,0,0
7540,ORM1,0,0,0,0,0
7541,SCNN1A,0,0,1,0,0
7542,RCN1,0,0,0,0,0
7543,COMMD1,0,0,0,0,0
7544,CDK6,0,0,0,1,0
7545,CYP19A1,0,0,0,0,0
7546,TBPL1,0,0,0,0,0
7547,NECTIN2,0,0,0,0,0
7548,PAXX,0,0,0,0,0
7549,GLS,0,0,0,0,0
7550,IL20RB,0,0,0,0,0
7551,NME4,0,0,0,0,0
7552,NOP14,0,0,0,0,0
7553,EFNA4,0,0,0,0,0
7554,COL9A2,0,0,0,0,0
7555,THOC2,0,0,1,0,0
7556,NEK2,0,0,0,0,0
7557,HEPH,0,0,0,0,0
7558,WNT2,0,0,0,0,0
7559,ABCG1,0,0,0,0,0
7560,SSU72,0,0,0,0,0
7561,SREBF1,0,0,0,0,0
7562,SIGLEC15,0,0,0,0,0
7563,H2AC18,0,0,0,0,0
7564,CACNG1,0,0,0,0,0
7565,TIMM8A,0,0,0,0,0
7566,COL10A1,0,0,0,0,0
7567,PDE5A,0,1,0,0,0
7568,NOS1,0,0,0,0,0
7569,HUWE1,0,0,0,0,0
7570,APLF,0,0,0,0,0
7571,RHEB,0,0,0,0,0
7572,SPTLC3,0,0,0,0,0
7573,CNIH2,0,0,0,0,0
7574,COPS4,0,0,0,0,0
7575,PPIL2,0,0,0,0,0
7576,LAMC3,0,0,0,0,0
7577,SH3YL1,0,0,0,0,0
7578,SRMS,0,0,0,0,0
7579,H2BC9,0,0,0,0,0
7580,CACNA1G,0,0,0,0,0
7581,FOSL2,0,0,0,0,0
7582,TERT,0,0,0,0,0
7583,SERPIND1,0,0,0,0,0
7584,GAS2,0,0,0,0,0
7585,EIF4G1,0,0,0,0,0
7586,BCORL1,0,0,0,0,0
7587,DUSP5,0,0,0,0,0
7588,IL25,0,0,0,0,0
7589,WNT2B,0,0,0,1,0
7590,GNG7,0,0,0,0,0
7591,CLCN6,0,0,0,0,0
7592,ALDOA,0,0,0,0,0
7593,HCCS,0,0,0,0,0
7594,TRIR,0,0,0,0,0
7595,HLA-DPA1,0,0,0,0,0
7596,LTBR,0,0,0,0,0
7597,TBCD,0,0,0,0,0
7598,WIPF1,0,0,0,0,0
7599,ITGA2,0,0,0,0,0
7600,FBXW7,0,0,0,0,0
7601,GJD3,0,0,0,0,0
7602,RAG1,0,0,0,0,0
7603,ITGB5,0,0,0,0,0
7604,POLR1C,0,0,0,0,0
7605,METTL1,0,0,0,0,0
7606,NMNAT2,0,0,0,0,0
7607,NAA25,0,0,0,0,0
7608,PRKAG2,0,0,0,1,1
7609,CASP7,0,0,0,0,0
7610,TNFRSF10B,0,0,0,0,0
7611,WDPCP,0,0,0,0,0
7612,MMP2,1,0,0,0,0
7613,TPH2,0,0,0,0,0
7614,ENAH,0,0,0,0,0
7615,TMEM147,0,0,0,0,0
7616,CDH5,0,0,0,0,0
7617,ICA1,0,0,0,0,0
7618,STOML3,0,0,0,0,0
7619,RELA,0,0,0,0,0
7620,TTC4,0,0,0,0,0
7621,QPRT,0,0,0,0,0
7622,CLN8,0,0,0,0,0
7623,DIS3,0,0,0,0,0
7624,RPIA,0,0,0,0,0
7625,MGST1,0,0,0,0,0
7626,WDR35,0,0,0,0,0
7627,NCAPH2,0,0,0,0,0
7628,CTSH,0,0,0,0,0
7629,FAM50A,0,0,0,0,0
7630,PKP2,0,0,0,0,0
7631,MED26,0,0,0,0,0
7632,MTMR3,0,0,0,0,0
7633,IL12RB1,0,0,0,0,0
7634,C15orf40,0,0,0,0,0
7635,COA4,0,0,0,0,0
7636,MAP1B,0,0,0,0,0
7637,POLR2G,0,0,0,0,0
7638,NOX3,0,0,0,0,0
7639,ISCU,0,0,0,0,0
7640,CENPC,0,0,0,0,0
7641,TNNI1,0,0,0,0,0
7642,SSU72P5,0,0,0,0,0
7643,PNPLA2,0,0,0,0,0
7644,GDF3,0,0,0,0,0
7645,TAB1,0,0,0,0,0
7646,MRPL43,0,0,0,0,0
7647,EIF4E2,0,0,0,0,0
7648,SPTSSA,0,0,0,0,0
7649,FMOD,0,0,0,0,0
7650,ITGAV,0,0,0,0,0
7651,PRIM1,0,0,0,0,0
7652,IFIT1,0,0,0,0,0
7653,CSF2RB,0,0,0,0,0
7654,RBPJL,0,0,0,0,0
7655,E2F3,0,0,0,0,0
7656,GRM5,0,0,0,0,0
7657,ADA,0,0,0,0,0
7658,ALG10B,0,0,0,0,0
7659,PABPC3,0,0,0,0,0
7660,ROR2,0,0,0,0,0
7661,IL27,0,0,0,0,0
7662,NCLN,0,0,0,0,0
7663,SARS2,0,0,0,0,0
7664,SNAP47,0,0,0,0,0
7665,EXOSC8,0,0,0,0,0
7666,GNRHR,0,0,0,0,0
7667,ZNF629,0,0,0,0,0
7668,CLPS,0,0,0,0,0
7669,MRPL17,0,0,0,0,0
7670,COX7C,0,0,0,0,0
7671,NTSR1,0,0,0,0,0
7672,UFM1,0,0,0,0,0
7673,MORF4L2,0,0,0,0,0
7674,TLK2,0,0,0,0,0
7675,GDNF,0,0,0,0,0
7676,TNNT3,0,0,0,0,0
7677,FBXO6,0,0,0,0,0
7678,BUB3,0,0,0,0,0
7679,RIMBP2,0,0,0,0,0
7680,FBXO40,0,0,0,0,0
7681,DLD,0,0,0,0,0
7682,ATXN2,0,0,0,1,0
7683,SLC8A1,0,0,0,0,0
7684,C12orf43,0,0,0,0,0
7685,GUCA1A,0,0,0,0,0
7686,RGS11,0,0,0,0,0
7687,UNC119B,0,0,0,0,0
7688,HDAC3,0,0,0,0,0
7689,VARS1,0,0,0,0,0
7690,MADCAM1,0,0,0,0,0
7691,MAPK12,0,0,0,0,0
7692,LRPAP1,0,0,0,0,0
7693,RHOJ,0,0,0,0,0
7694,FMR1,0,0,0,0,0
7695,SPG11,0,0,0,0,0
7696,GNRH1,0,0,0,0,0
7697,PRKAG3,0,0,0,0,0
7698,HMGXB4,0,0,0,0,0
7699,SMCR8,0,0,0,0,0
7700,SYNJ2,0,0,0,0,0
7701,XAF1,0,0,0,0,0
7702,AKR1C4,0,0,0,0,0
7703,SARDH,0,0,0,0,0
7704,TXLNB,0,0,0,0,0
7705,STXBP5L,0,0,0,0,0
7706,FANCD2,0,0,0,0,0
7707,RPS20,0,0,0,0,0
7708,TRMT61B,0,0,0,0,0
7709,ASS1,0,0,0,1,0
7710,MT-ND6,0,0,0,1,1
7711,CAPZB,0,0,0,0,0
7712,SMC1A,0,0,0,0,0
7713,ARSA,0,0,0,0,0
7714,IAPP,0,0,0,0,0
7715,CD207,0,0,0,0,0
7716,TSPAN32,0,0,0,0,0
7717,OR10W1,0,0,0,0,0
7718,COPS8,0,0,0,0,0
7719,NAA50,0,0,0,0,0
7720,HOXA11,0,0,0,0,0
7721,CD22,0,0,0,0,0
7722,CFB,0,0,0,0,0
7723,IL9R,0,0,0,0,0
7724,MED23,0,0,0,0,0
7725,SIAH1,0,0,0,0,0
7726,PRSS3,0,0,0,0,0
7727,GORASP2,0,0,0,0,0
7728,H2AC13,0,0,0,0,0
7729,SERTAD1,0,0,0,0,0
7730,PACSIN2,0,0,0,0,0
7731,KLHL20,0,0,0,0,0
7732,ADAM19,0,0,0,0,0
7733,NEIL2,0,0,0,0,0
7734,STRADB,0,0,0,0,0
7735,BNIP1,0,0,0,0,0
7736,BBIP1,0,0,0,0,0
7737,CCDC130,0,0,0,0,0
7738,CD3EAP,0,0,0,0,0
7739,ARL2,0,0,0,0,0
7740,ADAM15,0,0,0,0,0
7741,MIIP,0,0,0,0,0
7742,HSP90B1,1,0,0,0,0
7743,KCNQ2,0,0,0,0,0
7744,TERF1,0,0,0,0,0
7745,SNAPC1,0,0,0,0,0
7746,SNRNP40,0,0,0,0,0
7747,KMT2B,0,0,0,0,0
7748,IFNA4,0,0,0,0,0
7749,LIMD1,0,0,0,0,0
7750,RPL18,0,0,0,0,0
7751,MSH5,0,0,0,0,0
7752,CHGB,0,0,0,0,0
7753,SLC23A1,0,0,0,0,0
7754,TAF15,0,0,0,0,0
7755,ELN,1,1,0,0,0
7756,NOL7,0,0,0,0,0
7757,PLCG1,0,0,0,0,0
7758,CD82,0,0,0,0,0
7759,GANC,0,0,0,0,0
7760,NTRK2,0,0,0,0,0
7761,FDXACB1,0,0,0,0,0
7762,GP1BA,0,0,0,0,0
7763,DEGS2,0,0,0,0,0
7764,UPF3A,0,0,0,0,0
7765,RBL2,0,0,0,0,0
7766,CCL17,0,0,0,0,0
7767,PDE1B,0,0,0,0,0
7768,TPSAB1,0,0,0,0,0
7769,KLF2,0,0,0,0,0
7770,TP53INP2,0,0,0,0,0
7771,VEZT,0,0,0,0,0
7772,SHC1,0,0,0,0,0
7773,PLAGL1,0,0,0,0,0
7774,ARPIN,0,0,0,0,0
7775,TLE6,0,0,0,0,0
7776,ZFP42,0,0,0,0,0
7777,RBP1,0,0,0,0,0
7778,PIP5K1B,0,0,0,0,0
7779,PTH,0,0,0,0,0
7780,MORF4L1,0,0,0,0,0
7781,EIF2B3,0,0,0,0,0
7782,TXN,1,0,0,0,0
7783,VTN,1,0,0,0,0
7784,PYHIN1,0,0,0,0,0
7785,CFHR5,0,0,0,0,0
7786,TRAPPC11,0,0,0,1,0
7787,CCDC105,0,0,0,0,0
7788,DCAF5,0,0,0,0,0
7789,GPT,0,0,0,0,0
7790,MUS81,0,0,0,0,0
7791,RIPK2,0,0,0,0,0
7792,SPDYE11,0,0,0,0,0
7793,CLPP,0,0,0,0,0
7794,SNX4,0,0,0,0,0
7795,AGFG1,0,0,0,0,0
7796,UBL5,0,0,0,0,0
7797,FGL1,0,0,0,0,0
7798,ITIH4,1,0,0,0,0
7799,BEAN1,0,0,0,0,0
7800,GDE1,0,0,0,0,0
7801,DHFR2,0,0,0,0,0
7802,NCKAP1,0,0,0,0,0
7803,DAPL1,0,0,0,0,0
7804,KMT2A,0,0,0,0,0
7805,IL24,0,0,0,0,0
7806,ZNF408,0,0,0,0,0
7807,MRPL42,0,0,0,0,0
7808,CDH9,0,0,0,0,0
7809,NOD1,0,0,0,0,0
7810,SETD3,0,0,0,0,0
7811,IFI35,0,0,0,0,0
7812,NUP107,0,0,0,0,0
7813,BARD1,0,0,0,0,0
7814,NSUN6,0,0,0,0,0
7815,TNFRSF19,0,0,0,0,0
7816,C5AR1,0,0,0,0,0
7817,KLHDC3,0,0,0,0,0
7818,NANOGP8,0,0,0,0,0
7819,RPL28,0,0,0,0,0
7820,CALB2,0,0,0,0,0
7821,NOD2,0,0,0,0,0
7822,KCNIP4,0,0,0,0,0
7823,LENG1,0,0,0,0,0
7824,F5,1,0,0,1,0
7825,LIN9,0,0,0,0,0
7826,ALS2,0,0,0,0,0
7827,RPL36AL,0,0,0,0,0
7828,FOS,0,0,0,0,1
7829,ALOXE3,0,0,0,0,0
7830,RB1CC1,0,0,0,0,0
7831,EIF3F,0,0,0,0,0
7832,PSMB8,0,0,0,0,1
7833,RACK1,0,0,0,0,0
7834,ZG16,0,0,0,0,0
7835,C4A,0,0,0,0,0
7836,AASDH,0,0,0,0,0
7837,BLVRA,0,0,0,0,0
7838,SREK1,0,0,0,0,0
7839,MTRES1,0,0,0,0,0
7840,ZMYND10,0,0,0,0,0
7841,TRAPPC2B,0,0,0,0,0
7842,LRPPRC,0,0,0,0,0
7843,KLRB1,0,0,0,0,0
7844,INSM1,0,0,0,0,0
7845,ALKBH5,0,0,0,0,0
7846,MEAK7,0,0,0,0,0
7847,TFAP2A,0,0,0,0,0
7848,RAD23A,0,0,0,0,0
7849,SLC25A13,0,0,0,0,0
7850,CAD,0,0,0,0,0
7851,CERS1,0,0,0,0,0
7852,SNTB2,0,0,0,0,0
7853,AGMO,0,0,0,1,0
7854,RAB7A,0,0,0,0,0
7855,USP46,0,0,0,0,0
7856,GBF1,0,0,0,0,0
7857,VPS26A,0,0,0,0,0
7858,RALGDS,0,0,0,0,0
7859,POLB,0,0,0,0,0
7860,ACADVL,0,0,0,0,0
7861,GNB5,0,0,0,0,0
7862,CD53,0,0,0,0,0
7863,RPL36,0,0,0,0,0
7864,EIF5,0,0,0,0,0
7865,INPP4B,0,0,0,0,0
7866,ARL3,0,0,0,0,0
7867,SMARCAL1,0,0,0,1,1
7868,FABP6,0,0,0,0,0
7869,PDYN,0,0,0,0,0
7870,MAML3,0,0,0,0,0
7871,PRRC2B,0,0,0,0,0
7872,PSMB11,0,0,0,0,0
7873,FGF19,0,0,0,0,0
7874,HEY1,0,0,0,0,0
7875,CD68,0,0,0,0,0
7876,XYLT1,0,0,0,0,0
7877,CPLX3,0,0,0,0,0
7878,GALNT4,0,0,0,0,0
7879,STAB2,0,0,0,0,0
7880,CTSL,0,0,0,0,0
7881,BAHD1,0,0,0,0,0
7882,DDX1,0,0,0,0,0
7883,DKK2,0,0,0,0,0
7884,SCGB1A1,0,0,0,0,0
7885,NDOR1,0,0,0,0,0
7886,USB1,0,0,0,0,0
7887,DOK2,0,0,0,0,0
7888,RHOH,0,0,0,0,0
7889,GAGE12F,0,0,0,0,0
7890,ELOVL6,0,0,0,0,0
7891,GPR171,0,0,0,0,0
7892,SLC17A7,0,0,0,0,0
7893,EXD2,0,0,0,0,0
7894,NLGN4X,0,0,0,0,0
7895,H2AZ1,0,0,0,0,0
7896,HBZ,0,0,0,0,0
7897,BACH2,0,0,0,0,0
7898,HTATSF1,0,0,0,0,0
7899,MMP25,0,0,0,0,0
7900,SSPN,0,0,0,0,0
7901,FUCA1,0,0,0,0,0
7902,CD109,0,0,0,0,0
7903,OGDH,0,0,0,0,0
7904,GNA15,0,0,0,0,0
7905,FST,0,0,0,0,0
7906,CHMP4C,0,0,0,0,0
7907,HRC,0,0,0,0,0
7908,SENP6,0,0,0,0,0
7909,CCR8,0,0,0,0,0
7910,CXCL16,0,0,0,0,0
7911,SPOPL,0,0,0,0,0
7912,MOB1A,0,0,0,0,0
7913,ITSN2,0,0,0,0,0
7914,NDUFA8,0,0,0,0,0
7915,SLC19A3,0,0,0,0,0
7916,KIAA1549L,0,0,0,0,0
7917,GGA1,0,0,0,0,0
7918,HLA-A,0,0,0,0,0
7919,WDR59,0,0,0,0,0
7920,CPT1A,0,0,0,0,0
7921,RB1,0,0,0,0,0
7922,PLA2G2A,0,0,0,0,0
7923,PEX26,0,0,0,0,0
7924,COPB2,0,0,0,0,0
7925,TTC37,0,1,0,0,0
7926,CHTOP,0,0,0,0,0
7927,MAPRE1,0,0,0,0,0
7928,SLC25A3,0,0,0,0,1
7929,PPIE,0,0,0,0,0
7930,MOGS,0,0,0,0,0
7931,NDUFA9,0,0,0,0,0
7932,TBCA,0,0,0,0,0
7933,AIP,0,0,0,0,0
7934,EXOSC3,0,0,0,0,0
7935,MAML1,0,0,0,0,0
7936,PGS1,0,0,0,0,0
7937,GAK,0,0,0,0,0
7938,CSNK1A1,0,0,0,0,0
7939,NMRK2,0,0,0,0,0
7940,CA3,0,0,0,0,0
7941,SLC9A3R1,0,0,0,0,0
7942,MICALL1,0,0,0,0,0
7943,PLCB3,0,0,0,0,0
7944,UTP25,0,0,0,0,0
7945,BTBD9,0,0,0,0,0
7946,SETD1A,0,0,0,0,0
7947,AVPR1B,0,0,0,0,0
7948,CCT7,0,0,0,0,0
7949,PDIA4,0,0,0,0,0
7950,PCYT1B,0,0,0,0,0
7951,EIF1,0,0,0,0,0
7952,TMED9,0,0,0,0,0
7953,AP3M2,0,0,0,0,0
7954,ENSP00000497305,0,0,0,0,0
7955,INPP5E,0,0,0,0,0
7956,NODAL,0,0,0,0,0
7957,JUN,0,0,0,0,0
7958,N6AMT1,0,0,0,0,0
7959,PEX2,0,0,0,0,0
7960,RBM15B,0,0,0,0,0
7961,ISG15,0,0,0,0,0
7962,SOX1,0,0,0,0,0
7963,POLR3G,0,0,0,0,0
7964,NAB1,0,0,0,0,0
7965,MTFR2,0,0,0,0,0
7966,ZFP36,0,0,0,0,0
7967,ELP3,0,0,0,0,0
7968,ATR,0,0,0,0,0
7969,RAB10,0,0,0,0,0
7970,CTSC,0,0,0,0,0
7971,CIB2,0,0,0,0,0
7972,AHSG,1,0,0,0,0
7973,EIF3K,0,0,0,0,0
7974,CAV2,0,0,0,1,0
7975,SMARCA5,0,0,0,0,0
7976,IGF2BP3,0,0,0,0,0
7977,GEMIN8,0,0,0,0,0
7978,PLA2G3,0,0,0,0,0
7979,MIP,0,0,0,0,0
7980,APOA5,0,0,0,0,0
7981,MFSD8,0,0,0,0,0
7982,SNX27,0,0,0,0,0
7983,DNTT,0,0,0,0,0
7984,POLD1,0,0,0,0,0
7985,TNFSF13,0,0,0,0,0
7986,RFC5,0,0,0,0,0
7987,TECTA,0,0,0,0,0
7988,INHBC,0,0,0,0,0
7989,TPH1,0,0,0,0,0
7990,PEX5L,0,0,0,0,0
7991,CRKL,0,0,0,0,0
7992,MED22,0,0,0,0,0
7993,PGAP1,0,0,0,0,0
7994,FMNL2,0,0,0,0,0
7995,ARAP3,0,0,0,0,0
7996,UBC,0,0,0,0,0
7997,CDK8,0,0,0,0,0
7998,GNPNAT1,0,0,0,0,0
7999,TXNRD2,0,0,0,0,0
8000,CCL26,0,0,0,0,0
8001,KIF2C,0,0,0,0,0
8002,ADGRL1,0,0,0,0,0
8003,NKX2-5,0,0,0,1,1
8004,NSUN4,0,0,0,0,0
8005,PLCD4,0,0,0,0,0
8006,FUNDC1,0,0,0,0,0
8007,PTX3,0,0,0,0,0
8008,GLI1,0,0,0,0,0
8009,PPP1R1A,0,0,0,0,0
8010,H3C11,0,0,0,0,0
8011,GJC2,0,0,0,0,0
8012,ARID4A,0,0,0,0,0
8013,ADPGK,0,0,0,0,0
8014,GIT1,0,0,0,0,0
8015,SENP7,0,0,0,0,0
8016,ADRA2A,0,0,0,0,0
8017,CHPT1,0,0,0,0,0
8018,HLA-DQB1,0,0,0,0,0
8019,LIG1,0,0,0,0,0
8020,CA14,0,0,0,0,0
8021,CCR5,0,0,0,0,0
8022,RHOC,0,0,0,0,0
8023,OLR1,0,0,0,0,0
8024,LEO1,0,0,0,0,0
8025,RBMX2,0,0,0,0,0
8026,UBE2L3,0,0,0,0,0
8027,DHX32,0,0,0,0,0
8028,NANOG,0,0,0,0,0
8029,SFRP4,0,0,0,0,0
8030,PDS5B,0,0,0,0,0
8031,RBM17,0,0,0,0,0
8032,COL5A3,0,0,0,0,0
8033,BDH1,0,0,0,0,0
8034,GEMIN2,0,0,0,0,0
8035,SYTL5,0,0,0,0,0
8036,SPAST,0,0,0,0,0
8037,ECPAS,0,0,0,0,0
8038,TYMP,0,0,0,0,0
8039,PGF,0,1,0,0,0
8040,DLL3,0,0,0,0,0
8041,USP9Y,0,0,0,0,0
8042,ZZZ3,0,0,0,0,0
8043,IKBKB,0,0,0,0,0
8044,EPC2,0,0,0,0,0
8045,VPS54,0,0,0,0,0
8046,PCBD1,0,0,0,0,0
8047,ATP6V1C2,0,0,0,0,0
8048,ENTPD2,0,0,0,0,0
8049,C1GALT1C1,0,0,0,0,0
8050,SIRT2,0,0,0,0,0
8051,ATXN7L2,0,0,0,0,0
8052,SLC32A1,0,0,0,0,0
8053,HBD,0,0,0,0,0
8054,KLHL25,0,0,0,0,0
8055,SLC22A18,0,0,0,0,0
8056,NEUROD4,0,0,0,0,0
8057,CCNO,0,0,0,0,0
8058,USPL1,0,0,0,0,0
8059,MYL12A,0,0,0,0,0
8060,MYDGF,0,0,0,0,0
8061,RRP36,0,0,0,0,0
8062,CNOT6,0,0,0,0,0
8063,INO80,0,0,0,0,0
8064,BCL9L,0,0,0,1,0
8065,NLRP1,0,0,0,0,0
8066,AKR7A3,0,0,0,0,0
8067,NUP62,0,0,0,0,0
8068,TLN1,0,0,0,0,0
8069,C1GALT1,0,0,0,0,0
8070,NBN,0,0,0,0,0
8071,HADHB,0,0,0,0,1
8072,HOXB7,0,0,0,0,0
8073,HERC6,0,0,0,0,0
8074,GJB1,0,0,0,0,0
8075,HS2ST1,0,0,0,0,0
8076,ITGA4,0,0,0,0,0
8077,PSG9,0,0,0,0,0
8078,EAPP,0,0,0,0,0
8079,RRP15,0,0,0,0,0
8080,TAX1BP1,0,0,0,0,0
8081,SLF1,0,0,0,0,0
8082,STX8,0,0,0,0,0
8083,GNAQ,0,0,0,1,0
8084,ECHDC1,0,0,0,0,0
8085,PDE2A,0,0,0,0,0
8086,PPP1R11,0,0,0,0,0
8087,GPATCH4,0,0,0,0,0
8088,PARP8,0,0,0,0,0
8089,MYOG,0,0,0,0,0
8090,SMIM24,0,0,0,0,0
8091,MBOAT4,0,0,0,0,0
8092,GOLGA7,0,0,0,0,0
8093,DBP,0,0,0,0,0
8094,CNOT10,0,0,0,0,0
8095,M6PR,0,0,0,0,0
8096,RPA3,0,0,0,0,0
8097,FOPNL,0,0,0,0,0
8098,LHPP,0,0,0,0,0
8099,NCF1,0,0,0,0,0
8100,PIGK,0,0,0,0,0
8101,ZNF469,0,0,0,0,0
8102,SRBD1,0,0,0,0,0
8103,SFPQ,0,0,0,0,0
8104,ST8SIA4,0,0,0,0,0
8105,ENO2,0,0,0,0,1
8106,CFLAR,0,0,0,0,0
8107,TMEM199,0,0,0,0,0
8108,CDC37,0,0,0,0,0
8109,APOBEC2,0,0,0,0,0
8110,PRG2,0,0,0,0,0
8111,PSMA2,0,0,0,0,0
8112,POLR2H,0,0,0,0,0
8113,PSMB9,0,0,0,0,0
8114,P2RY4,0,0,0,0,0
8115,G3BP1,0,0,0,0,0
8116,TOP2A,0,0,0,0,0
8117,RIMKLB,0,0,0,0,0
8118,PLEK,0,0,0,0,0
8119,ARHGEF5,0,0,0,0,0
8120,F2R,0,0,0,0,0
8121,NRP2,0,0,0,0,0
8122,CREB3,0,0,0,0,0
8123,RARS2,0,0,0,0,0
8124,MED7,0,0,0,0,0
8125,KIN,0,0,0,0,0
8126,PIK3R1,0,0,0,0,0
8127,MRPS36,0,0,0,0,0
8128,LAMTOR3,0,0,0,0,0
8129,ACSL1,0,0,0,0,0
8130,IFRD2,0,0,0,0,0
8131,RAB9A,0,0,0,0,0
8132,RWDD1,0,0,0,0,0
8133,H3BNC9_HUMAN,0,0,0,0,0
8134,SMAD5,0,0,0,0,0
8135,RICTOR,0,0,0,0,0
8136,PACSIN1,0,0,0,0,0
8137,PRPF6,0,0,0,0,0
8138,BUB1B,0,0,0,0,0
8139,MRPL1,0,0,0,0,0
8140,COX7B2,0,0,0,0,0
8141,H2BC6,0,0,0,0,0
8142,RSPH6A,0,0,0,0,0
8143,COL3A1,1,0,0,1,0
8144,H3BN98_HUMAN,0,0,0,0,0
8145,FASN,0,0,0,0,0
8146,PAQR5,0,0,0,0,0
8147,RHOA,0,0,0,0,0
8148,CLCN3,0,0,0,0,0
8149,DGKA,0,0,0,0,0
8150,MYH1,0,0,0,0,0
8151,AGER,0,0,0,0,0
8152,UQCRH,0,0,0,0,0
8153,ZC3H11A,0,0,0,0,0
8154,PAFAH1B2,0,0,0,0,0
8155,WDR19,0,0,0,0,0
8156,IDO1,0,0,0,0,0
8157,GDF1,0,0,0,0,0
8158,KLK4,0,0,0,0,0
8159,IMPA2,0,0,0,0,0
8160,PET117,0,0,0,0,0
8161,IRS4,0,0,0,0,0
8162,ZBTB47,0,0,0,0,0
8163,NONO,0,0,0,0,0
8164,ECI1,0,0,0,0,0
8165,OPRM1,0,0,0,0,0
8166,TNFSF8,0,0,0,0,0
8167,SF3B4,0,0,0,0,0
8168,HAND2,0,0,0,0,0
8169,HNRNPA1,0,0,0,0,1
8170,PYM1,0,0,0,0,0
8171,EIF2S3,0,0,0,0,0
8172,SOCS2,0,0,0,0,0
8173,RAB35,0,0,0,0,0
8174,CD86,0,0,0,0,0
8175,CXCR3,0,0,0,0,0
8176,STAM2,0,0,0,0,0
8177,PDCD6,0,0,0,0,0
8178,ALDH16A1,0,0,0,0,0
8179,GALC,0,0,0,0,0
8180,CCNE2,0,0,0,0,0
8181,RPL35,0,0,0,0,0
8182,IGFBP3,0,0,0,0,0
8183,RAB11A,0,0,0,0,0
8184,COL12A1,1,0,0,0,0
8185,FRAT1,0,0,0,0,0
8186,CDC45,0,0,0,0,0
8187,NOP56,0,0,0,0,0
8188,PRDM16,0,0,0,0,1
8189,GRIN2D,0,0,0,0,0
8190,GIPC3,0,0,0,0,0
8191,RBM5,0,0,0,0,0
8192,DCAF11,0,0,0,0,0
8193,PGAP2,0,0,0,0,0
8194,SDHC,0,0,0,0,1
8195,PRKCB,0,0,0,0,0
8196,PDRG1,0,0,0,0,0
8197,PRICKLE2,0,0,0,0,0
8198,CFAP53,0,0,0,0,0
8199,EXTL1,0,0,0,0,0
8200,WDR24,0,0,0,0,0
8201,PSMF1,0,0,0,0,0
8202,HRH2,0,0,0,0,0
8203,RSL1D1,0,0,0,0,0
8204,DCAF16,0,0,0,0,0
8205,NEXN,0,0,0,0,0
8206,AQP10,0,0,0,0,0
8207,PPP5C,0,0,0,0,0
8208,THBS4,0,0,0,0,0
8209,CDC23,0,0,0,0,0
8210,TMEM254,0,0,0,0,0
8211,P2RY11,0,0,0,0,0
8212,POLR3F,0,0,0,0,0
8213,RAB15,0,0,0,0,0
8214,RNF113A,0,0,0,0,0
8215,JAK1,0,0,0,0,0
8216,CEP290,0,0,0,0,0
8217,MPP3,0,0,0,0,0
8218,C5AR2,0,0,0,0,0
8219,MTUS1,0,0,0,0,0
8220,PNPLA6,0,0,0,0,0
8221,GTF2A2,0,0,0,0,0
8222,RSPH3,0,0,0,0,0
8223,FLG,0,0,0,0,0
8224,SLC13A1,0,0,0,0,0
8225,GAGE12G,0,0,0,0,0
8226,NKX6-2,0,0,0,0,0
8227,TIMP3,0,0,0,0,0
8228,HNRNPC,0,0,0,0,0
8229,USP45,0,0,0,0,0
8230,CCL11,0,0,0,0,0
8231,POLR2J3,0,0,0,0,0
8232,ANO1,0,0,0,0,0
8233,AGO2,0,0,0,0,0
8234,DHX38,0,0,0,0,0
8235,GPLD1,1,0,0,0,0
8236,DDX20,0,0,0,0,0
8237,FTCD,0,0,0,0,0
8238,VPS72,0,0,0,0,0
8239,TRAM1,0,0,0,0,0
8240,EYA1,0,0,0,0,0
8241,GLUD2,0,0,0,0,0
8242,BECN1,0,0,0,0,0
8243,MRPL27,0,0,0,0,0
8244,NADK2,0,0,0,0,0
8245,TKTL1,0,0,0,0,0
8246,CCDC97,0,0,0,0,0
8247,PABPN1L,0,0,0,0,0
8248,SRR,0,0,0,0,0
8249,SELPLG,0,0,0,0,0
8250,WASHC5,0,0,0,0,0
8251,HDAC10,0,0,0,0,0
8252,L3HYPDH,0,0,0,0,0
8253,EXOSC10,0,0,0,0,0
8254,DYNC1I2,0,0,0,0,0
8255,ALDH1A2,0,0,0,1,0
8256,PNPLA5,0,0,0,0,0
8257,FBXO3,0,0,0,0,0
8258,RPS26,0,0,0,0,0
8259,PFDN4,0,0,0,0,0
8260,TRPM5,0,0,0,0,0
8261,WFS1,0,0,0,1,0
8262,ASGR1,0,0,0,0,0
8263,CTNNBL1,0,0,0,0,0
8264,KAT14,0,0,0,0,0
8265,MRPL10,0,0,0,0,0
8266,APP,0,0,0,1,0
8267,SPP2,0,0,1,0,0
8268,CDKAL1,0,0,0,0,0
8269,HAUS1,0,0,0,0,0
8270,SMNDC1,0,0,0,0,0
8271,KPNB1,0,0,0,0,0
8272,DNAL4,0,0,0,0,0
8273,NDUFS5,0,0,0,0,0
8274,PPP2R2C,0,0,0,0,0
8275,RTRAF,0,0,0,0,0
8276,INTS1,0,0,0,0,0
8277,SUMF2,0,0,0,0,0
8278,UBASH3A,0,0,0,0,0
8279,HHEX,0,0,0,0,0
8280,TTC27,0,0,0,0,0
8281,SCRIB,0,0,0,0,0
8282,CD2AP,0,0,0,0,0
8283,ADD3,0,0,0,0,0
8284,PRPF4,0,0,0,0,0
8285,HYDIN,0,0,0,0,0
8286,ADORA3,0,0,0,0,0
8287,EXOC1,0,0,0,0,0
8288,RGS18,0,0,0,0,0
8289,FBLN5,1,1,0,0,1
8290,ADD1,0,0,0,0,0
8291,GPX8,0,0,0,0,0
8292,TNNT1,0,0,0,0,0
8293,TRNT1,0,0,0,0,0
8294,SRSF6,0,0,0,0,0
8295,KLF5,0,0,0,0,0
8296,MCM3,0,0,0,0,0
8297,TWSG1,0,0,0,0,0
8298,STOM,0,0,0,0,0
8299,RPE,0,0,0,0,0
8300,CLSTN1,0,0,0,0,0
8301,FGD3,0,0,0,0,0
8302,GLA,0,0,1,1,1
8303,FCGR2B,0,0,0,0,0
8304,RGS17,0,0,0,0,0
8305,RAB11FIP4,0,0,0,0,0
8306,CKS1B,0,0,0,0,0
8307,KRTAP13-3,0,0,0,0,0
8308,UNC5A,0,0,0,0,0
8309,TSNARE1,0,0,0,0,0
8310,CSRNP1,0,0,0,0,0
8311,RAN,0,0,0,0,0
8312,SOX2,0,0,0,0,0
8313,STK11,0,0,0,0,0
8314,ABCF3,0,0,0,0,0
8315,SDR16C5,0,0,0,0,0
8316,ADCY7,0,0,0,0,0
8317,TXNL4B,0,0,0,0,0
8318,MYH2,0,0,0,0,0
8319,OAS3,0,0,0,0,0
8320,TRIP11,0,0,0,0,0
8321,MSH4,0,0,0,0,0
8322,NCBP2,0,0,0,0,0
8323,FLNB,0,0,0,0,0
8324,NEK10,0,0,0,0,0
8325,GATA2,0,0,0,0,0
8326,FOSL1,0,0,0,0,0
8327,ZNF296,0,0,0,0,0
8328,FERMT3,0,0,0,0,0
8329,SOD2,0,0,0,0,0
8330,ZMYM2,0,0,0,0,0
8331,ITGB4,0,0,0,0,0
8332,TPD52L2,0,0,0,0,0
8333,PLA2G7,1,0,0,0,0
8334,MRPL11,0,0,0,0,0
8335,EFNB1,0,0,0,0,0
8336,DOCK1,0,0,0,0,0
8337,TIMELESS,0,0,0,0,0
8338,RCAN3,0,0,0,0,0
8339,CENPO,0,0,0,0,0
8340,TAF5L,0,0,0,0,0
8341,FSHB,0,0,0,0,0
8342,CHD1,0,0,0,0,0
8343,FRZB,0,0,0,0,0
8344,ABCC8,0,0,0,0,0
8345,UGP2,0,0,0,0,0
8346,PPP1R15A,0,0,0,0,0
8347,MTHFR,1,1,0,1,1
8348,SAG,0,0,0,0,0
8349,ARF3,0,0,0,0,0
8350,BRD8,0,0,0,0,0
8351,CDSN,0,0,0,0,0
8352,SLC25A24,0,0,0,0,0
8353,PDZD3,0,0,0,0,0
8354,SEC22A,0,0,0,0,0
8355,PPP1R16B,0,0,0,0,0
8356,KRAS,0,0,0,1,0
8357,PDE6A,0,0,0,0,0
8358,TADA1,0,0,0,0,0
8359,NDUFS7,0,0,0,0,0
8360,EP300,0,0,0,0,0
8361,AKR1C3,0,0,0,0,0
8362,GGT7,0,0,0,0,0
8363,NOMO3,0,0,0,0,0
8364,PMPCB,0,0,0,0,0
8365,FIG4,0,0,0,0,0
8366,FDX1,0,0,0,0,0
8367,BECN2,0,0,0,0,0
8368,RMI2,0,0,0,0,0
8369,SART3,0,0,0,0,0
8370,PDE11A,0,0,0,0,0
8371,ANO5,0,0,0,0,0
8372,MRPS5,0,0,0,0,0
8373,UBE2D2,0,0,0,0,0
8374,SHC4,0,0,0,0,0
8375,RPL34,0,0,0,0,0
8376,WARS2,0,0,0,0,0
8377,PRKAR1A,0,0,0,0,1
8378,RPL7,0,0,0,0,0
8379,PRPH,0,0,0,0,0
8380,SPCS2,0,0,0,0,0
8381,AGK,0,0,0,0,0
8382,LUC7L3,0,0,0,0,0
8383,C1QB,0,0,0,0,0
8384,PXMP2,0,0,0,0,0
8385,ATP1B4,0,0,0,0,0
8386,H3C13,0,0,0,0,0
8387,USP25,0,0,0,0,0
8388,SERPINA12,0,0,0,0,0
8389,PF4V1,0,0,0,0,0
8390,CD47,0,0,0,0,0
8391,C1orf131,0,0,0,0,0
8392,DNAAF4,0,0,0,0,0
8393,ALDH3B2,0,0,0,0,0
8394,RASD2,0,0,0,0,0
8395,CXCL6,0,0,0,0,0
8396,NFIL3,0,0,0,0,0
8397,RFC3,0,0,0,0,0
8398,UTS2R,0,0,0,0,0
8399,MRPL2,0,0,0,0,0
8400,DNAL1,0,0,0,0,0
8401,MKNK1,0,0,0,0,0
8402,COL13A1,0,0,0,0,0
8403,CKB,0,0,0,0,0
8404,INPP5D,0,0,0,0,0
8405,REELD1,0,0,0,0,0
8406,REN,0,0,1,0,1
8407,AMPD3,0,0,0,0,0
8408,DYNC1LI2,0,0,0,0,0
8409,SPTSSB,0,0,0,0,0
8410,GPX6,0,0,0,0,0
8411,ZC3H18,0,0,0,0,0
8412,RNF125,0,0,0,0,0
8413,UTP18,0,0,0,0,0
8414,EXOC8,0,0,0,0,0
8415,DPM2,0,0,0,0,0
8416,TXN2,0,0,0,0,0
8417,E2F8,0,0,0,0,0
8418,PRAG1,0,0,0,0,0
8419,GAST,0,0,0,0,0
8420,AK9,0,0,0,0,0
8421,MST1R,0,0,0,0,0
8422,EEF1B2,0,0,0,0,0
8423,ACTL6B,0,0,0,0,0
8424,NUDT19,0,0,0,0,0
8425,INHA,0,0,0,0,0
8426,PKP4,0,0,0,0,0
8427,HOXA4,0,0,0,0,0
8428,GTF2H1,0,0,0,0,0
8429,DHX33,0,0,0,0,0
8430,CEACAM6,0,0,0,0,0
8431,ENSP00000487094,0,0,0,0,0
8432,NELFA,0,0,0,0,0
8433,ATP5PD,0,0,0,0,0
8434,G6PC,0,0,0,0,0
8435,DYNLL1,0,0,0,0,0
8436,NPY2R,0,0,0,0,0
8437,SEMA4G,0,0,0,0,0
8438,TXNIP,0,0,0,0,0
8439,CACNA1E,0,0,0,0,0
8440,SYVN1,0,0,0,0,0
8441,AMPD2,0,0,0,0,0
8442,PAX6,0,0,0,0,0
8443,GLE1,0,0,0,0,0
8444,CLASP2,0,0,0,0,0
8445,NFKBIA,0,0,0,0,0
8446,AP2S1,0,0,0,0,0
8447,SSR2,0,0,0,0,0
8448,RPL23,0,0,0,0,0
8449,NT5C,0,0,0,0,0
8450,PRKCI,0,0,0,0,0
8451,FKBP1B,0,0,0,0,0
8452,AFP,0,0,0,0,0
8453,NDUFS4,0,0,0,0,0
8454,PLG,1,1,1,0,0
8455,HDAC8,0,0,0,0,0
8456,NDUFB4,0,0,0,0,0
8457,LOC102723407,0,0,0,0,0
8458,XRCC6,0,0,0,0,0
8459,FGFRL1,0,0,0,0,0
8460,ATP6V0E1,0,0,0,0,0
8461,ACVR1B,0,0,0,0,0
8462,TTN,0,0,0,0,1
8463,MTMR1,0,0,0,0,0
8464,INCENP,0,0,0,0,0
8465,H6PD,0,0,0,0,0
8466,CLEC1B,0,0,0,0,0
8467,AFF1,0,0,0,0,0
8468,FYN,0,0,0,0,0
8469,RING1,0,0,0,0,0
8470,GRIP1,0,0,0,0,0
8471,RBSN,0,0,0,0,0
8472,PRAMEF4,0,0,0,0,0
8473,FCF1,0,0,0,0,0
8474,MAP2K3,0,0,0,0,0
8475,PEX16,0,0,0,0,0
8476,NCK2,0,0,0,0,0
8477,NDUFA7,0,0,0,0,0
8478,GUCY2F,0,0,0,0,0
8479,HAUS7,0,0,0,0,0
8480,SNAPC2,0,0,0,0,0
8481,CYP7B1,0,0,0,0,0
8482,NRROS,0,0,0,0,0
8483,EVL,0,0,0,0,0
8484,FGF4,0,0,0,0,0
8485,PHB,1,0,0,0,0
8486,PKN1,0,0,0,0,0
8487,NUP88,0,0,0,0,0
8488,ATXN3,0,0,0,0,0
8489,GANAB,0,0,0,0,0
8490,FSCN2,0,0,0,0,0
8491,NCOR2,0,0,0,0,0
8492,CASC3,0,0,0,0,0
8493,CYB5R4,0,0,0,0,0
8494,TSSC4,0,0,0,0,0
8495,SCD5,0,0,0,0,0
8496,LGALS3BP,0,0,0,0,0
8497,STRA8,0,0,0,0,0
8498,EAF2,0,0,0,0,0
8499,ADIPOR1,0,0,0,0,0
8500,CRYBB2,0,0,0,0,0
8501,CSTF2T,0,0,0,0,0
8502,SP7,0,0,0,0,0
8503,HYAL4,0,0,0,0,0
8504,LEAP2,0,0,0,0,0
8505,NPFFR2,0,0,0,0,0
8506,MAU2,0,0,0,0,0
8507,CPA4,0,0,0,0,0
8508,RPAP3,0,0,0,0,0
8509,TADA2A,0,0,0,0,0
8510,MAP2K2,0,0,0,0,0
8511,NBR1,0,0,0,0,0
8512,PKN2,0,0,0,0,0
8513,CAMK2A,0,0,0,0,0
8514,AIMP1,0,0,0,0,0
8515,PARD6G,0,0,0,0,0
8516,IL1A,0,0,0,0,0
8517,IL2,0,0,0,0,0
8518,HECA,0,0,0,0,0
8519,PF4,1,0,1,0,0
8520,KLHL21,0,0,0,0,0
8521,PDHA2,0,0,0,0,0
8522,KLB,0,0,0,0,0
8523,RPL23A,0,0,0,0,0
8524,MAP3K5,0,0,0,0,0
8525,LTBP2,0,0,0,0,0
8526,RPS10-NUDT3,0,0,0,0,0
8527,HNRNPK,0,0,0,0,0
8528,CDK7,0,0,0,0,0
8529,EPB41L1,0,0,0,0,0
8530,CBX7,0,0,0,0,0
8531,TPO,0,0,0,0,0
8532,COL4A2,1,0,0,1,0
8533,ZFC3H1,0,0,0,0,0
8534,DYNC1I1,0,0,0,0,0
8535,SEMA3F,0,0,0,0,0
8536,THG1L,0,0,0,0,0
8537,RPLP1,0,0,0,0,0
8538,MRS2,0,0,0,0,0
8539,MAML2,0,0,0,0,0
8540,ZBTB8OS,0,0,0,0,0
8541,CYFIP1,0,0,0,0,0
8542,CDX2,0,0,0,0,0
8543,TIRAP,0,0,0,0,0
8544,RYBP,0,0,0,0,0
8545,IFNA21,0,0,0,0,0
8546,TAF6L,0,0,0,0,0
8547,GSN,1,0,0,0,0
8548,PCDH15,0,0,0,0,0
8549,IFT80,0,0,0,0,0
8550,SCIMP,0,0,0,0,0
8551,ATG9A,0,0,0,0,0
8552,ASB9,0,0,0,0,0
8553,P2RX5,0,0,0,0,0
8554,MEF2A,0,0,0,0,0
8555,YARS1,0,0,0,0,0
8556,CDC6,0,0,0,0,0
8557,MAGT1,0,0,0,0,0
8558,DYNLT1,0,0,0,0,0
8559,CCL22,0,0,0,0,0
8560,ARID1A,0,0,0,0,0
8561,DSG1,0,0,0,0,0
8562,SPAG8,0,0,0,0,0
8563,CPA1,0,0,0,0,0
8564,SCN4B,0,0,0,0,0
8565,CD1E,0,0,0,0,0
8566,PIKFYVE,0,0,0,0,0
8567,ANAPC15,0,0,0,0,0
8568,SDHD,0,0,0,0,1
8569,SMG5,0,0,0,0,0
8570,UGT1A4,0,0,0,0,0
8571,MYO7A,0,0,0,0,0
8572,CLRN1,0,0,0,0,0
8573,FCGR3B,0,0,0,0,0
8574,STAT5A,0,0,0,0,0
8575,JUP,0,0,0,0,1
8576,SF3A3,0,0,0,0,0
8577,UGT2B17,0,0,0,0,0
8578,ARHGAP31,0,0,0,0,0
8579,OIP5,0,0,0,0,0
8580,RPL24,0,0,0,0,0
8581,GRK2,0,0,0,0,0
8582,KRT19,0,0,0,0,0
8583,RPN2,0,0,0,0,0
8584,SERPING1,1,0,0,0,0
8585,APOM,0,0,0,0,0
8586,PLXDC1,0,0,0,0,0
8587,SLC25A4,0,0,0,0,0
8588,WAS,0,0,0,0,0
8589,CDC42EP1,0,0,0,0,0
8590,PPP1R12A,0,0,0,0,0
8591,CDC42EP3,0,0,0,0,0
8592,TMEM258,0,0,0,0,0
8593,GTPBP4,0,0,0,0,0
8594,SALL4,0,0,0,0,0
8595,CASP10,0,0,0,0,0
8596,ANGEL1,0,0,0,0,0
8597,SRGAP2,0,0,0,0,0
8598,BOD1L1,0,0,0,0,0
8599,SERP1,0,0,0,0,0
8600,ALDH2,0,0,0,1,0
8601,CACNA1B,0,0,0,0,0
8602,ETFB,0,0,0,0,1
8603,EXOC5,0,0,0,0,0
8604,SUPT5H,0,0,0,0,0
8605,ANK3,0,0,0,0,0
8606,FGF10,0,0,0,0,0
8607,ASXL1,0,0,0,0,0
8608,DCUN1D3,0,0,0,0,0
8609,TEKT3,0,0,0,0,0
8610,A1CF,0,0,0,0,0
8611,HNRNPL,0,0,0,0,0
8612,IMPDH2,0,0,0,0,0
8613,FBXW11,0,0,0,0,0
8614,PPM1D,0,0,0,0,0
8615,RUNX3,0,0,0,0,0
8616,TMEM126B,0,0,0,1,0
8617,MC3R,0,0,0,0,0
8618,TPX2,0,0,0,0,0
8619,FLT3LG,0,0,0,0,0
8620,ATP7A,0,0,0,0,0
8621,NUP62CL,0,0,0,0,0
8622,DNAH11,0,0,0,1,0
8623,CXCL12,0,0,1,0,0
8624,KCNJ6,0,0,0,0,0
8625,TRIM25,0,0,0,0,0
8626,MED19,0,0,0,0,0
8627,NUP50,0,0,0,0,0
8628,MNT,0,0,0,0,0
8629,MYO7B,0,0,0,0,0
8630,BRD7,0,0,0,0,0
8631,PTGDR2,0,0,0,0,0
8632,NR3C1,0,0,0,1,0
8633,MYH4,0,0,0,0,0
8634,HTR1B,0,0,0,0,0
8635,ARPC4,0,0,0,0,0
8636,CD163,0,0,0,0,0
8637,MSLN,0,0,0,0,0
8638,SCAF8,0,0,0,0,0
8639,CALCA,0,0,0,0,0
8640,RTCB,0,0,0,0,0
8641,RRP8,0,0,0,0,0
8642,HDAC11,0,0,0,0,0
8643,DDX39A,0,0,0,0,0
8644,MGAM,0,0,0,0,0
8645,EIF5B,0,0,0,0,0
8646,RAMAC,0,0,0,0,0
8647,TMPRSS6,0,0,0,0,0
8648,CLDN3,0,0,0,0,0
8649,NINJ1,0,0,0,0,0
8650,PDF,0,0,0,0,0
8651,DROSHA,0,0,0,0,0
8652,ACTN4,0,0,0,0,0
8653,PPP3R2,0,0,0,0,0
8654,F7,0,0,0,0,0
8655,MEFV,0,0,1,0,0
8656,STAB1,0,0,0,0,0
8657,SPAG9,0,0,0,0,0
8658,ARFIP2,0,0,0,0,0
8659,COX11,0,0,0,0,0
8660,BAG1,0,0,0,0,0
8661,CCK,0,0,0,0,0
8662,APC,0,0,0,0,0
8663,BMP6,0,0,0,0,0
8664,CCNH,0,0,0,0,0
8665,DAB1,0,0,0,0,0
8666,CCND3,0,0,0,0,0
8667,VPS45,0,0,0,0,0
8668,MRPL18,0,0,0,0,0
8669,NXT1,0,0,0,0,0
8670,ELOB,0,0,0,0,0
8671,TRAK2,0,0,0,0,0
8672,OCM,0,0,0,0,0
8673,NAALADL1,0,0,0,0,0
8674,PPFIA3,0,0,0,0,0
8675,ARSB,0,0,0,0,0
8676,GNL1,0,0,0,0,0
8677,PRAMEF10,0,0,0,0,0
8678,FHL5,0,0,0,0,0
8679,COASY,0,0,0,0,0
8680,MGLL,0,0,0,0,0
8681,FZD3,0,0,0,0,0
8682,COL6A1,1,0,0,0,0
8683,EYA3,0,0,0,0,0
8684,KAT5,0,0,0,0,0
8685,MNDA,0,0,0,0,0
8686,CDK13,0,0,0,0,0
8687,VCX3A,0,0,0,0,0
8688,RNF103-CHMP3,0,0,0,0,0
8689,PODXL,0,0,0,0,0
8690,CFAP52,0,0,0,0,0
8691,LYRM7,0,0,0,0,0
8692,SERPINB9,0,0,0,0,0
8693,SNAPC3,0,0,0,0,0
8694,PFN3,0,0,0,0,0
8695,ROBO2,0,0,0,0,0
8696,YWHAZ,0,0,0,0,0
8697,CBLN1,0,0,0,0,0
8698,FKBP1A,0,0,0,0,0
8699,TSR1,0,0,0,0,0
8700,YBX3,0,0,0,0,0
8701,RPS9,0,0,0,0,0
8702,CLIC4,0,0,0,0,0
8703,HBP1,0,0,0,0,0
8704,DOT1L,0,0,0,0,0
8705,C8A,1,0,0,0,0
8706,MRPL46,0,0,0,0,0
8707,DEPTOR,0,0,0,0,0
8708,HSD17B6,0,0,0,0,0
8709,MRI1,0,0,0,0,0
8710,MOGAT3,0,0,0,0,0
8711,TRAPPC2L,0,0,0,0,0
8712,MAPT,0,0,0,0,0
8713,CWC27,0,0,0,0,0
8714,CECR2,0,0,0,0,0
8715,FANCB,0,0,0,0,0
8716,CDH13,0,0,0,0,0
8717,MAPK3,0,0,0,0,0
8718,ENSP00000498010,0,0,0,0,0
8719,SIRT3,0,0,0,0,0
8720,MDFI,0,0,0,0,0
8721,CTNNA1,0,0,0,0,0
8722,MEPE,0,0,0,0,0
8723,RAB5B,0,0,0,0,0
8724,FOXE1,0,0,0,0,0
8725,RBM45,0,0,0,0,0
8726,MYH3,0,0,0,0,0
8727,HRK,0,0,0,0,0
8728,CYP4A11,0,0,0,0,0
8729,LRP8,0,0,0,0,0
8730,ITPR1,0,0,0,0,0
8731,SLC25A6,0,0,0,0,0
8732,TEX10,0,0,0,0,0
8733,MOCOS,0,0,0,0,0
8734,LNPEP,0,0,0,0,0
8735,TSSK6,0,0,0,0,0
8736,EI24,0,0,0,0,0
8737,GALNT16,0,0,0,0,0
8738,DHX58,0,0,0,0,0
8739,GTF3C5,0,0,0,0,0
8740,ADSL,0,0,0,0,0
8741,NSD3,0,0,0,0,0
8742,TFDP2,0,0,0,0,0
8743,SPHK2,0,0,0,0,0
8744,DHRS4,0,0,0,0,0
8745,RAD21L1,0,0,0,0,0
8746,APOE,1,1,1,0,0
8747,CNOT7,0,0,0,0,0
8748,TNRC6B,0,0,0,0,0
8749,SARNP,0,0,0,0,0
8750,MEA1,0,0,0,0,0
8751,H2BC12,1,0,0,0,0
8752,NIN,0,0,0,0,0
8753,GOT1,0,0,0,0,0
8754,RBM14,0,0,0,0,0
8755,HIP1R,0,0,0,0,0
8756,SLC30A8,0,0,0,0,0
8757,PRKACB,0,0,0,0,0
8758,TIAL1,0,0,0,0,0
8759,ATF6B,0,0,0,0,0
8760,DICER1,0,0,0,0,0
8761,PAG1,0,0,0,0,0
8762,APOB,1,1,1,0,0
8763,LTO1,0,0,0,0,0
8764,GON7,0,0,0,0,0
8765,IL1RL1,0,0,0,0,0
8766,PRCD,0,0,0,0,0
8767,MAP1A,0,0,0,0,0
8768,GTF2A1,0,0,0,0,0
8769,DLG4,0,0,0,0,0
8770,CDK2,0,0,0,0,0
8771,PNMA8B,0,0,0,0,0
8772,STYK1,0,0,0,0,0
8773,MAPKAPK2,0,0,0,0,0
8774,MFAP2,0,0,0,0,0
8775,TSEN54,0,0,0,0,0
8776,ZSWIM7,0,0,0,0,0
8777,FBXO42,0,0,0,0,0
8778,LAGE3,0,0,0,0,0
8779,DMP1,0,0,0,0,0
8780,USO1,0,0,0,0,0
8781,DHX29,0,0,0,0,0
8782,KAT2A,0,0,0,0,0
8783,BMP15,0,0,0,0,0
8784,CRYBB3,0,0,0,0,0
8785,STX1A,0,0,0,0,0
8786,C11orf58,0,0,0,0,0
8787,PRKAR2B,0,0,0,0,0
8788,CYP8B1,0,0,0,0,0
8789,HSPE1,0,0,0,0,0
8790,ATP6AP1,0,0,0,0,0
8791,SPC24,0,0,0,0,0
8792,BNIP3L,0,0,0,0,0
8793,FBP2,0,0,0,0,0
8794,BACH1,0,0,0,0,0
8795,OPTC,0,0,0,0,0
8796,U2SURP,0,0,0,0,0
8797,POLR3K,0,0,0,0,0
8798,FAM207A,0,0,0,0,0
8799,IFT52,0,0,0,0,0
8800,MAT2A,0,0,0,0,0
8801,TRAM2,0,0,0,0,0
8802,IFNA5,0,0,0,0,0
8803,STX17,0,0,0,0,0
8804,CALML4,0,0,0,0,0
8805,NLRP4,0,0,0,0,0
8806,ACSS2,0,0,0,0,0
8807,BRMS1L,0,0,0,0,0
8808,TLE3,0,0,0,0,0
8809,DDX41,0,0,0,0,0
8810,AMY2A,0,0,0,0,0
8811,HJURP,0,0,0,0,0
8812,TAF7,0,0,0,0,0
8813,NEIL3,0,0,0,0,0
8814,CCNB1,0,0,0,0,0
8815,ANGPTL3,0,0,0,0,0
8816,ESS2,0,0,0,0,0
8817,AIRE,0,0,0,0,0
8818,AIFM1,0,0,0,0,0
8819,IFRD1,0,0,0,0,0
8820,SAT1,0,0,0,0,0
8821,CLPTM1L,0,0,0,0,0
8822,INHBA,0,0,0,0,0
8823,COL8A1,0,0,0,0,0
8824,POLR2J,0,0,0,0,0
8825,NCR1,0,0,0,0,0
8826,CREB3L3,0,0,0,0,0
8827,CCL8,0,0,0,0,0
8828,NUPR1,0,0,0,0,0
8829,DNAH17,0,0,0,0,0
8830,EPX,1,0,0,0,0
8831,OLIG1,0,0,0,0,0
8832,HIF1A,0,0,0,0,0
8833,IFNGR1,0,0,0,0,0
8834,AKR1C1,0,0,0,0,0
8835,LRRC6,0,0,0,0,0
8836,GSKIP,0,0,0,0,0
8837,ASCL2,0,0,0,0,0
8838,LDB2,0,0,0,0,0
8839,CDHR5,0,0,0,0,0
8840,PPP1R8,0,0,0,0,0
8841,PROS1,1,0,0,0,0
8842,ATF6,0,0,0,0,0
8843,PCDH7,0,0,0,1,0
8844,SUPT20H,0,0,0,0,0
8845,BSN,0,0,0,0,0
8846,SERPINA7,0,0,0,0,0
8847,ZNF346,0,0,0,0,0
8848,RBM42,0,0,0,0,0
8849,VIRMA,0,0,0,0,0
8850,CYP1A1,0,0,0,0,0
8851,UQCRHL,0,0,0,0,0
8852,GPHA2,0,0,0,0,0
8853,NFKB1,0,0,0,0,0
8854,SNRNP70,0,0,0,0,0
8855,COG7,0,0,0,0,1
8856,C9orf135,0,0,0,0,0
8857,SLC35B3,0,0,0,0,0
8858,CXCR1,0,0,0,0,0
8859,TADA2B,0,0,0,0,0
8860,TRAF1,0,0,0,0,0
8861,MRPS22,0,0,0,0,0
8862,E2F6,0,0,0,0,0
8863,H2BC15,0,0,0,0,0
8864,SMAD3,1,1,0,1,0
8865,NOCT,0,0,0,0,0
8866,CNST,0,0,0,0,0
8867,PNOC,0,0,0,0,0
8868,SNAPC4,0,0,0,0,0
8869,ENSP00000491073,0,0,0,0,0
8870,KIF21A,0,0,0,0,0
8871,PIK3AP1,0,0,0,0,0
8872,LZTFL1,0,0,0,0,0
8873,KIF4B,0,0,0,0,0
8874,AP1S3,0,0,0,0,0
8875,KCNG4,0,0,0,0,0
8876,FBXW12,0,0,0,0,0
8877,PLCE1,0,0,0,0,0
8878,FBXO15,0,0,0,0,0
8879,SNRNP200,0,0,0,0,0
8880,MED4,0,0,0,0,0
8881,RNF8,0,0,0,0,0
8882,RHOB,0,0,0,0,0
8883,NSMAF,0,0,0,0,0
8884,IFNA2,0,0,0,0,0
8885,ATXN7L1,0,0,0,0,0
