NodeIndex,GeneSymbol,PAD
0,POMC,0
1,DCLRE1B,0
2,CCNA1,0
3,TUBB2A,0
4,PTS,0
5,OPA3,0
6,SLC8A1,0
7,MRPS9,0
8,CRCP,0
9,OBP2B,0
10,RPP40,0
11,HTT,0
12,INPP4A,0
13,ELK1,0
14,AGMAT,0
15,ACVR1C,0
16,TCF15,0
17,ALAD,0
18,CERS6,0
19,RAB40B,0
20,AQP11,0
21,RSL24D1,0
22,CLNK,0
23,SMG6,0
24,AURKA,0
25,REG3A,0
26,GALNT12,0
27,MBOAT4,0
28,GALM,0
29,RHEB,0
30,ERCC6,0
31,TRIM23,0
32,SET,0
33,RPL36,0
34,TP53RK,0
35,VIP,0
36,LIM2,0
37,SNRPD1,0
38,MRPL39,0
39,TMEM258,0
40,APOBEC3G,0
41,ADCYAP1,0
42,LAMTOR3,0
43,GMPPA,0
44,TAZ,0
45,MMP17,0
46,NIFK,0
47,HSD17B14,0
48,SALL4,0
49,FMNL1,0
50,NOMO2,0
51,MXD3,0
52,MED12L,0
53,SORD,0
54,SOS1,0
55,HDLBP,0
56,BANF2,0
57,NEK6,0
58,TBKBP1,0
59,ULK3,0
60,EFL1,0
61,PRKCQ,0
62,H4C5,0
63,CPA3,0
64,PTGS2,0
65,RRM2,0
66,NEMF,0
67,NFIA,0
68,DEPDC1,0
69,HNRNPA3,0
70,C15orf41,0
71,DDX31,0
72,COL5A1,0
73,TAF11L5,0
74,MRPS5,0
75,DNM1,0
76,CCNE2,0
77,GNAT3,0
78,ABCG4,0
79,ANLN,0
80,GDF7,0
81,RAB7B,0
82,FZD10,0
83,GORASP2,0
84,RBL1,0
85,HTD2,0
86,TMEM254,0
87,INO80B,0
88,SIN3B,0
89,RIN1,0
90,PEX26,0
91,HTR1D,0
92,IGFBP2,0
93,ZNF274,0
94,ALOX15B,0
95,KRT14,0
96,DCP1A,0
97,SOCS6,0
98,SDE2,0
99,UBAC2,0
100,PLCB2,0
101,BNIP3,0
102,ACKR1,0
103,PLPP1,0
104,RNF139,0
105,EHHADH,0
106,CMTM8,0
107,HSD3B1,0
108,S100A4,0
109,USP2,0
110,ZMYND8,0
111,CYCS,0
112,RPS4Y1,0
113,TDP2,0
114,WDR7,0
115,AHSP,0
116,SOX17,0
117,SHH,0
118,NAA40,0
119,ELP4,0
120,H2BC15,0
121,CDH19,0
122,SRRM3,0
123,TSHR,0
124,MTERF1,0
125,SNX9,0
126,SRBD1,0
127,IFNA8,0
128,FLNB,0
129,AP1AR,0
130,ACVR1B,0
131,JARID2,0
132,ATP5MG,0
133,EIF2B2,0
134,MMP12,1
135,PTPRB,0
136,MBD4,0
137,CACNA1G,0
138,ACACB,0
139,PRKAA1,0
140,ZUP1,0
141,DCAF5,0
142,SMPD1,0
143,NLRP7,0
144,METTL3,0
145,REV1,0
146,ULBP3,0
147,CDS2,0
148,BBS12,0
149,NCOA3,0
150,GUCA1B,0
151,SSTR2,0
152,H2AC17,0
153,UNG,0
154,LSG1,0
155,SERP1,0
156,PCLO,0
157,FDPS,0
158,TNNT2,0
159,HK3,0
160,PATJ,0
161,PREP,0
162,CRH,0
163,AP3M2,0
164,ABCG1,0
165,ELN,1
166,KYAT3,0
167,SPP2,0
168,RPL10A,0
169,ALKBH4,0
170,NCALD,0
171,DSC3,0
172,MRPS36,0
173,CCDC155,0
174,UBXN2A,0
175,DNAJA1,0
176,SH2B3,0
177,NLRP11,0
178,PRRC2A,0
179,ALDH2,0
180,UPF3A,0
181,CXCL17,0
182,FOXF1,0
183,SIX6,0
184,OPN1SW,0
185,LPCAT1,0
186,GCSH,0
187,ANAPC10,0
188,COPS4,0
189,GJB1,0
190,GDI1,0
191,HTN3,0
192,GP9,0
193,GLI2,0
194,AQP5,0
195,TRPC4,0
196,CEP350,0
197,NTHL1,0
198,FBXO46,0
199,TTC30A,0
200,HNRNPAB,0
201,RASD2,0
202,ACOT1,0
203,CHPF2,0
204,CHN1,0
205,C9orf78,0
206,NR2E3,0
207,SAMD9L,0
208,POLE4,0
209,CBS,0
210,TARDBP,0
211,EMC1,0
212,ADGRA2,0
213,RXRB,0
214,FANCF,0
215,CDK2,0
216,IL6ST,0
217,UCK2,0
218,CNGA1,0
219,CPLX4,0
220,SIRT3,0
221,SUPT6H,0
222,PHEX,0
223,SNRNP70,0
224,FBLN1,0
225,CASP6,0
226,PRPF19,0
227,LMNB2,0
228,TAB1,0
229,NAALADL1,0
230,DOCK8,0
231,GRIN2B,0
232,FRRS1L,0
233,DNAH12,0
234,TNFSF10,0
235,CLN8,0
236,CFTR,0
237,SLF1,0
238,GABARAP,0
239,VEGFC,0
240,PRPH2,0
241,DDX27,0
242,SPOCK1,0
243,C6,0
244,GBP1,0
245,CBL,0
246,GID4,0
247,GEMIN6,0
248,MCCC2,0
249,MAP2K6,0
250,RYR3,0
251,PJA1,0
252,MICOS10,0
253,SELENOI,0
254,OR1F1,0
255,MECR,0
256,AFF1,0
257,MYOG,0
258,GPC3,0
259,CPA1,0
260,FLG,0
261,PAQR6,0
262,CGB5,0
263,SLMAP,0
264,CHST14,0
265,PLGRKT,0
266,SUV39H1,0
267,CTSH,0
268,LUM,0
269,GAGE12E,0
270,FBXO31,0
271,WBP1,0
272,RIOK3,0
273,SPACA1,0
274,HIGD2A,0
275,GSTA4,0
276,GIMAP7,0
277,GNAT2,0
278,DNM1L,0
279,GNE,0
280,ENPP1,0
281,GCM2,0
282,CSN2,0
283,VPS18,0
284,GNB1L,0
285,MSMO1,0
286,TIAM1,0
287,CFAP20,0
288,DNM2,0
289,CACNA2D3,0
290,PAICS,0
291,GARS1,0
292,ATP5IF1,0
293,EED,0
294,NVL,0
295,KRT8,0
296,GRK7,0
297,DOHH,0
298,LNP1,0
299,SPC25,0
300,TNF,1
301,MT-ATP8,0
302,CTSK,0
303,SDCBP2,0
304,TAF11L12,0
305,RAMAC,0
306,PDPK1,0
307,A4GALT,0
308,POM121C,0
309,MELK,0
310,TJP1,0
311,FAAP24,0
312,SGCD,0
313,GABPA,0
314,GSTO2,0
315,GAB1,0
316,MRPS18B,0
317,ACAN,0
318,B3GNT6,0
319,DSN1,0
320,PTMA,0
321,MTPAP,0
322,MEAK7,0
323,MSRA,0
324,ABI3,0
325,PLXNA1,0
326,CXCR2,0
327,FAAH,0
328,RPS24,0
329,SPATA5L1,0
330,INO80D,0
331,DDX47,0
332,TMEM126B,0
333,CITED2,0
334,EXO1,0
335,INHBC,0
336,APOA1,0
337,DHH,0
338,KRT1,0
339,NAA10,0
340,PPP1R17,0
341,NANOGP8,0
342,PDCD1LG2,0
343,CKM,0
344,NFATC4,0
345,HLA-A,0
346,MYL7,0
347,RXRG,0
348,E2F5,0
349,U3KQK5_HUMAN,0
350,PRDX2,0
351,RBPJ,0
352,CAMKMT,0
353,H4C1,0
354,TAC3,0
355,PYCARD,0
356,PFDN5,0
357,GDF5,0
358,EFNA2,0
359,SHLD3,0
360,ASS1,0
361,ATM,1
362,RETNLB,0
363,MICU2,0
364,CCNB2,0
365,GLS,0
366,FBXO33,0
367,DRG1,0
368,ARC,0
369,ELL3,0
370,PLCZ1,0
371,HNRNPF,0
372,SKA1,0
373,COL11A2,0
374,RABGGTA,0
375,APBB1IP,0
376,CREB3,0
377,TKTL1,0
378,INTS1,0
379,ADAT2,0
380,PPIL3,0
381,RORC,0
382,SHC4,0
383,SLC25A13,0
384,ROCK2,0
385,KLRC1,0
386,EPB42,0
387,CDK8,0
388,TNKS1BP1,0
389,MDK,0
390,IFNGR2,0
391,LIN9,0
392,IL2RA,0
393,PIGM,0
394,ATP5PF,0
395,ALDH5A1,0
396,SPTLC2,0
397,RPRD1B,0
398,NEDD4,0
399,NAA15,0
400,HDAC9,0
401,TNFSF12,0
402,NEK8,0
403,SERPINI1,0
404,KIF27,0
405,LCP2,0
406,TLCD3B,0
407,SCG2,0
408,RFC4,0
409,GOLGA7,0
410,ESS2,0
411,MCFD2,0
412,GSK3A,0
413,MAK,0
414,PPCDC,0
415,MKNK1,0
416,MICB,0
417,GFOD1,0
418,AVPR2,0
419,KDELR3,0
420,XCR1,0
421,SLC10A1,0
422,ADAM19,0
423,PPP4R3B,0
424,UGT1A4,0
425,CTSL,0
426,STAT2,0
427,MRI1,0
428,BBC3,0
429,PRKCZ,0
430,ERV3-1,0
431,MPP4,0
432,NECTIN1,0
433,CHI3L1,0
434,COL1A2,0
435,CDC45,0
436,EMILIN1,0
437,NFATC1,0
438,PAQR5,0
439,TFPI2,0
440,ACADVL,0
441,YBX2,0
442,ATP11A,0
443,HIBCH,0
444,PDGFRB,0
445,PPP2R2D,0
446,OIP5,0
447,VASP,0
448,DHX33,0
449,XPC,0
450,NR1H3,0
451,ZC3H12A,0
452,TRAT1,0
453,CCDC86,0
454,MRPS34,0
455,UBE2B,0
456,CENPP,0
457,NR4A1,0
458,MMP9,0
459,PNPT1,0
460,MAPK7,0
461,NAF1,0
462,NPLOC4,0
463,MOV10,0
464,TFDP2,0
465,BMPR1B,0
466,ENPP3,0
467,PRDX3,0
468,RAP1GDS1,0
469,VEZT,0
470,SGSM3,0
471,TRAK1,0
472,ACAD10,0
473,PIP4P2,0
474,C1D,0
475,TENT2,0
476,SRP19,0
477,PLEKHA8,0
478,WDR82,0
479,HBZ,0
480,RNF128,0
481,ALDH3A2,0
482,RASSF8,0
483,OAS2,0
484,PREB,0
485,DDX54,0
486,FRS2,0
487,INPPL1,0
488,NOXA1,0
489,RPL35A,0
490,RAB7A,0
491,GALNT5,0
492,FN1,0
493,SCN2B,0
494,FBXO16,0
495,F5,0
496,SLC26A6,0
497,JAK2,1
498,HEMK1,0
499,DCAF17,0
500,IMPG2,0
501,RPL6,0
502,DNMT3B,0
503,CACNG1,0
504,SERPINB4,0
505,DHTKD1,0
506,MYBPC2,0
507,TLR7,0
508,EXTL1,0
509,TMED8,0
510,PGK1,0
511,PCYOX1,0
512,NAA60,0
513,NDUFAF2,0
514,TBL1Y,0
515,RPL32,0
516,ZHX2,0
517,RDH10,0
518,COX7A2,0
519,LRCH1,0
520,LARGE1,0
521,DKKL1,0
522,TSSK6,0
523,DMAP1,0
524,BAZ1A,0
525,ORC5,0
526,TADA2A,0
527,LIPE,0
528,GAPDHS,0
529,PGR,0
530,FBXW9,0
531,RFC1,0
532,CKLF,0
533,FCGR1A,0
534,PSMA3,0
535,IFT22,0
536,NPSR1,0
537,RAB5A,0
538,CLDN10,0
539,DSG2,0
540,MIEF1,0
541,NUP62CL,0
542,MCL1,0
543,OLR1,0
544,RPL9,0
545,CLP1,0
546,SLCO1B3,0
547,VPS25,0
548,MED12,0
549,SRPRB,0
550,NLRP9,0
551,BCS1L,0
552,SNX1,0
553,SDCBP,0
554,XRN2,0
555,FAM183A,0
556,CCT7,0
557,PKLR,0
558,H2BC11,0
559,CAMKK2,0
560,IL4,0
561,RBBP6,0
562,ICE2,0
563,GOSR2,0
564,ARF3,0
565,TAS1R2,0
566,NOP10,0
567,CGREF1,0
568,AXIN2,0
569,VPS37D,0
570,PI4KA,0
571,CCL23,0
572,PPP2R2C,0
573,CHML,0
574,BRMS1,0
575,FAM53C,0
576,EDNRA,0
577,SRPK2,0
578,CD3EAP,0
579,KIF17,0
580,SGPP1,0
581,EPAS1,0
582,SYN2,0
583,TIMM17A,0
584,DNTT,0
585,PWWP3B,0
586,WNT9B,0
587,TET3,0
588,AGBL2,0
589,COL14A1,0
590,ADH7,0
591,NEK9,0
592,TIMP3,0
593,OSBPL3,0
594,CPT1C,0
595,HLF,0
596,NOP56,0
597,NOVA1,0
598,JAG1,1
599,MBNL1,0
600,EIF4H,0
601,PDS5A,0
602,DERL1,0
603,AGT,0
604,ANGPTL3,0
605,HPDL,0
606,LRP5,0
607,XRCC4,0
608,PRDM16,0
609,LTC4S,0
610,SPINT2,0
611,SCN11A,0
612,GCFC2,0
613,ATP5MC1,0
614,GABRG1,0
615,USP49,0
616,PTAR1,0
617,METTL6,0
618,MLF2,0
619,DIAPH1,0
620,EDF1,0
621,POLR3E,0
622,LINGO1,0
623,PEX2,0
624,CADM3,0
625,PROSER3,0
626,ARR3,0
627,ACOX2,0
628,CD207,0
629,PSG1,0
630,F12,0
631,POLA2,0
632,LHX6,0
633,FZD4,0
634,SLC35B1,0
635,SIGLEC15,0
636,CEACAM8,0
637,CDC42,0
638,SMURF1,0
639,KIR2DL3,0
640,CERS4,0
641,PLCB4,0
642,ATP8A1,0
643,NPPA,0
644,ARPC5,0
645,ETS1,0
646,RPL35,0
647,KLC2,0
648,DIS3,0
649,KCNQ2,0
650,WAS,0
651,MX1,0
652,NFU1,0
653,HCFC2,0
654,UBFD1,0
655,HAUS6,0
656,DELE1,0
657,DPPA5,0
658,PPP2R3C,0
659,BMP7,0
660,C17orf49,0
661,IAH1,0
662,BST2,0
663,DFFA,0
664,DMD,0
665,SCGB1D2,0
666,BBS2,0
667,FMNL2,0
668,SDC4,0
669,KDM5C,0
670,LDB1,0
671,WDR75,0
672,DNAAF2,0
673,LPL,1
674,SLC9A3R1,0
675,LBX1,0
676,P2RY13,0
677,ATP10D,0
678,PFKFB3,0
679,TTN,0
680,GTF3C4,0
681,NCAM1,0
682,SETD1B,0
683,GAA,0
684,LIPG,0
685,AP1M1,0
686,LEFTY1,0
687,SLC25A17,0
688,ESF1,0
689,WIF1,0
690,PGAM1,0
691,ENDOU,0
692,ANO6,0
693,P3H1,0
694,CD209,0
695,FZR1,0
696,ALDH6A1,0
697,STX11,0
698,H2BW1,0
699,IL4R,0
700,ITIH3,0
701,LPAR3,0
702,CDKN1B,0
703,KHSRP,0
704,TUBG1,0
705,CREBL2,0
706,MOB1B,0
707,TNIP1,0
708,PRPF38B,0
709,SAP130,0
710,BNIP3L,0
711,SMN1,0
712,CALML6,0
713,PUF60,0
714,ITGB7,0
715,SEM1,0
716,RAVER1,0
717,TAF11L11,0
718,TFRC,0
719,SPTLC1,0
720,KIF7,0
721,MGAT5,0
722,HMGA1,0
723,SIRT1,0
724,PTGS1,0
725,RPS20,0
726,SCNN1B,0
727,ACTN4,0
728,STX1A,0
729,IL12RB2,0
730,RPS27L,0
731,THBD,1
732,ABCA12,0
733,ROCK1,0
734,CAPN1,0
735,CPEB1,0
736,SRXN1,0
737,EPHA8,0
738,VTI1A,0
739,PIAS2,0
740,APC2,0
741,MAX,0
742,REG1B,0
743,PHF6,0
744,ATXN1,0
745,SERPINB3,0
746,SUMO2,0
747,ANAPC4,0
748,OSTC,0
749,MIOX,0
750,CC2D1B,0
751,MRPS35,0
752,MED21,0
753,SLC22A17,0
754,UCMA,0
755,MACROH2A2,0
756,PAK6,0
757,LTBP3,0
758,MED11,0
759,RETSAT,0
760,GON7,0
761,NDUFB6,0
762,TXLNA,0
763,FOSB,0
764,METAP1,0
765,FBXW5,0
766,AIPL1,0
767,HIF1A,0
768,HABP4,0
769,TNFSF13B,0
770,MASP1,0
771,AK4,0
772,FBXO43,0
773,SEC22A,0
774,XXYLT1,0
775,UGT1A3,0
776,C1GALT1,0
777,NGF,0
778,DNAJB1,0
779,AMELY,0
780,TFB1M,0
781,ING1,0
782,MAPK3,0
783,AGTRAP,0
784,PMP22,0
785,PSMC3IP,0
786,GTF2E1,0
787,PDK3,0
788,SERPIND1,0
789,USH1G,0
790,PRAMEF15,0
791,AMDHD2-2,0
792,TMEM237,0
793,FGF6,0
794,PVALB,0
795,TLNRD1,0
796,VCAM1,0
797,RBFOX2,0
798,UBE2D1,0
799,APRT,0
800,INS,1
801,PPM1H,0
802,KRI1,0
803,LAP3,0
804,APBB1,0
805,ABCF1,0
806,H3C10,0
807,GPN2,0
808,BIRC5,0
809,IRS4,0
810,GPN1,0
811,USE1,0
812,TBX21,0
813,RPS14,0
814,KIF3A,0
815,SLC5A6,0
816,MRPL14,0
817,PGM1,0
818,KIRREL1,0
819,TLR4,0
820,ESR2,0
821,ESYT1,0
822,HNRNPU,0
823,TULP1,0
824,GPR37,0
825,RANGAP1,0
826,MCAT,0
827,MYD88,0
828,OTUD3,0
829,C12orf43,0
830,AKAP10,0
831,TBXA2R,0
832,HDDC3,0
833,ZNHIT2,0
834,PRORP,0
835,MPHOSPH8,0
836,PRIMPOL,0
837,PET100,0
838,ANXA5,0
839,ARF5,0
840,AKR1C3,0
841,RAD21,0
842,CDHR5,0
843,TNS2,0
844,EIF4EBP2,0
845,RPS3A,0
846,CELA3A,0
847,E2F3,0
848,LRRK2,0
849,MRPS31,0
850,UQCRH,0
851,FUBP1,0
852,TPT1,0
853,CACNG7,0
854,NFKBIZ,0
855,COL10A1,0
856,SNAPC2,0
857,CHORDC1,0
858,PROKR2,0
859,LAMB1,0
860,NRDE2,0
861,CA5B,0
862,ZNF91,0
863,GAGE1,0
864,KRT19,0
865,FKBP1A,0
866,H1-4,0
867,EMC10,0
868,CLEC2B,0
869,RPS28,0
870,PGLYRP1,0
871,IFT81,0
872,BHLHE40,0
873,SSU72P4,0
874,TPRN,0
875,PRCC,0
876,ATP7A,0
877,ANP32E,0
878,RPA1,0
879,FLT3,0
880,IL19,0
881,EXT2,0
882,HLA-DRB5,0
883,ESR1,0
884,INHBA,0
885,KCNA6,0
886,MEFV,0
887,MRPL16,0
888,NUP58,0
889,USH1C,0
890,RPL4,0
891,GATAD2B,0
892,SAA1,0
893,SLX4,0
894,NRROS,0
895,ATF6B,0
896,ASAP2,0
897,SYT9,0
898,CACNG3,0
899,RAET1L,0
900,PGRMC2,0
901,RPS6KA1,0
902,TIPIN,0
903,S1PR3,0
904,PPA1,0
905,DEFA1B,0
906,TAGLN3,0
907,NAT1,0
908,ATP2A2,0
909,HYOU1,0
910,TEF,0
911,CHAC1,0
912,LGMN,0
913,PPP1R9B,0
914,EPHA4,0
915,GALNT10,0
916,GNA12,0
917,RBM10,0
918,FBXL5,0
919,SGCG,0
920,H4C9,0
921,METTL8,0
922,DDA1,0
923,COX11,0
924,CRY2,0
925,HYDIN,0
926,AMACR,0
927,ADA2,0
928,STT3B,0
929,GREM1,0
930,HRH1,0
931,ASIC4,0
932,BRK1,0
933,BSN,0
934,PSMG3,0
935,QRFP,0
936,CYP3A5,0
937,ITGAV,0
938,GTF2H1,0
939,SYNM,0
940,AGMO,0
941,NLRC4,0
942,ASPHD1,0
943,WIPF3,0
944,FANCL,0
945,PGA5,0
946,BCL6,0
947,SCN5A,0
948,ADK,0
949,LARGE2,0
950,CREB5,0
951,TRMT112,0
952,DR1,0
953,CYP11B2,0
954,APLP1,0
955,NDUFA1,0
956,RTCA,0
957,ORM2,0
958,PRLHR,0
959,TTLL4,0
960,TAF11L2,0
961,SST,0
962,LAMC3,0
963,NCF1,0
964,EXOC3L1,0
965,XRCC1,0
966,EIF1B,0
967,UBQLN2,0
968,HNRNPDL,0
969,WDR54,0
970,PPP1R7,0
971,POLG,0
972,TCF7L2,0
973,GNRH1,0
974,CD36,0
975,GNMT,0
976,SH3BGRL3,0
977,EVI5,0
978,YARS2,0
979,GSTM3,0
980,SPAG7,0
981,FOXRED2,0
982,GUCA1A,0
983,FBXW12,0
984,WASHC5,0
985,CHCHD2,0
986,ANO2,0
987,IL1RAP,0
988,STUB1,0
989,CENPC,0
990,SNRPD3,0
991,CECR2,0
992,RPTN,0
993,NOD2,0
994,LRTOMT-2,0
995,SETMAR,0
996,B4GAT1,0
997,YAP1,0
998,CD9,0
999,UAP1,0
1000,AGL,0
1001,CLINT1,0
1002,MUC2,0
1003,CNP,0
1004,ATP1B3,0
1005,RGS3,0
1006,THBS4,0
1007,DOCK4,0
1008,STX8,0
1009,DBN1,0
1010,CCDC28B,0
1011,CYP17A1,0
1012,MST1R,0
1013,SERPINA6,0
1014,UBE2W,0
1015,FANCD2,0
1016,TMEM199,0
1017,TUBB6,0
1018,NUP88,0
1019,NANS,0
1020,MRPL51,0
1021,UBE3D,0
1022,AQP7,0
1023,AMT,0
1024,KDM4A,0
1025,MARK2,0
1026,MMP25,0
1027,SI,0
1028,PRAF2,0
1029,TPD52L1,0
1030,ARNTL2,0
1031,PLEKHA3,0
1032,INPP5D,0
1033,SP7,0
1034,DDX58,0
1035,TOMM40,0
1036,TWISTNB,0
1037,CPLX1,0
1038,SNTB2,0
1039,SULT1E1,0
1040,RPGRIP1,0
1041,NKX2-1,0
1042,CHCHD1,0
1043,CCDC146,0
1044,MYL3,0
1045,AMY1B,0
1046,MX2,0
1047,BRF2,0
1048,SULT1A4,0
1049,C17orf80,0
1050,GLTP,0
1051,PYY,0
1052,MYCBP2,0
1053,DYRK1B,0
1054,SEC24D,0
1055,ADAR,0
1056,ADORA2A,0
1057,LRCH3,0
1058,PAQR7,0
1059,C15orf40,0
1060,RGL2,0
1061,IL11RA,0
1062,GPR171,0
1063,ATP5PB,0
1064,PAX6,0
1065,CLEC4M,0
1066,H3C13,0
1067,MAP1B,0
1068,SNX8,0
1069,MIP,0
1070,RGS7,0
1071,NR5A2,0
1072,CLDN5,0
1073,TRAPPC11,0
1074,ESRRB,0
1075,SGCB,0
1076,MBD1,0
1077,ACADSB,0
1078,NNAT,0
1079,SLC12A3,0
1080,PMF1-BGLAP,0
1081,TNFRSF12A,0
1082,CLCN3,0
1083,ABL1,0
1084,INA,0
1085,PDE4A,0
1086,TRUB2,0
1087,AP1B1,0
1088,UBXN8,0
1089,DRC1,0
1090,FDXACB1,0
1091,VKORC1,0
1092,SRRD,0
1093,CDC34,0
1094,COX6A2,0
1095,CALCOCO1,0
1096,ASNSD1,0
1097,DPYSL2,0
1098,HAL,0
1099,RBM4,0
1100,IL1R2,0
1101,CCDC170,0
1102,IL1RL1,0
1103,FOXA3,0
1104,SIPA1L3,0
1105,KATNAL2,0
1106,RHOJ,0
1107,LYPLA1,0
1108,ATP6AP1L,0
1109,IKBKB,0
1110,NLRP8,0
1111,DHX8,0
1112,LCK,0
1113,IL2,0
1114,KIR2DL1,0
1115,PRKACA,0
1116,DUOX1,0
1117,WASHC2A,0
1118,ITGAL,0
1119,ACAP1,0
1120,ITGA1,0
1121,ANK2,0
1122,ARVCF,0
1123,INHBE,0
1124,OTX2,0
1125,DUSP8,0
1126,ARHGEF1,0
1127,ATP6V1B2,0
1128,FGFBP1,0
1129,TAF7,0
1130,PTGER3,0
1131,KDM5D,0
1132,CANX,0
1133,CETP,0
1134,PBK,0
1135,PABPC5,0
1136,CLDN1,0
1137,NUTF2,0
1138,USP9Y,0
1139,PCDH17,0
1140,SLC26A9,0
1141,COX4I2,0
1142,HSPBP1,0
1143,LTF,0
1144,GLB1,0
1145,ABCD3,0
1146,MAPRE1,0
1147,AFM,0
1148,USP5,0
1149,CKAP5,0
1150,CALB2,0
1151,DNAH11,0
1152,HSF4,0
1153,CXXC4,0
1154,TUBA8,0
1155,PDCD4,0
1156,CLDN3,0
1157,MKKS,0
1158,FERMT3,0
1159,MRPL3,0
1160,TRAF3IP3,0
1161,CDKN1C,0
1162,PRL,0
1163,AMY2A,0
1164,SMYD3,0
1165,BUD31,0
1166,CACYBP,0
1167,NME8,0
1168,CMTM1,0
1169,DDX56,0
1170,CNR1,0
1171,ECSIT,0
1172,ERG28,0
1173,SGSM2,0
1174,UVSSA,0
1175,ABCC8,0
1176,EIF4G3,0
1177,BPIFA2,0
1178,YTHDC2,0
1179,ATG2B,0
1180,COA3,0
1181,BMP8A,0
1182,PPP4C,0
1183,EVPL,0
1184,WDR47,0
1185,PUM2,0
1186,RPL17-C18orf32,0
1187,GPRASP1,0
1188,EFNA1,0
1189,ASCC3,0
1190,WDR34,0
1191,CYP2S1,0
1192,RRP12,0
1193,TNFSF9,0
1194,GRIA4,0
1195,RAB3GAP2,0
1196,FKBP14,0
1197,TAF1A,0
1198,SLC25A11,0
1199,BRD4,0
1200,PLA2G2C,0
1201,SCN4A,0
1202,RAD52,0
1203,METTL1,0
1204,COX4I1,0
1205,CDH6,0
1206,NLGN4Y,0
1207,MSH4,0
1208,DBNL,0
1209,THOC1,0
1210,SPAG5,0
1211,RHOBTB3,0
1212,NCOA7,0
1213,DSTN,0
1214,KDM4B,0
1215,SGF29,0
1216,CTSC,0
1217,NPAS4,0
1218,INF2,0
1219,ROR1,0
1220,MAU2,0
1221,FBXO44,0
1222,PEBP1,0
1223,DNAJC5B,0
1224,TRIM21,0
1225,FUCA2,0
1226,CLSTN1,0
1227,KLKB1,0
1228,GAS6,0
1229,PIH1D2,0
1230,NT5C1B-RDH14,0
1231,FUT7,0
1232,CALR,0
1233,SIGLEC1,0
1234,ATG4B,0
1235,MNT,0
1236,FEM1A,0
1237,LINC02218,0
1238,COPB2,0
1239,PILRB,0
1240,ZIC4,0
1241,TTC1,0
1242,SPATA5,0
1243,ODC1,0
1244,GAS2L2,0
1245,USP18,0
1246,PDRG1,0
1247,INPP5B,0
1248,SNRNP25,0
1249,UGT2B7,0
1250,BAG4,0
1251,KLHL21,0
1252,PLEKHA2,0
1253,FBXO8,0
1254,ABCD1,0
1255,IFT140,0
1256,CD14,0
1257,PDIA4,0
1258,MTERF4,0
1259,RAPH1,0
1260,FERMT1,0
1261,MAP3K2,0
1262,SMC1B,0
1263,CCND1,0
1264,KCNG1,0
1265,SNCG,0
1266,ITLN1,0
1267,PLXNA3,0
1268,NAT10,0
1269,HLX,0
1270,CHD8,0
1271,SENP6,0
1272,POLR2I,0
1273,SNX12,0
1274,ITGAX,0
1275,CRYBB2,0
1276,LY75,0
1277,TAMM41,0
1278,ERN2,0
1279,DEFA5,0
1280,HSD17B12,0
1281,MANF,0
1282,PVR,0
1283,CHSY1,0
1284,C15orf48,0
1285,PIGN,1
1286,NAPSA,0
1287,FOS,0
1288,GSC,0
1289,CRYAB,0
1290,CERS2,0
1291,AP5M1,0
1292,COL18A1,0
1293,GRIN2C,0
1294,ITGB8,0
1295,SPG11,0
1296,TICRR,0
1297,CENPJ,0
1298,MEF2C,0
1299,PRAG1,0
1300,BANF1,0
1301,RILPL2,0
1302,BCOR,1
1303,SCIN,0
1304,CD59,0
1305,DYNC1I1,0
1306,SOHLH1,0
1307,TM4SF19,0
1308,NIPA2,0
1309,NPFF,0
1310,NSA2,0
1311,HAAO,0
1312,MAP4K1,0
1313,EPHA2,0
1314,NCR3,0
1315,CFDP1,0
1316,SMAD7,0
1317,NFIL3,0
1318,CST3,0
1319,MAP3K7,0
1320,RSPH1,0
1321,AGRP,0
1322,KNG1,0
1323,RPL36A-HNRNPH2,0
1324,ZP2,0
1325,PABPC1L,0
1326,CD7,0
1327,SF3A2,0
1328,PPP4R1,0
1329,MICOS13,0
1330,LYPLAL1,0
1331,CAPN3,0
1332,GALR1,0
1333,GTPBP6,0
1334,MYO7A,0
1335,REC8,0
1336,EXOC6,0
1337,STK24,0
1338,SPTSSB,0
1339,PCGF3,0
1340,ECM2,0
1341,TIGAR,0
1342,CRY1,0
1343,MRC1,0
1344,NIPSNAP2,0
1345,NINJ1,0
1346,SLC25A24,0
1347,SPAST,0
1348,FABP1,0
1349,GOT1,0
1350,DLGAP5,0
1351,RPL12,0
1352,NPY1R,0
1353,EIF5,0
1354,PLEKHA7,0
1355,SLC35D1,0
1356,DCTN3,0
1357,FBXO24,0
1358,NFATC2,0
1359,KIF5B,0
1360,NCAN,0
1361,SERPING1,0
1362,H3C11,0
1363,CDH7,0
1364,CTRL,0
1365,PCGF1,0
1366,ADGRE1,0
1367,QDPR,0
1368,RPL23,0
1369,XPO1,0
1370,B4GALT1,0
1371,ENTPD2,0
1372,PRPF39,0
1373,ALDH1B1,0
1374,RPL10L,0
1375,ADD3,0
1376,TIMP4,0
1377,JMJD7-PLA2G4B,0
1378,PTPN18,0
1379,TADA3,0
1380,SMN2,0
1381,RXFP1,0
1382,MLKL,0
1383,ADGRL3,0
1384,GSTA5,0
1385,COX6A1,0
1386,PDCD6IP,0
1387,UBAP2L,0
1388,UBN2,0
1389,NPHP4,0
1390,CTSS,0
1391,FCGR2B,0
1392,STK38L,0
1393,HSPA1A,0
1394,MEN1,0
1395,LSM11,0
1396,COMMD3-BMI1,0
1397,DNAH5,0
1398,TIMM23,0
1399,UBXN7,0
1400,EXOC5,0
1401,PRKAR2A,0
1402,ATP6V1G2,0
1403,CMAS,0
1404,BOK,0
1405,HTN1,0
1406,SNRPD2,0
1407,COA4,0
1408,EIF3CL,0
1409,AAAS,0
1410,SYT10,0
1411,PCDHB14,0
1412,POR,0
1413,NOTCH2,1
1414,STX10,0
1415,MEIS1,0
1416,GDF6,0
1417,STK25,0
1418,ZIC1,0
1419,YEATS4,0
1420,ANO1,0
1421,DDT,0
1422,SLC6A19,0
1423,SYTL4,0
1424,CUL2,0
1425,NFKBIA,0
1426,MDC1,0
1427,SRSF8,0
1428,H3-3B,0
1429,DNAJA2,0
1430,N4BP2,0
1431,ERO1B,0
1432,KLF2,0
1433,CHERP,0
1434,VPS33B,0
1435,ICA1,0
1436,KIF21A,0
1437,MCM9,0
1438,CPA2,0
1439,POLL,0
1440,ACSM3,0
1441,UGT1A9,0
1442,PEX5,0
1443,MYH3,0
1444,TCEANC2,0
1445,RAD54B,0
1446,ADM,0
1447,MRPL47,0
1448,ZNF143,0
1449,UGT1A8,0
1450,CATSPER1,0
1451,MRPL32,0
1452,HAUS7,0
1453,FLI1,0
1454,GIP,0
1455,PAH,0
1456,IL13RA2,0
1457,FKTN,0
1458,BCL7A,0
1459,MAP2K4,0
1460,XCL1,0
1461,CABIN1,0
1462,MRPL33,0
1463,DCTN2,0
1464,GFAP,0
1465,DNAJB4,0
1466,TCP11L1,0
1467,PFKM,0
1468,ACOX3,0
1469,NPC1,0
1470,SPTLC3,0
1471,H3C7,0
1472,SLC2A2,0
1473,NUF2,0
1474,LRRTM2,0
1475,MARS1,0
1476,MUCL1,0
1477,PDX1,0
1478,RECQL4,0
1479,MTIF3,0
1480,RLN2,0
1481,KLK3,0
1482,SLC25A18,0
1483,CACNA2D4,0
1484,AGO1,0
1485,GMFG,0
1486,GBA,0
1487,SEC24B,0
1488,MAL2,0
1489,MTRF1,0
1490,ROM1,0
1491,AK7,0
1492,KCNE1,0
1493,ARG1,0
1494,REXO5,0
1495,QKI,0
1496,APOA2,0
1497,TGFB2,1
1498,CASP8,0
1499,PRPF3,0
1500,NSUN2,0
1501,SSU72P7,0
1502,CELSR2,0
1503,KIR3DL1,0
1504,ROPN1,0
1505,FGF19,0
1506,HNRNPUL1,0
1507,NF1,0
1508,ZFY,0
1509,CISD2,0
1510,FILIP1,0
1511,DIP2B,0
1512,BDKRB2,0
1513,CELA2B,0
1514,CDHR2,0
1515,EBF1,0
1516,UBE2V2,0
1517,POLI,0
1518,SNW1,0
1519,TAS2R1,0
1520,BIVM-ERCC5,0
1521,LCTL,0
1522,PCBD1,0
1523,PLXNA4,0
1524,PTDSS1,0
1525,FAM107B,0
1526,GRK2,0
1527,USP48,0
1528,FBXL7,0
1529,CNOT6L,0
1530,MCMBP,0
1531,TRIB2,0
1532,INSL3,0
1533,EIF3D,0
1534,GAGE12J,0
1535,MAP3K14,0
1536,ENSP00000492798,0
1537,RPP14,0
1538,PSMB5,0
1539,CDC23,0
1540,RPGR,0
1541,GAST,0
1542,IFIT5,0
1543,SGTA,0
1544,BMX,0
1545,SEMG1,0
1546,AGFG1,0
1547,MC3R,0
1548,RABEPK,0
1549,MAF,0
1550,NDUFC2-KCTD14,0
1551,MCIDAS,0
1552,TNFSF8,0
1553,RAB14,0
1554,IRF2BP1,0
1555,MARK3,0
1556,RAMP1,0
1557,AP3B2,0
1558,IL6R,0
1559,SAG,0
1560,OSM,0
1561,KLF1,0
1562,HACD3,0
1563,TAS2R8,0
1564,TIMP1,0
1565,TNNI2,0
1566,WDFY3,0
1567,PIP4K2A,0
1568,ZNF205,0
1569,TRAF2,0
1570,DDB1,0
1571,PTH1R,0
1572,SSPN,0
1573,RGS21,0
1574,RPL36AL,0
1575,RMDN3,0
1576,TTLL12,0
1577,SSRP1,0
1578,ZNF692,0
1579,TOMM7,0
1580,PRPF4B,0
1581,GPRC5D,0
1582,KAT2B,0
1583,RPS19,0
1584,SH2D4A,0
1585,DDX52,0
1586,SAA4,0
1587,SEC22C,0
1588,SEL1L,0
1589,CDC42EP4,0
1590,IFI16,0
1591,GSDME,0
1592,GZMA,0
1593,NCAPG2,0
1594,BTBD7,0
1595,DTWD1,0
1596,LAMTOR2,0
1597,SETD7,0
1598,GTF2F1,0
1599,PCYT1B,0
1600,ZBTB16,0
1601,CSF3,0
1602,RGS9,0
1603,CHKA,0
1604,HGF,1
1605,POLD4,0
1606,GNA11,0
1607,GOLT1B,0
1608,C2orf49,0
1609,TOP3A,0
1610,EBI3,0
1611,GPAT4,0
1612,PPP1R1A,0
1613,CTNNB1,0
1614,PDHB,0
1615,IFT46,0
1616,ALAS2,0
1617,SPP1,0
1618,CLK1,0
1619,EXOSC4,0
1620,CEP192,0
1621,VANGL2,0
1622,PNLIP,0
1623,IDH2,0
1624,EPPIN,0
1625,FLT3LG,0
1626,STRIP2,0
1627,ZW10,0
1628,EIF3L,0
1629,ASB17,0
1630,PI4K2A,0
1631,TNFAIP3,0
1632,FBXO9,0
1633,H3C1,0
1634,MRPS33,0
1635,PLK1,0
1636,VPS45,0
1637,CNN1,0
1638,YAE1,0
1639,CUX1,0
1640,PSMG2,0
1641,PSMA8,0
1642,KDM2B,0
1643,IBSP,0
1644,ADAMTS3,0
1645,CPEB2,0
1646,TP63,0
1647,SIRT4,0
1648,ACOT8,0
1649,C1orf109,0
1650,XRN1,0
1651,COP1,0
1652,SDHA,0
1653,C1orf189,0
1654,GMPPB,0
1655,IRS2,0
1656,LUC7L2,0
1657,PRRX1,0
1658,NANOS2,0
1659,GRPEL1,0
1660,UBR5,0
1661,DMC1,0
1662,FLCN,0
1663,BRIX1,0
1664,NRXN2,0
1665,PRAMEF14,0
1666,TRAPPC2,0
1667,YIPF6,0
1668,MYH9,0
1669,EPS8,0
1670,IL1B,0
1671,FAM8A1,0
1672,CAV1,0
1673,IL33,0
1674,RALGAPB,0
1675,PCTP,0
1676,FGFR3,0
1677,FGF16,0
1678,EPHA6,0
1679,PIPOX,0
1680,SKAP1,0
1681,TKT,0
1682,WNT11,0
1683,CYP4A22,0
1684,CCNT2,0
1685,CCL21,0
1686,EHMT1,0
1687,APOC4,0
1688,UTS2B,0
1689,NSD2,0
1690,NID1,0
1691,SESN2,0
1692,GNS,0
1693,DAPP1,0
1694,RBBP4,0
1695,HPD,0
1696,COL4A3,0
1697,CYP2U1,0
1698,TNFRSF18,0
1699,PTPN23,0
1700,CBFB,0
1701,KCTD10,0
1702,CPEB3,0
1703,C9orf72,0
1704,FTCDNL1,0
1705,SELENOP,0
1706,FSCN1,0
1707,UVRAG,0
1708,DBH,0
1709,ENO1,0
1710,DACT1,0
1711,KAT2A,0
1712,BAG5,0
1713,CFAP52,0
1714,MAP3K5,0
1715,WDR17,0
1716,KRIT1,0
1717,ARMC8,0
1718,PRKAB2,0
1719,SLU7,0
1720,PPFIA1,0
1721,GAGE13,0
1722,HINT2,0
1723,C1orf131,0
1724,TMEM262,0
1725,SSR3,0
1726,MTFMT,0
1727,COG5,0
1728,MPP6,0
1729,RDH5,0
1730,CMA1,0
1731,GART,0
1732,ING3,0
1733,DDR2,0
1734,BRD8,0
1735,GINS1,0
1736,DOLPP1,0
1737,PRKAR1A,0
1738,TTC26,0
1739,MYL1,0
1740,PIGH,0
1741,LGALS1,0
1742,AUNIP,0
1743,TGFB3,1
1744,QARS1,0
1745,GRIK2,0
1746,DCHS1,0
1747,GAGE12F,0
1748,CDC6,0
1749,H2BC12,0
1750,ITGB1,0
1751,PLEKHM1,0
1752,TONSL,0
1753,RXFP2,0
1754,NME1-NME2,0
1755,TRMT11,0
1756,PRKCG,0
1757,RBM7,0
1758,DHX29,0
1759,UGT2B10,0
1760,AP4B1,0
1761,FAHD2B,0
1762,HOXA10,0
1763,KCNIP1,0
1764,DDIT4,0
1765,SUGCT,0
1766,MEI1,0
1767,LLPH,0
1768,FAM167A,0
1769,THOC3,0
1770,ZNF569,0
1771,RAC2,0
1772,ZC3HAV1,0
1773,LAT,0
1774,PLA2G12B,0
1775,LCA5,0
1776,FBXO45,0
1777,ISM2,0
1778,WDR6,0
1779,LIMA1,0
1780,BST1,0
1781,AARS2,0
1782,VAMP4,0
1783,APOL1,0
1784,TVP23C,0
1785,MCM2,0
1786,NUFIP2,0
1787,VIM,0
1788,ST3GAL2,0
1789,GSTT2B,0
1790,YWHAQ,0
1791,ASDURF,0
1792,SAMHD1,0
1793,ATP2B4,0
1794,ANGPTL1,0
1795,TPI1,0
1796,CDCA5,0
1797,NCK2,0
1798,NDUFV3,0
1799,TULP2,0
1800,HCST,0
1801,ITCH,0
1802,ACVR1,0
1803,MAPK8,0
1804,LAMP1,0
1805,H4-16,0
1806,NARS2,0
1807,CERKL,0
1808,BROX,0
1809,LDHC,0
1810,ENTPD4,0
1811,NEDD8,0
1812,SFRP4,0
1813,FTH1,0
1814,NAMPT,0
1815,FGD3,0
1816,EDEM2,0
1817,MC4R,0
1818,KIN,0
1819,MALL,0
1820,MLXIPL,0
1821,TLR9,0
1822,INPP4B,0
1823,ASPM,0
1824,ZNF763,0
1825,CEBPZ,0
1826,NSD3,0
1827,PACRG,0
1828,LHFPL5,0
1829,ETV6,0
1830,XPOT,0
1831,EP300,0
1832,HOXC6,0
1833,CADM4,0
1834,RPS19BP1,0
1835,FIZ1,0
1836,IFNB1,0
1837,UQCRC1,0
1838,CAPZB,0
1839,MYH7,0
1840,CD1B,0
1841,RAD9B,0
1842,HDAC7,0
1843,PALB2,0
1844,APOBEC3F,0
1845,KIAA1549,0
1846,FYTTD1,0
1847,OTOF,0
1848,MAZ,0
1849,RAPGEF1,0
1850,AK2,0
1851,SFTPA2,0
1852,MT-ATP6,0
1853,ACSF2,0
1854,HSD17B7,0
1855,NR3C2,0
1856,ISL1,0
1857,PNKP,0
1858,VENTX,0
1859,SULT1B1,0
1860,EXD2,0
1861,WASHC3,0
1862,COX10,0
1863,ELAC2,0
1864,DYNLL2,0
1865,COMP,0
1866,ERVW-1,0
1867,NRAP,0
1868,DNAH9,0
1869,FKBP2,0
1870,GDNF,0
1871,SF3B1,0
1872,DPY19L2,0
1873,NDUFA11,0
1874,MVK,0
1875,ARL10,0
1876,VAV1,0
1877,SLC10A7,0
1878,HAVCR2,0
1879,CA13,0
1880,PROM1,0
1881,GET1,0
1882,RRAGB,0
1883,PSMD14,0
1884,FBXO34,0
1885,VPS35L,0
1886,CDT1,0
1887,IL15,0
1888,ARHGAP31,0
1889,PHLDB2,0
1890,SH3KBP1,0
1891,ACTC1,0
1892,NIN,0
1893,URM1,0
1894,PIGR,0
1895,ABCA1,0
1896,ARG2,0
1897,CYSLTR1,0
1898,FAM168A,0
1899,POP7,0
1900,ADGRV1,0
1901,H3-3A,0
1902,YWHAH,0
1903,DNASE1,0
1904,MAN2A2,0
1905,ALKBH3,0
1906,CDCA8,0
1907,OSGEP,0
1908,PLA2G15,0
1909,AKT2,0
1910,FIS1,0
1911,FAM166C,0
1912,PGAM4,0
1913,USP13,0
1914,MS4A3,0
1915,CUL5,0
1916,RPP38,0
1917,VEGFB,1
1918,TTR,0
1919,SEC63,0
1920,SGCA,0
1921,GMPR,0
1922,YIPF2,0
1923,ACP1,0
1924,DCX,0
1925,CYTH2,0
1926,HSPA1B,0
1927,FDFT1,0
1928,EFNA3,0
1929,SNX20,0
1930,HMGN1,0
1931,KLC1,0
1932,NHEJ1,0
1933,NEIL3,0
1934,CHCHD4,0
1935,FYN,0
1936,TBC1D17,0
1937,PROK1,0
1938,MPP5,0
1939,ZNF106,0
1940,SDC1,0
1941,DHRS9,0
1942,SCARA3,0
1943,COL17A1,0
1944,LEPR,0
1945,BMP2,0
1946,MRPL49,0
1947,GNA15,0
1948,CCDC39,0
1949,DBI,0
1950,CAT,0
1951,CD200,0
1952,XRCC3,0
1953,MS4A1,0
1954,GOPC,0
1955,HDDC2,0
1956,NME5,0
1957,GRPEL2,0
1958,TMEM30A,0
1959,VPS37B,0
1960,MAPK8IP1,0
1961,CLU,0
1962,HINT3,0
1963,EIF4G2,0
1964,RNASEL,0
1965,PRRT1,0
1966,MMP24,0
1967,MMP21,0
1968,POMGNT1,0
1969,MYO1F,0
1970,TPR,0
1971,LCE3D,0
1972,G2E3,0
1973,SLC18A3,0
1974,MRPS17,0
1975,SHOC2,0
1976,SSU72,0
1977,CALCRL,0
1978,PCBP2,0
1979,RAN,0
1980,UTP14A,0
1981,NLGN1,0
1982,GRB10,0
1983,IDH3A,0
1984,CD8B,0
1985,NSD1,0
1986,CPSF4,0
1987,PDE10A,0
1988,DGCR2,0
1989,IST1,0
1990,GGA1,0
1991,TFAP2B,0
1992,SCUBE3,0
1993,GP5,0
1994,KCNJ1,0
1995,PRIM2,0
1996,CERK,0
1997,CALCB,0
1998,E2F4,0
1999,COPG1,0
2000,KRT33A,0
2001,UBE2S,0
2002,GSTO1,0
2003,NCOA6,0
2004,B3GALT6,0
2005,CYP2A6,0
2006,MAD2L1BP,0
2007,CHEK2,0
2008,PNPLA2,0
2009,TLE2,0
2010,MKLN1,0
2011,FLNA,0
2012,GSTM5,0
2013,AP1M2,0
2014,URB1,0
2015,TBX6,0
2016,OXSR1,0
2017,AOX1,0
2018,HTRA2,0
2019,FGL1,0
2020,STX4,0
2021,ZFAND1,0
2022,SFRP2,0
2023,DROSHA,0
2024,ATP5MF,0
2025,CCT4,0
2026,MUTYH,0
2027,LPAR2,0
2028,CASQ1,0
2029,CDCA3,0
2030,NUP153,0
2031,ITPR3,0
2032,SLX1B,0
2033,ARFIP2,0
2034,TOR1A,0
2035,VPS11,0
2036,AFG3L2,0
2037,MT-CO1,0
2038,MAFK,0
2039,UNC13D,0
2040,RUVBL1,0
2041,ZNF827,0
2042,EIF4E2,0
2043,KLHL9,0
2044,DNAAF3,0
2045,HLA-C,0
2046,FBXO27,0
2047,CCN3,0
2048,ENAH,0
2049,POLR2K,0
2050,GALNT2,0
2051,LYRM7,0
2052,KLHL25,0
2053,AP5Z1,0
2054,TRIP13,0
2055,LOC114841035,0
2056,DGKZ,0
2057,ACOT13,0
2058,PTPN11,0
2059,DDX41,0
2060,MAP1LC3B,0
2061,MCRS1,0
2062,ING4,0
2063,KCNJ14,0
2064,PTPRS,0
2065,GPAA1,0
2066,H2AC8,0
2067,CALCOCO2,0
2068,UBR3,0
2069,DDX20,0
2070,PDIA3,0
2071,VPREB3,0
2072,WDHD1,0
2073,UPRT,0
2074,PRM3,0
2075,PSME2,0
2076,VCL,0
2077,SH3TC2,0
2078,SLC1A2,0
2079,NAGLU,0
2080,GPATCH1,0
2081,CTRB1,0
2082,PAPPA2,0
2083,MTCH1,0
2084,SPATA7,0
2085,TFPI,0
2086,ADRB2,0
2087,WNT8A,0
2088,MFAP1,0
2089,SRSF12,0
2090,MBTPS1,0
2091,GMPS,0
2092,DUSP12,0
2093,RGS6,0
2094,CD8B2,0
2095,ZFP42,0
2096,EIF3E,0
2097,NDUFAF1,0
2098,NCOA5,0
2099,SLC51A,0
2100,PRKAG2,0
2101,GK2,0
2102,EPHA10,0
2103,KCNA5,0
2104,YTHDF1,0
2105,CALM1,0
2106,MYOD1,0
2107,WNT2B,0
2108,KCNJ6,0
2109,STAT4,0
2110,GSR,0
2111,HNRNPR,0
2112,ELOF1,0
2113,DHX16,0
2114,TFG,0
2115,KLHDC2,0
2116,GCN1,0
2117,LCN1,0
2118,PAAF1,0
2119,PANK3,0
2120,RPL11,0
2121,SUCLG2,0
2122,COLGALT2,0
2123,KCND1,0
2124,HOXC13,0
2125,KRT31,0
2126,NDUFB1,0
2127,GCK,0
2128,PPFIA2,0
2129,RXFP3,0
2130,HACD2,0
2131,TNNT3,0
2132,IL2RB,0
2133,LRP8,0
2134,MYBPHL,0
2135,DAPK1,0
2136,ANKRD40,0
2137,TEPSIN,0
2138,YIPF4,0
2139,MISP,0
2140,REEP6,0
2141,SCGB1A1,0
2142,PRDM14,0
2143,PROZ,0
2144,REV3L,0
2145,C6orf52,0
2146,ANAPC1,0
2147,PARD6B,0
2148,RACK1,0
2149,CHRM1,0
2150,YIF1B,0
2151,INSL4,0
2152,LIN54,0
2153,AGER,0
2154,DHFR2,0
2155,SUGP1,0
2156,AK6,0
2157,SLC35A2,0
2158,TM6SF2,0
2159,EXOSC10,0
2160,HMG20B,0
2161,SNRPB,0
2162,SIX4,0
2163,GAGE12D,0
2164,PDE3A,0
2165,PARVB,0
2166,PEF1,0
2167,CDH10,0
2168,ANAPC11,0
2169,FAAP20,0
2170,WASHC4,0
2171,CYP21A2,0
2172,CPSF3,0
2173,ACOX1,0
2174,PHKB,0
2175,CIRBP,0
2176,DNAJC19,0
2177,TRPV4,0
2178,EBP,0
2179,C12orf66,0
2180,CATSPERG,0
2181,YWHAB,0
2182,PDP2,0
2183,CA6,0
2184,GABBR2,0
2185,ADRA2A,0
2186,RPS4Y2,0
2187,SLC22A7,0
2188,LOC102723407,0
2189,INPP5F,0
2190,SPACA6,0
2191,H2BC4,0
2192,PYCR1,0
2193,USP28,0
2194,REPIN1,0
2195,PLA2G1B,0
2196,H4C14,0
2197,DUSP9,0
2198,GLYATL1,0
2199,BCO1,0
2200,CSNK2A1,0
2201,TAF11L14,0
2202,ATP1B1,0
2203,PACS1,0
2204,MAP3K3,0
2205,KCNE1B,0
2206,TCERG1L,0
2207,RUNX1,0
2208,COL21A1,0
2209,VAMP3,0
2210,ERO1A,0
2211,SDC2,0
2212,CNPY3,0
2213,GRHL3,0
2214,IL31,0
2215,NES,0
2216,FXYD2,0
2217,SH3PXD2A,0
2218,NECAP2,0
2219,YPEL5,0
2220,THRAP3,0
2221,GHR,0
2222,SCNM1,0
2223,CCNA2,0
2224,NCOR2,0
2225,RPS9,0
2226,RPS15,0
2227,RICTOR,0
2228,IMP4,0
2229,LMNA,1
2230,RAE1,0
2231,F9,0
2232,HBG2,0
2233,L1TD1,0
2234,TCAP,0
2235,UGCG,0
2236,VRK3,0
2237,CLCA2,0
2238,RYR1,0
2239,ANGPT2,0
2240,WDR5B,0
2241,PCDHB7,0
2242,RPS27A,0
2243,FERMT2,0
2244,REG1A,0
2245,TMEM97,0
2246,HEY2,1
2247,F8,0
2248,PLAUR,0
2249,GADD45B,0
2250,NADK2,0
2251,ATP6V1G1,0
2252,PPP2R5E,0
2253,ZC3H14,0
2254,OPA1,0
2255,ARFIP1,0
2256,EPX,0
2257,ISG15,0
2258,BCKDK,0
2259,AP3S1,0
2260,EXOC3,0
2261,SSBP4,0
2262,PLA2G4C,0
2263,COL8A1,0
2264,H1-0,0
2265,PPP5C,0
2266,RAB10,0
2267,IFI44,0
2268,RPE,0
2269,CRLS1,0
2270,SFTPD,0
2271,CMSS1,0
2272,MAPK9,0
2273,TOR1B,0
2274,CHD1L,0
2275,POLR2H,0
2276,H3C2,0
2277,SLC3A1,0
2278,KCNQ5,0
2279,SUN5,0
2280,TMIGD2,0
2281,RPL7,0
2282,NTRK1,0
2283,RRP1B,0
2284,PTX3,0
2285,STXBP6,0
2286,CPT1A,0
2287,RAD51D,0
2288,POLR2J2,0
2289,ACTA2,1
2290,GAL3ST2,0
2291,LZTFL1,0
2292,HMGN4,0
2293,IGF2BP1,0
2294,TINF2,0
2295,LONP1,0
2296,REST,0
2297,MPZL1,0
2298,ANKRD50,0
2299,CBX6,0
2300,ITSN2,0
2301,IL5RA,0
2302,VPS33A,0
2303,KCND3,0
2304,NTPCR,0
2305,HLA-DMA,0
2306,FAAH2,0
2307,ACAT1,0
2308,RALGAPA2,0
2309,TCL1A,0
2310,NXF2B,0
2311,SYNGR1,0
2312,ATP6V1E2,0
2313,HERC6,0
2314,POLR2D,0
2315,ATRX,0
2316,STK40,0
2317,DOLK,0
2318,CACTIN,0
2319,PPP2R5C,0
2320,MERTK,0
2321,STYK1,0
2322,POLDIP2,0
2323,DNAJB9,0
2324,PRODH,0
2325,PSMF1,0
2326,MAP3K11,0
2327,BTF3L4,0
2328,PNPLA5,0
2329,NEXMIF,0
2330,AP2A1,0
2331,POLR1D,0
2332,IL12RB1,0
2333,CKB,0
2334,VTN,0
2335,EIF6,0
2336,MYH11,1
2337,RLN1,0
2338,COA1,0
2339,PPA2,0
2340,POLK,0
2341,THRA,0
2342,SLC47A2,0
2343,SPARCL1,0
2344,FMNL3,0
2345,HTR2C,0
2346,FGB,1
2347,PPP1CC,0
2348,ATR,0
2349,STX3,0
2350,TIMM8B,0
2351,AP5S1,0
2352,CANT1,0
2353,SLC25A1,0
2354,CDK11B,0
2355,CA4,0
2356,IL31RA,0
2357,IFITM1,0
2358,NR3C1,0
2359,PCGF5,0
2360,IGF2R,0
2361,PARVG,0
2362,GCC1,0
2363,RAB11FIP1,0
2364,USP20,0
2365,QPCTL,0
2366,TECTB,0
2367,GAGE12C,0
2368,MMP23B,0
2369,H2BC14,0
2370,SYT1,0
2371,AMY2B,0
2372,SECISBP2,0
2373,CHTOP,0
2374,CCDC103,0
2375,SERPINF2,0
2376,KIF11,0
2377,MCM4,0
2378,TAF4,0
2379,ARHGEF11,0
2380,LLGL2,0
2381,EDN3,0
2382,MLEC,0
2383,HEBP1,0
2384,MAPT,0
2385,KRT6B,0
2386,MTA1,0
2387,RAB3GAP1,0
2388,KAT8,0
2389,CCNB3,0
2390,RPTOR,0
2391,SLC2A14,0
2392,ATP5MC2,0
2393,SUPT4H1,0
2394,VPS39,0
2395,TPM2,0
2396,RELN,0
2397,SPOP,0
2398,GUCA1A-2,0
2399,TFAP2D,0
2400,ARHGEF5,0
2401,H3C4,0
2402,PPP1R16B,0
2403,TMBIM4,0
2404,FANCA,0
2405,TIMM10,0
2406,SWSAP1,0
2407,EXOSC1,0
2408,VPS37A,0
2409,MYO1E,0
2410,PAFAH1B3,0
2411,EZR,0
2412,NFE2L3,0
2413,DAD1,0
2414,NACA-2,0
2415,MITF,0
2416,OGDHL,0
2417,PRAMEF20,0
2418,SDHAF1,0
2419,HSP90B1,0
2420,NUP62,0
2421,ATXN3L,0
2422,IRX3,0
2423,KPNA3,0
2424,CTNS,0
2425,EGR2,0
2426,ENSP00000497509,0
2427,TRIM32,0
2428,GPAT3,0
2429,ABCE1,0
2430,SSTR1,0
2431,CTNNA2,0
2432,TMED10,0
2433,AGO3,0
2434,FGF3,0
2435,ATG13,0
2436,DNAH3,0
2437,DONSON,0
2438,RPL27A,0
2439,MDH2,0
2440,SMKR1,0
2441,ACTR10,0
2442,DPM1,0
2443,TMED1,0
2444,FAF1,0
2445,PPIE,0
2446,HERPUD1,0
2447,ZFC3H1,0
2448,MYL12A,0
2449,FBLL1,0
2450,CD8A,0
2451,SMARCB1,0
2452,BAP1,0
2453,SLC30A8,0
2454,NQO1,0
2455,KLRF1,0
2456,ADCY8,0
2457,CYP2A13,0
2458,TSNAX,0
2459,LHCGR,0
2460,MAPKAPK2,0
2461,PLEK,0
2462,ADGRB1,0
2463,COG6,0
2464,PHF5A,0
2465,MED24,0
2466,H0Y980_HUMAN,0
2467,ANKRD9,0
2468,RAD17,0
2469,UBAP1,0
2470,STRAP,0
2471,SLC4A1AP,0
2472,ZNF24,0
2473,VASN,0
2474,CCNK,0
2475,PAFAH1B1,0
2476,MYMK,0
2477,RORB,0
2478,LGALS9,0
2479,ATP11C,0
2480,GTPBP8,0
2481,MTX3,0
2482,PRAME,0
2483,ABI3BP,0
2484,SIN3A,0
2485,USP39,0
2486,ATP4A,0
2487,VAV2,0
2488,CRHR1-2,0
2489,TBL2,0
2490,EPS8L1,0
2491,ADM2,0
2492,EML4,0
2493,IVL,0
2494,C19orf54,0
2495,JCHAIN,0
2496,ATG4D,0
2497,EPC1,0
2498,CERS5,0
2499,STXBP3,0
2500,SEC24C,0
2501,POU2F1,0
2502,CHMP2B,0
2503,STRN3,0
2504,UTP25,0
2505,AHNAK,0
2506,CSTF1,0
2507,HNRNPA1,0
2508,KRTCAP2,0
2509,PDXDC1,0
2510,LTB4R2,0
2511,MYADM,0
2512,PELO,0
2513,ZC3H6,0
2514,LLGL1,0
2515,PRODH2,0
2516,KIF20A,0
2517,TIRAP,0
2518,LOC112694756,0
2519,DDX11,0
2520,MCM5,0
2521,PRPF6,0
2522,HDGF,0
2523,PBX3,0
2524,ADGRE5,0
2525,SPR,0
2526,AATF,0
2527,PANK2,0
2528,LMBRD1,0
2529,ADAMTS4,0
2530,RBM14,0
2531,SSR4,0
2532,HSF1,0
2533,NUDT5,0
2534,ZSWIM8,0
2535,TNFSF11,0
2536,TRMT6,0
2537,UNC93B1,0
2538,EPC2,0
2539,INTS13,0
2540,ERMARD,0
2541,MICA,0
2542,VDAC3,0
2543,NADSYN1,0
2544,STRN,0
2545,RGR,0
2546,MAPK6,0
2547,SEC61A2,0
2548,PFDN4,0
2549,RPS18,0
2550,STX6,0
2551,PKD2L1,0
2552,CPA4,0
2553,H0YIJ7_HUMAN,0
2554,ACSS3,0
2555,WDR63,0
2556,ZNF579,0
2557,CARS1,0
2558,NPTN,0
2559,CLEC4A,0
2560,MYOC,0
2561,HAP1,0
2562,EHD4,0
2563,SCARB1,0
2564,RELT,0
2565,MAPKAPK5,0
2566,RLIM,0
2567,MAPK1,0
2568,CATSPERE,0
2569,ZNF416,0
2570,UGT2B11,0
2571,DNAJB6,0
2572,PTGER2,0
2573,HARS1,0
2574,TXNRD3,0
2575,DOCK1,0
2576,H4C12,0
2577,NIP7,0
2578,ERMAP,0
2579,KIAA0319L,0
2580,CDO1,0
2581,P4HB,0
2582,RLBP1,0
2583,SGK1,0
2584,CYP26C1,0
2585,RSL1D1,0
2586,RHOG,0
2587,MIS12,0
2588,TEX10,0
2589,DDX3Y,0
2590,ALOX5,0
2591,SHLD1,0
2592,DLX5,0
2593,TNFRSF13B,0
2594,TRIB1,0
2595,LARP7,0
2596,FHL2,0
2597,RBMX,0
2598,RFESD,0
2599,NUDCD1,0
2600,UFD1,0
2601,DDX49,0
2602,F2R,0
2603,TNFRSF11B,0
2604,NEK10,0
2605,SHC3,0
2606,ATP6V1F,0
2607,KCNJ13,0
2608,GLP1R,0
2609,PSMA2,0
2610,STATH,0
2611,ZC3H4,0
2612,CIT,0
2613,DAOA,0
2614,EXOSC3,0
2615,ENSP00000480571,0
2616,FTSJ1,0
2617,NDUFS5,0
2618,SLC9A1,0
2619,GNA14,0
2620,GPX3,0
2621,NGDN,0
2622,HHEX,0
2623,MAP1A,0
2624,MOB4,0
2625,DNAJC18,0
2626,ALDH16A1,0
2627,CPT2,0
2628,GHSR,0
2629,AIRE,0
2630,CENPE,0
2631,ARPC1A,0
2632,ZNF664,0
2633,DST,0
2634,PIK3AP1,0
2635,ARID1A,0
2636,NOG,0
2637,NEB,0
2638,RSPH4A,0
2639,SQSTM1,0
2640,TATDN2,0
2641,MTFR2,0
2642,RELB,0
2643,CDH11,0
2644,AKR1C4,0
2645,GNG3,0
2646,ZPBP,0
2647,FBXO5,0
2648,ATL3,0
2649,GPR143,0
2650,SAR1B,0
2651,ATP6V1G3,0
2652,CSNK1A1,0
2653,FHL5,0
2654,GNG11,0
2655,EPCAM,0
2656,CD163,0
2657,SLC27A5,0
2658,WDR70,0
2659,PIK3R4,0
2660,PRPF40B,0
2661,CXCL11,0
2662,IFNA14,0
2663,PRKCE,0
2664,ZC3H8,0
2665,ETFA,0
2666,GADL1,0
2667,FBXW2,0
2668,KNL1,0
2669,C12orf65,0
2670,NR0B2,0
2671,ORM1,0
2672,SEC13,0
2673,ABCB6,0
2674,ACBD5,0
2675,CD274,0
2676,COL9A2,0
2677,IRF2,0
2678,AHSA1,0
2679,CELSR1,0
2680,HAND1,0
2681,CXCL13,0
2682,CRTAP,0
2683,NKG7,0
2684,EPGN,0
2685,WWTR1,0
2686,P2RX5,0
2687,ECPAS,0
2688,MUC1,0
2689,ORMDL3,0
2690,AP3S2,0
2691,RALGDS,0
2692,PEMT,0
2693,TRPV1,0
2694,TUSC2,0
2695,SPRR3,0
2696,AURKC,0
2697,PPIF,0
2698,GALNT18,0
2699,MRPL44,0
2700,CDH8,0
2701,ANOS1,0
2702,PRAMEF8,0
2703,VDAC2,0
2704,CCDC122,0
2705,SOX1,0
2706,AK9,0
2707,FRK,0
2708,TSPAN12,0
2709,COPA,0
2710,APBB3,0
2711,TNFRSF10A,0
2712,KAT14,0
2713,USP21,0
2714,GNB3,0
2715,GPR161,0
2716,SCRIB,0
2717,OXTR,0
2718,CD276,0
2719,MORC4,0
2720,OBSL1,0
2721,PHLDA2,0
2722,SPG21,0
2723,MEF2A,0
2724,SULT2A1,0
2725,P2RX2,0
2726,TNFRSF8,0
2727,CCL15,0
2728,DDX5,0
2729,BOLA3,0
2730,AKAP4,0
2731,NOTCH3,0
2732,SOCS3,0
2733,FBXO11,0
2734,RAB40A,0
2735,PSMB10,0
2736,FFAR3,0
2737,MLH3,0
2738,TAF1D,0
2739,B4GALT7,0
2740,SERTAD3,0
2741,TREM1,0
2742,TRIP10,0
2743,IL27RA,0
2744,FBLIM1,0
2745,ITGA4,0
2746,GRIN1,0
2747,UBE2L5,0
2748,RSRC1,0
2749,AK3,0
2750,CDRT4,0
2751,GALT,0
2752,E2F7,0
2753,KLRB1,0
2754,ANK1,0
2755,ATP5F1C,0
2756,RHBDL1,0
2757,WNT1,0
2758,BDH1,0
2759,CORT,0
2760,CD177,0
2761,SNPH,0
2762,GNL3,0
2763,SLC44A4,0
2764,BLK,0
2765,ATG16L1,0
2766,TCEA1,0
2767,CYP11B1,0
2768,PRLR,0
2769,SEMA3G,0
2770,ITGA5,0
2771,MB,0
2772,NAAA,0
2773,SLC22A13,0
2774,MYH7B,0
2775,MTAP,0
2776,APOO,0
2777,NMRK2,0
2778,BTAF1,0
2779,ZMYM2,0
2780,TAF10,0
2781,AIMP2,0
2782,FZD5,0
2783,ADCY5,0
2784,TIMM10B,0
2785,HSPB8,0
2786,RPS17,0
2787,STK17B,0
2788,CCND2,0
2789,AADAC,0
2790,P2RY11,0
2791,LOR,0
2792,KPNA2,0
2793,LSM7,0
2794,YY1,0
2795,RAB3IP,0
2796,PSMD10,0
2797,SPHK2,0
2798,NT5C,0
2799,ITSN1,0
2800,NCOA1,0
2801,CREBZF,0
2802,APOA5,0
2803,KCNJ11,0
2804,SFTPB,0
2805,PHAX,0
2806,INSM1,0
2807,NDUFS4,0
2808,IRF4,0
2809,YIF1A,0
2810,EPN3,0
2811,WDR74,0
2812,DERA,0
2813,TNFRSF6B,0
2814,AP1S2,0
2815,KCTD13,0
2816,ID1,0
2817,TBCE,0
2818,P2RX3,0
2819,CFL2,0
2820,CRYBB3,0
2821,MCOLN1,0
2822,NCF2,0
2823,ARID5B,0
2824,TGFA,0
2825,WFS1,0
2826,ACD,0
2827,RNF7,0
2828,DYNLT1,0
2829,OPTN,0
2830,POLR3GL,0
2831,GEMIN4,0
2832,GPC4,0
2833,LIG1,0
2834,LPIN3,0
2835,NDUFA13,0
2836,RNF135,0
2837,MAFA,0
2838,RB1CC1,0
2839,HMGCR,0
2840,BMPR1A,0
2841,SLAMF7,0
2842,MATR3,0
2843,CKS1B,0
2844,P2RX4,0
2845,UTP18,0
2846,NDN,0
2847,F3,0
2848,SLC25A20,0
2849,SCNN1G,0
2850,CST1,0
2851,OSCAR,0
2852,HOXA7,0
2853,MT-ND4,0
2854,NOP58,0
2855,DYNC1LI1,0
2856,CCNI,0
2857,NOA1,0
2858,CBX4,0
2859,PLXDC1,0
2860,BLZF1,0
2861,ATP8B1,0
2862,ERBIN,0
2863,GDI2,0
2864,TREX1,0
2865,BFSP2,0
2866,MZF1,0
2867,SYT13,0
2868,DIABLO,0
2869,KCNIP3,0
2870,ADCK1,0
2871,ATP8B3,0
2872,NEU4,0
2873,PSMC2,0
2874,STAT5B,0
2875,PDE11A,0
2876,LPO,0
2877,ZNF296,0
2878,CLASP1,0
2879,LARP4B,0
2880,LPAR1,0
2881,IGF1,0
2882,RMND5B,0
2883,CNIH2,0
2884,ARNT,0
2885,PRKD2,0
2886,TP53I11,0
2887,SPDYE11,0
2888,BPGM,0
2889,LUC7L,0
2890,GPATCH2L,0
2891,TGFBI,0
2892,C4B,0
2893,NCR2,0
2894,TRAP1,0
2895,EGF,0
2896,MRPS7,0
2897,ADH5,0
2898,POLR3C,0
2899,LSM12,0
2900,SNUPN,0
2901,BAMBI,0
2902,BCL2L2-PABPN1,0
2903,ZNF500,0
2904,NOX4,0
2905,CASP7,0
2906,MCM10,0
2907,EIF1,0
2908,GGT1,0
2909,GPATCH2,0
2910,RAB22A,0
2911,CCNDBP1,0
2912,ZDHHC9,0
2913,EXOC3L2,0
2914,MAPKAPK3,0
2915,MRPL48,0
2916,ENSP00000492220,0
2917,ORMDL1,0
2918,RAG1,0
2919,SLCO4A1,0
2920,FGF9,0
2921,MLLT3,0
2922,TAS2R16,0
2923,GPX8,0
2924,FUS,0
2925,SLC26A2,0
2926,ACBD3,0
2927,UBN1,0
2928,ADRA2B,0
2929,TSPAN32,0
2930,STX19,0
2931,GCHFR,0
2932,NUDT7,0
2933,CLN6,0
2934,TWIST2,0
2935,BMF,0
2936,VIPR1,0
2937,ZNF830,0
2938,SMARCA2,0
2939,ZDHHC8,0
2940,CSNK2B-2,0
2941,KPNA4,0
2942,EFHB,0
2943,UNC45B,0
2944,OTUD7A,0
2945,MED28,0
2946,DDC,0
2947,CWC15,0
2948,LINGO2,0
2949,WNT5A,0
2950,GPD1L,0
2951,TJP2,0
2952,CTNNBL1,0
2953,ADCY4,0
2954,MACF1,0
2955,AASDH,0
2956,OAT,0
2957,IL15RA,0
2958,DRD4,0
2959,RAP1B,0
2960,SLC9A3R2,0
2961,AKAP11,0
2962,COLEC12,0
2963,PTPN7,0
2964,FCRL4,0
2965,SENP8,0
2966,ATP5F1B,0
2967,PNLIPRP3,0
2968,ICAM2,0
2969,TIMP2,0
2970,SMARCA1,0
2971,PPIL2,0
2972,PRR14,0
2973,CTTNBP2NL,0
2974,HMGCL,0
2975,EIF4G1,0
2976,CAND2,0
2977,GLS2,0
2978,TPPP,0
2979,RGS16,0
2980,RABIF,0
2981,TNNC2,0
2982,FMO2,0
2983,PPP1R8,0
2984,UBR7,0
2985,VTI1B,0
2986,MOG,0
2987,DCSTAMP,0
2988,SEMA6D,0
2989,CD70,0
2990,SERGEF,0
2991,SAA2-SAA4,0
2992,NUP107,0
2993,NCOA2,0
2994,GLI1,0
2995,ASNS,0
2996,ADIPOQ,0
2997,KCNK5,0
2998,CCL14,0
2999,NSMAF,0
3000,SART1,0
3001,SELL,0
3002,DENND1A,0
3003,ACACA,0
3004,CRIPT,0
3005,SMARCC2,0
3006,PPAN,0
3007,FAM32A,0
3008,GLRX2,0
3009,NDUFB8,0
3010,CHD3,0
3011,LYN,0
3012,MAFG,0
3013,KITLG,0
3014,SRC,0
3015,MTNR1A,0
3016,EXTL3,0
3017,CREBBP,0
3018,WDR18,0
3019,TRMT10C,0
3020,OSTM1,0
3021,LGI4,0
3022,RSC1A1,0
3023,PYROXD1,0
3024,STS,0
3025,ERAL1,0
3026,ENTPD1,0
3027,SULT1A3,0
3028,LCT,0
3029,ZNF211,0
3030,RECQL,0
3031,KCNJ4,0
3032,KCNJ5,0
3033,PCDHB12,0
3034,MAPK8IP3,0
3035,INO80E,0
3036,ACSS1,0
3037,ZNF44,0
3038,RPH3AL,0
3039,CCR9,0
3040,SMC5,0
3041,RPL22L1,0
3042,KLHL8,0
3043,DECR1,0
3044,TIMM8A,0
3045,SMO,0
3046,ATRIP,0
3047,KIF2C,0
3048,PDHA1,0
3049,MTDH,0
3050,MYBBP1A,0
3051,GGA2,0
3052,SSH1,0
3053,GNG8,0
3054,VHL,0
3055,GK,0
3056,SGO2,0
3057,ADAMTS2,0
3058,MRPL36,0
3059,CTSG,0
3060,CHD4,0
3061,TPM1,0
3062,CD37,0
3063,BANP,0
3064,SERPINC1,0
3065,TNNI1,0
3066,IGFALS,0
3067,AK1,0
3068,SIRPA,0
3069,ACAA2,0
3070,TCF4,0
3071,H6PD,0
3072,MMRN1,0
3073,NDUFS8,0
3074,KRT16,0
3075,SLC9A3,0
3076,PAX3,0
3077,MYBL2,0
3078,SURF6,0
3079,TWF1,0
3080,EYA3,0
3081,ZSCAN10,0
3082,ALDH1A3,0
3083,DEFA3,0
3084,PRAMEF5,0
3085,PHB2,0
3086,KRT33B,0
3087,HNRNPC,0
3088,PAK4,0
3089,POM121,0
3090,GATM,0
3091,PIGY,0
3092,ID2,0
3093,ATG14,0
3094,ALDOA,0
3095,AZU1,0
3096,PRSS57,0
3097,GJD3,0
3098,METTL17,0
3099,UTRN,0
3100,TROAP,0
3101,RPL7A,0
3102,NFYC,0
3103,CLDN25,0
3104,MTMR1,0
3105,CPPED1,0
3106,STBD1,0
3107,CD226,0
3108,SLC25A4,0
3109,KRT9,0
3110,HBB,0
3111,TMEM43,0
3112,BTG2,0
3113,JADE1,0
3114,XPNPEP1,0
3115,MORC1,0
3116,NCAPH,0
3117,DBP,0
3118,BCAN,0
3119,SNRNP35,0
3120,LPCAT2,0
3121,NDUFB4,0
3122,SLC8A2,0
3123,PMF1,0
3124,RDH16,0
3125,PRR3,0
3126,MMP15,0
3127,KLHL40,0
3128,NAB1,0
3129,NLE1,0
3130,AKR1B10,0
3131,TPD52L2,0
3132,FAM163B,0
3133,RPL23A,0
3134,SLC27A1,0
3135,IRX4,0
3136,STX5,0
3137,PGC,0
3138,IGF2,0
3139,PSPH,0
3140,UQCRQ,0
3141,PAX2,0
3142,APC,0
3143,ACVR2A,0
3144,TAF7L,0
3145,SSU72P8,0
3146,PIBF1,0
3147,PGAM5,0
3148,HOXA6,0
3149,PHKG1,0
3150,UTF1,0
3151,NOP16,0
3152,TADA1,0
3153,TRIM22,0
3154,CLDN4,0
3155,SMURF2,0
3156,GAN,0
3157,DPM2,0
3158,RXYLT1,0
3159,PIGB,0
3160,PRKAB1,0
3161,ALG6,0
3162,HTR2B,0
3163,WIPI1,0
3164,VPS72,0
3165,RGS10,0
3166,MGST1,0
3167,ATG12,0
3168,RIPPLY2,0
3169,MRM3,0
3170,GNLY,0
3171,SLC27A4,0
3172,YTHDC1,0
3173,CATSPERZ,0
3174,RNF123,0
3175,NAA38,0
3176,RNASEK,0
3177,MMP1,0
3178,JOSD1,0
3179,ROS1,0
3180,LGR5,0
3181,ATP11B,0
3182,CTSD,0
3183,IER3,0
3184,HIC1,0
3185,GAGE2E,0
3186,PCDH12,0
3187,LAMTOR1,0
3188,NUDT9,0
3189,CALM2,0
3190,ENSP00000478249,0
3191,RAB35,0
3192,C16orf70,0
3193,HSD17B1,0
3194,DNAL4,0
3195,IL17RB,0
3196,FCHO2,0
3197,APEX1,0
3198,ENSP00000498408,0
3199,LOXL2,0
3200,CXCR4,0
3201,HEY1,0
3202,TLR10,0
3203,UTP11,0
3204,PFKP,0
3205,SLC17A6,0
3206,IFIT3,0
3207,HSDL2,0
3208,CAP1,0
3209,NKX6-2,0
3210,PCYT2,0
3211,ARFGAP1,0
3212,RGL1,0
3213,CLEC1B,0
3214,PPARD,0
3215,MMP3,0
3216,RGS2,0
3217,SCD,0
3218,BET1L,0
3219,GC,0
3220,VPS35,0
3221,SNCA,0
3222,HACD4,0
3223,TLK1,0
3224,VAPA,0
3225,PIF1,0
3226,PARN,0
3227,DLX2,0
3228,TNFRSF9,0
3229,COX16,0
3230,FOXD3,0
3231,MAPRE3,0
3232,MT-ND1,0
3233,STMN4,0
3234,SLC22A1,0
3235,CHUK,0
3236,TSR3,0
3237,SLC32A1,0
3238,NUP54,0
3239,RAB36,0
3240,PNISR,0
3241,EIF5A2,0
3242,RNPEP,0
3243,PRR4,0
3244,PSMA5,0
3245,H2BC8,0
3246,TRMT12,0
3247,ANAPC2,0
3248,ATP10B,0
3249,FBXL22,0
3250,BCAR1,0
3251,PFKFB2,0
3252,EIF3F,0
3253,SOD2-2,0
3254,PLCB3,0
3255,MAP3K13,0
3256,PABPN1L,0
3257,MT-ND3,0
3258,DHODH,0
3259,PLD2,0
3260,PKP2,0
3261,FPGS,0
3262,LRRC32,0
3263,H2BU1,0
3264,COG8,0
3265,SYMPK,0
3266,TRAPPC12,0
3267,BTK,0
3268,CREB3L4,0
3269,NTS,0
3270,SORBS2,0
3271,MAGEL2,0
3272,PIP,0
3273,GRHPR,0
3274,FASLG,0
3275,EI24,0
3276,PHYH,0
3277,DDX24,0
3278,NKD1,0
3279,DDX46,0
3280,LAG3,0
3281,CXCR3,0
3282,TIAL1,0
3283,GTF2H5,0
3284,UBA6,0
3285,PTRH2,0
3286,THYN1,0
3287,NDUFB7,0
3288,DSC2,0
3289,NLRP3,0
3290,DUSP7,0
3291,NFS1,0
3292,CCDC80,0
3293,HSBP1,0
3294,DLG4,0
3295,PUM3,0
3296,RETREG1,0
3297,CENPW,0
3298,PAX9,0
3299,VARS2,0
3300,NELFCD,0
3301,TAF11L3,0
3302,DNAJC7,0
3303,KRR1,0
3304,RFK,0
3305,AKAP3,0
3306,GHRL,0
3307,VGF,0
3308,PXMP4,0
3309,DNAJC15,0
3310,CELSR3,0
3311,LDHAL6A,0
3312,PAK3,0
3313,KLHL7,0
3314,INTS5,0
3315,SLC35A3,0
3316,RBM22,0
3317,MICAL1,0
3318,LIPA,0
3319,IL5,0
3320,FNBP1L,0
3321,TWSG1,0
3322,SLCO1A2,0
3323,MUC6,0
3324,RAB2A,0
3325,ZC3HAV1L,0
3326,DEFA4,0
3327,TET2,0
3328,F7,0
3329,DPPA3,0
3330,CHN2,0
3331,IL17F,0
3332,ATP6V0B,0
3333,RBM15B,0
3334,DPYSL4,0
3335,UBA5,0
3336,STAG3,0
3337,PPP2R3B,0
3338,IFI27,0
3339,XYLB,0
3340,TTC21B,0
3341,ATP6V1A,0
3342,GTF2H2,0
3343,PSME1,0
3344,GNGT1,0
3345,MVB12B,0
3346,AIM2,0
3347,GFM2,0
3348,COX6C,0
3349,MMUT,0
3350,PRMT8,0
3351,OMG,0
3352,CXCL8,0
3353,IKZF3,0
3354,TGM5,0
3355,ENSP00000499200,0
3356,ORC3,0
3357,ABCF2-2,0
3358,NCAPD3,0
3359,SLC11A1,0
3360,PHKA2,0
3361,TRIP6,0
3362,B3GAT1,0
3363,KIAA2012,0
3364,CDC25C,0
3365,CDK12,0
3366,ADH6,0
3367,SPG7,0
3368,PFN2,0
3369,PDGFB,0
3370,ACOT11,0
3371,NLRP6,0
3372,PDGFD,0
3373,CD44,0
3374,MRM2,0
3375,NUDT16,0
3376,CBX5,0
3377,CHMP5,0
3378,GTF2IRD1,0
3379,DYNLRB1,0
3380,GDF3,0
3381,ACTR1A,0
3382,ROPN1L,0
3383,HSP90AB1,0
3384,PRPS1,0
3385,MAPRE2,0
3386,MRPS12,0
3387,HGSNAT,0
3388,PDE4C-2,0
3389,DNAI1,0
3390,IDO2,0
3391,GATA1,0
3392,ARSB,0
3393,GABARAPL2,0
3394,NPDC1,0
3395,CENPO,0
3396,DRC3,0
3397,TOP1,0
3398,PAFAH1B2,0
3399,GRM1,0
3400,PTPN5,0
3401,OXCT2,0
3402,TRAF4,0
3403,RIN3,0
3404,ZFHX3,0
3405,MTRF1L,0
3406,KCNJ3,0
3407,TOMM70,0
3408,IRF1,0
3409,ASIC2,0
3410,CCL3L1,0
3411,MYO1C,0
3412,NSUN3,0
3413,DRD2,0
3414,EIF4B,0
3415,TAS2R10,0
3416,SPDYC,0
3417,DCAF8,0
3418,MOCS1,0
3419,TXNRD1,0
3420,TMEM59,0
3421,BID,0
3422,DBT,0
3423,GPX5,0
3424,MYH10,0
3425,ARHGDIA,0
3426,UBR1,0
3427,PYGM,0
3428,PDXK,0
3429,COL9A3,0
3430,HRG,0
3431,ZBTB24,0
3432,PHLPP2,0
3433,GTF3C5,0
3434,ENSP00000387111,0
3435,RUSC2,0
3436,BRCA1,0
3437,EXOC6B,0
3438,CLDN16,0
3439,SUGT1,0
3440,MRS2,0
3441,WDR4,0
3442,RPN2,0
3443,ATP6V0C,0
3444,CYP2C18,0
3445,TRMT10B,0
3446,KIF2B,0
3447,CENPA,0
3448,HTR1A,0
3449,KCNIP4,0
3450,LILRB2,0
3451,APLF,0
3452,ATP8B4,0
3453,DNASE2,0
3454,AGXT2,0
3455,TUBB,0
3456,HLA-F,0
3457,CYB5R3,0
3458,FCER1A,0
3459,UGT1A7,0
3460,POLR1A,0
3461,CHMP4B,0
3462,KLHL13,0
3463,DPP4,0
3464,RPS10,0
3465,LPCAT4,0
3466,USPL1,0
3467,UFM1,0
3468,PADI4,0
3469,KCNN2,0
3470,VAC14,0
3471,HMMR,0
3472,HLA-DQB2,0
3473,CCND3,0
3474,TFIP11,0
3475,TP53I3,0
3476,SNX5,0
3477,EXOC2,0
3478,POLR2E,0
3479,CXCL5,0
3480,UBE2T,0
3481,LDHA,0
3482,GNAI3,0
3483,NRAS,0
3484,SRFBP1,0
3485,COL15A1,0
3486,PLIN3,0
3487,HLA-DRB1,0
3488,IL17RC,0
3489,PLAAT3,0
3490,MED7,0
3491,SLAMF6,0
3492,WDR25,0
3493,CDC26,0
3494,MUC5B,0
3495,AMPD2,0
3496,PDIA5,0
3497,S100A12,0
3498,STRIP1,0
3499,A1CF,0
3500,GREM2,0
3501,EIF2AK2,0
3502,NKX2-2,0
3503,LRWD1,0
3504,ASIC3,0
3505,RNF166,0
3506,FBXL17,0
3507,SCN4B,0
3508,PICK1,0
3509,EIF3M,0
3510,CDH9,0
3511,MSTN,0
3512,CRYGN,0
3513,LAMTOR4,0
3514,ABCC2,0
3515,IMMP2L,0
3516,COL12A1,0
3517,KREMEN2,0
3518,SPC24,0
3519,C19orf44,0
3520,WSB1,0
3521,SCGB2A1,0
3522,ITPR2,0
3523,SPATA20,0
3524,GIMAP6,0
3525,GALNT1,0
3526,PLA2G7,0
3527,DDX42,0
3528,TGFBR3,0
3529,MEF2B,0
3530,COQ8A,0
3531,FBXO36,0
3532,ARHGAP1,0
3533,ADIPOR2,0
3534,FGF13,0
3535,BAG2,0
3536,AP2B1,0
3537,CKS2,0
3538,RARB,0
3539,CA14,0
3540,ATP6V0E1,0
3541,BUD23,0
3542,C9orf116,0
3543,AGRN,0
3544,DAPK3,0
3545,ANAPC15,0
3546,TARS2,0
3547,RENBP,0
3548,EIF2S3B,0
3549,PPIH,0
3550,MTUS1,0
3551,NUDT12,0
3552,ADRM1,0
3553,CKMT1B,0
3554,EIF3J,0
3555,DHX37,0
3556,SEC23A,0
3557,NDUFA9,0
3558,PLP1,0
3559,FBH1,0
3560,METAP2,0
3561,DCAF16,0
3562,FH,0
3563,ADCY3,0
3564,EPSTI1,0
3565,PELI1,0
3566,SCD5,0
3567,UPK3A,0
3568,SMC3,0
3569,PLPP2,0
3570,PDE4DIP,0
3571,PER3,0
3572,UNC5D,1
3573,RPP25,0
3574,BUB1,0
3575,NME6,0
3576,IGFBP5,0
3577,ICOS,0
3578,TBC1D5,0
3579,DHX34,0
3580,RAD9A,0
3581,ENSP00000490530,0
3582,CMKLR1,0
3583,POLE3,0
3584,MRPL24,0
3585,AIF1,0
3586,ABCA7,0
3587,CBY2,0
3588,PCYT1A,0
3589,DAAM2,0
3590,GNG4,0
3591,TAX1BP1,0
3592,STRADA,0
3593,PGAP1,0
3594,ADGRA1,0
3595,ADAM15,0
3596,SRRM2,0
3597,NPFFR2,0
3598,TCERG1,0
3599,IL7R,0
3600,DNAJC17,0
3601,PFN4,0
3602,KRT32,0
3603,SDHB,0
3604,SNRPG,0
3605,CASP5,0
3606,DAG1,0
3607,MT-CO3,0
3608,TIMM23B,0
3609,PPP3CC,0
3610,CD81,0
3611,SLBP,0
3612,TRA2A,0
3613,PRSS1,0
3614,GUCA1C,0
3615,PLEK2,0
3616,SETD3,0
3617,NUDT18,0
3618,PLAU,0
3619,FAF2,0
3620,CTRB2,0
3621,CLOCK,0
3622,SLC26A1,0
3623,MMP7,0
3624,PARD6G,0
3625,ACO2,0
3626,SH3PXD2B,0
3627,LARS1,0
3628,ARNT2,0
3629,DYNC1H1,0
3630,MAD2L1,0
3631,SLC1A6,0
3632,WNT16,0
3633,CNOT8,0
3634,FST,0
3635,CHAT,0
3636,FBXO30,0
3637,GPR50,0
3638,ATG4C,0
3639,NDUFAF6,0
3640,ZNRF4,0
3641,PTGES2,0
3642,DUSP16,0
3643,TPCN2,0
3644,LFNG,0
3645,CALCA,0
3646,GSK3B,0
3647,CMTM5,0
3648,MOB2,0
3649,PACS2,0
3650,DGAT1,0
3651,ECHDC1,0
3652,VCP,0
3653,USHBP1,0
3654,AKNAD1,0
3655,ATP5MC3,0
3656,IGSF8,0
3657,RANBP10,0
3658,SLC11A2,0
3659,CDHR3,0
3660,PCOLCE2,0
3661,THBS1,0
3662,DPYSL5,0
3663,HOXB2,0
3664,RMI1,0
3665,ATF6,0
3666,KCNJ12,0
3667,CD63,0
3668,HNF1B,0
3669,DSG3,0
3670,PCOLCE,0
3671,PCDH7,0
3672,CLEC10A,0
3673,ERLIN1,0
3674,ASPN,0
3675,TAGLN2,0
3676,DCAF12,0
3677,ARIH1,0
3678,MAP4K5,0
3679,KBTBD8,0
3680,CAD,0
3681,PSMB6,0
3682,DHX15,0
3683,NXF2,0
3684,DUOX2,0
3685,SCGB2A2,0
3686,CWF19L1,0
3687,ADAM11,0
3688,UBE4A,0
3689,HECA,0
3690,CEPT1,0
3691,POLR2J3,0
3692,VCX2,0
3693,NAPB,0
3694,CCL7,0
3695,ZNF501,0
3696,PLAC8,0
3697,PRMT5,0
3698,DEPDC5,0
3699,ZEB1,0
3700,PYGB,0
3701,POLR1C,0
3702,RAB11B,0
3703,NFKBIB,0
3704,SPDL1,0
3705,GABRA1,0
3706,EXOC3L4,0
3707,CREM,0
3708,SRSF7,0
3709,ENTPD8,0
3710,GNG5,0
3711,MAGED1,0
3712,TKTL2,0
3713,FBXL3,0
3714,DSPP,0
3715,DNAJC11,0
3716,DMRT1,0
3717,FBLN5,1
3718,PLEKHA5,0
3719,RALB,0
3720,FDX2,0
3721,RFNG,0
3722,HSPA2,0
3723,UTP15,0
3724,C19orf25,0
3725,CACNA1F,0
3726,MRPL1,0
3727,APOE,1
3728,CDK5R1,0
3729,TERF2IP,0
3730,RABEP1,0
3731,SFTPA1,0
3732,BBS7,0
3733,SRRT,0
3734,BRD9,0
3735,SUPT5H,0
3736,RBSN,0
3737,COPG2,0
3738,PPME1,0
3739,CHAMP1,0
3740,SKP1,0
3741,POT1,0
3742,HS2ST1,0
3743,MET,0
3744,TF,0
3745,KRTAP13-3,0
3746,GSTM1,0
3747,POLE2,0
3748,FGF1,0
3749,ESPN,0
3750,LTB4R,0
3751,RFX5,0
3752,OPN4,0
3753,DSG1,0
3754,ITGAM,0
3755,GRIN2D,0
3756,GRIN3A,0
3757,ENG,1
3758,GPD1,0
3759,PFKFB1,0
3760,ADI1,0
3761,BLVRB,0
3762,USP15,0
3763,SHISA9,0
3764,HBG1,0
3765,RASSF7,0
3766,DHX9,0
3767,CSF1,0
3768,PKD1,0
3769,SAMM50,0
3770,NANOG,0
3771,CA12,0
3772,ZEB2,0
3773,CFAP161,0
3774,F10,0
3775,MRPS11,0
3776,NPHP1,0
3777,PRNP,0
3778,KCNE2,0
3779,KIFC1,0
3780,RD3,0
3781,GCG,0
3782,CCNC,0
3783,BBS9,0
3784,HTR1B,0
3785,DYNC1I2,0
3786,RSAD1,0
3787,C9orf16,0
3788,RB1,0
3789,INHA,0
3790,CS,0
3791,ABCB8,0
3792,RAPSN,0
3793,VIRMA,0
3794,CDC42EP5,0
3795,DIP2C,0
3796,DSC1,0
3797,LCMT1,0
3798,FZD3,0
3799,ADPGK,0
3800,CNTF,0
3801,NOP14,0
3802,PHB,0
3803,IHH,0
3804,RPL28,0
3805,MAPKAP1,0
3806,OSCP1,0
3807,NDUFB10,0
3808,TNFRSF4,0
3809,NECTIN3,0
3810,NACAD,0
3811,GEMIN7,0
3812,GANAB,0
3813,SLC15A3,0
3814,CRPPA,0
3815,CFL1,0
3816,H2AC16,0
3817,MRPS18A,0
3818,ACTB,0
3819,CX3CR1,0
3820,ZNF346,0
3821,PTPN22,0
3822,DEFA6,0
3823,SRP9,0
3824,PTPN13,0
3825,CHRM5,0
3826,DNHD1,0
3827,SYNGAP1,0
3828,TOMM6,0
3829,CEACAM1,0
3830,CLNS1A,0
3831,KRT20,0
3832,GAS2,0
3833,APOC3,0
3834,ADCY2,0
3835,RPS15A,0
3836,TNFRSF14,0
3837,SRSF6,0
3838,TMPRSS9,0
3839,TACC3,0
3840,ILF2,0
3841,BLMH,0
3842,OCSTAMP,0
3843,DALRD3,0
3844,COX7A1,0
3845,FEM1B,0
3846,FBP1,0
3847,MRPL38,0
3848,PIK3CG,0
3849,SLC7A9,0
3850,NMD3,0
3851,WNT7B,0
3852,RBM28,0
3853,POLR1E,0
3854,CMC4,0
3855,NPFFR1,0
3856,GABPB1,0
3857,SREBF1,0
3858,DNTTIP2,0
3859,KAT7,0
3860,FBXW4,0
3861,CXCR6,0
3862,ITGA2B,0
3863,HMBS,0
3864,ASIP,0
3865,POLR3F,0
3866,OTUB1,0
3867,TNFAIP6,0
3868,UBE2F,0
3869,TNFRSF21,0
3870,YOD1,0
3871,CYP27C1,0
3872,GBP5,0
3873,MAP3K1,0
3874,TPP1,0
3875,CHMP4A,0
3876,ITIH4,0
3877,SAP30,0
3878,BYSL,0
3879,PHKA1,0
3880,SLC12A1,0
3881,ANXA2,0
3882,PRM1,0
3883,TRO,0
3884,FYB1,0
3885,KIT,0
3886,SPI1,0
3887,TMEM109,0
3888,CCN2,0
3889,PNPLA7,0
3890,AP4S1,0
3891,MYH13,0
3892,HM13,0
3893,PNMA2,0
3894,TH,0
3895,GH1,0
3896,KCNN3,0
3897,P2RY1,0
3898,PHF10,0
3899,LEAP2,0
3900,CNOT11,0
3901,TCIRG1,0
3902,ACTG2,0
3903,CREB3L2,0
3904,CXCR1,0
3905,TRIB3,0
3906,HIP1R,0
3907,TLL2,0
3908,CYSLTR2,0
3909,GZMH,0
3910,SSBP1,0
3911,CENPN,0
3912,CTNND2,0
3913,CMPK1,0
3914,SLC12A2,0
3915,FOXC2,0
3916,BBS10,0
3917,GGCX,0
3918,RCN1,0
3919,BECN1,0
3920,P2RY8,0
3921,YJU2,0
3922,WTAP,0
3923,FAXDC2,0
3924,H2BC13,0
3925,SMC4,0
3926,FBXL14,0
3927,P2RX7,0
3928,AMELX,0
3929,CACNA2D1,0
3930,LMOD2,0
3931,CTR9,0
3932,GAMT,0
3933,CCPG1,0
3934,SCAF1,0
3935,GAD1,0
3936,KCNQ1,0
3937,GMNN,0
3938,RNF113A,0
3939,APLN,0
3940,RBM15,0
3941,GTF2A1L,0
3942,IRF3,0
3943,FADS1,0
3944,MYOZ2,0
3945,HLA-B,0
3946,SNRPE,0
3947,SCNN1A,0
3948,ULBP2,0
3949,FBXO22,0
3950,IMPAD1,0
3951,SMARCD3,0
3952,KCTD9,0
3953,SLC39A1,0
3954,H2BC9,0
3955,C7orf25,0
3956,POU2F2,0
3957,AMMECR1,0
3958,HPS4,0
3959,PNPO,0
3960,NME3,0
3961,ASB10,0
3962,KIAA1671,0
3963,WNT5B,0
3964,STAT1,0
3965,CCDC121,0
3966,XPNPEP2,0
3967,ASB7,0
3968,WNT10A,0
3969,POLB,0
3970,FGF7,0
3971,C5AR2,0
3972,PRKD3,0
3973,PDP1,0
3974,H4C2,0
3975,SPINK2,0
3976,WASL,0
3977,ALDOB,0
3978,CLCNKA,0
3979,OPLAH,0
3980,GLUD2,0
3981,P3H3,0
3982,ACSS2,0
3983,PPAN-P2RY11,0
3984,SYNJ2,0
3985,PBLD,0
3986,BHMT,0
3987,CEP41,0
3988,L1CAM,0
3989,GNPTAB,0
3990,CCR3,0
3991,PBDC1,0
3992,PABPC3,0
3993,SCG3,0
3994,CHDH,0
3995,CCDC92,0
3996,HAGH,0
3997,PEA15,0
3998,TNP1,0
3999,SAA2,0
4000,CHP2,0
4001,CCL20,0
4002,H2AC6,0
4003,SCP2,0
4004,SQLE,0
4005,HAND2,0
4006,ATP5F1A,1
4007,RPL36A,0
4008,CCL28,0
4009,RANBP17,0
4010,VARS1,0
4011,LRR1,0
4012,KAT6B,0
4013,SLC30A3,0
4014,ROBO2,0
4015,PDZK1,0
4016,HKDC1,0
4017,KCNE3,0
4018,KISS1R,0
4019,RHPN1,0
4020,TPTEP2-CSNK1E,0
4021,RHOV,0
4022,PLA2G3,0
4023,DCLRE1C,0
4024,FGA,0
4025,STX17,0
4026,MORC2,0
4027,IAPP,0
4028,THOC5,0
4029,CD47,0
4030,RNPS1,0
4031,KDM5B,0
4032,CACNG4,0
4033,SHISA7,0
4034,PPP3CB,0
4035,ATP23,0
4036,CRHR1,0
4037,CP,0
4038,MED4,0
4039,ZNF683,0
4040,F11R,0
4041,CD300C,0
4042,PLPP5,0
4043,RSPH14,0
4044,COPZ1,0
4045,VCX,0
4046,DQX1,0
4047,LRP6,0
4048,OXNAD1,0
4049,MEF2D,0
4050,SAT1,0
4051,RASSF1,0
4052,HCK,0
4053,CSF3R,0
4054,P2RY6,0
4055,ITGB4,0
4056,BCL7C,0
4057,RBM42,0
4058,PEBP4,0
4059,TNFSF14,0
4060,CATSPER4,0
4061,H2AX,0
4062,PPP2R5A,0
4063,GTF3C6,0
4064,CENPV,0
4065,PARP9,0
4066,TFAP4,0
4067,RBFA,0
4068,HNRNPH1,0
4069,SERPINA3,0
4070,TMPRSS3,0
4071,PKN1,0
4072,P3H4,0
4073,STAT5A,0
4074,STXBP2,0
4075,MPHOSPH10,0
4076,INVS,0
4077,TCF12,0
4078,GP6,0
4079,KPNA1,0
4080,HLA-DQA1,0
4081,LAGE3,0
4082,MXD1,0
4083,SPCS1,0
4084,GINS2,0
4085,FBXW7,0
4086,SNTG2,0
4087,ZNHIT1,0
4088,IQGAP2,0
4089,SPDYA,0
4090,CLIC4,0
4091,CHST10,0
4092,SLC38A3,0
4093,SPTAN1,0
4094,PROC,0
4095,GTF3C1,0
4096,AMH,0
4097,NOB1,0
4098,UBA52,0
4099,SLC18A2,0
4100,ZFP91,0
4101,IL18,0
4102,RIPOR3,0
4103,IFITM3,0
4104,TOP2B,0
4105,PRSS3,0
4106,WDR26,0
4107,SPAG8,0
4108,FOXJ2,0
4109,RNF5,0
4110,OAS1,0
4111,CLDN12,0
4112,SP1,0
4113,SLIT2,0
4114,ELF3,0
4115,HELT,0
4116,NME4,0
4117,CHRM2,0
4118,IFNG,0
4119,KCNH8,0
4120,TBL3,0
4121,NFATC3,0
4122,NGEF,0
4123,PRPF38A,0
4124,IFT57,0
4125,CREB1,0
4126,NOC4L,0
4127,METTL16,0
4128,CA8,0
4129,ELL,0
4130,UPB1,0
4131,RIPK3,0
4132,EIF2D,0
4133,PIK3R1,0
4134,CSNK1E,0
4135,SRMS,0
4136,TAF11L9,0
4137,TIMM17B,0
4138,TMEM114,0
4139,PRAMEF26,0
4140,KRT10,0
4141,SARS2,0
4142,FSHB,0
4143,MTRR,0
4144,XAB2,0
4145,CPSF6,0
4146,MME,0
4147,SERPINB1,0
4148,FANCI,0
4149,CCDC124,0
4150,ELAVL1,0
4151,MOCOS,0
4152,ATF4,0
4153,PRAM1,0
4154,STK3,0
4155,MYDGF,0
4156,ATF1,0
4157,BRAF,0
4158,CSTF2T,0
4159,IL17A,0
4160,THBS2,0
4161,ACAT2,0
4162,RUNX1T1,0
4163,NHP2,0
4164,NLRP13,0
4165,GCNT1,0
4166,PUS10,0
4167,RIPK1,0
4168,RBP2,0
4169,PLAT,1
4170,NAA25,0
4171,CACNA1C,0
4172,LTO1,0
4173,ABCG8,0
4174,PIK3R5,0
4175,CXCL3,0
4176,EIF5A,0
4177,ANK3,0
4178,DCAF10,0
4179,DMAC2L,0
4180,ABCA4,0
4181,TNNI3,0
4182,CRYZL1,0
4183,COL13A1,0
4184,CALHM1,0
4185,RRS1,0
4186,CDK9,0
4187,LTBR,0
4188,ROPN1B,0
4189,HSPB1,0
4190,PIK3C3,0
4191,ACTG1,0
4192,NPM1,0
4193,ADAM17,0
4194,IGHD,0
4195,NXT1,0
4196,PTK6,0
4197,AICDA,0
4198,TRUB1,0
4199,GNPDA2,0
4200,AIP,0
4201,IFNA13,0
4202,AANAT,0
4203,FBXL13,0
4204,MIIP,0
4205,ENSP00000498801,0
4206,PSMD3,0
4207,OSMR,0
4208,F2RL1,0
4209,COQ3,0
4210,TFAM,0
4211,TUBA1C,0
4212,ELOC,0
4213,THAP7,0
4214,GRIA3,0
4215,GUK1,0
4216,MESD,0
4217,ATP5ME,0
4218,CCDC47,0
4219,ALDH18A1,0
4220,DYSF,0
4221,GNAT1,0
4222,TRIT1,0
4223,IL11,0
4224,EXOSC8,0
4225,CTCF,0
4226,TTLL6,0
4227,PXN,0
4228,RPS6,0
4229,TRMT61B,0
4230,ADAT1,0
4231,H2BE1,0
4232,FAU,0
4233,NDUFA7,0
4234,RBM39,0
4235,FBXO2,0
4236,SUMF1,0
4237,CXCL2,0
4238,PSME3IP1,0
4239,PPP2R1A,0
4240,PRCD,0
4241,SGMS1,0
4242,MAGI1,0
4243,VPS41,0
4244,MTRES1,0
4245,PSMD7,0
4246,PDIA2,0
4247,FMR1,0
4248,TRIM28,0
4249,MTOR,0
4250,WASF2,0
4251,UGT1A5,0
4252,SLPI,0
4253,KIF18B,0
4254,ENSP00000498010,0
4255,GSG1L,0
4256,EEF1E1,0
4257,TCN2,0
4258,RACGAP1,0
4259,PRRG1,0
4260,LIPC,0
4261,TGFBRAP1,0
4262,BCCIP,0
4263,CNOT1,0
4264,TDP1,0
4265,CNTFR,0
4266,RAD51C,0
4267,MRRF,0
4268,CSF2RB,0
4269,NMU,0
4270,UBE2K,0
4271,KRT5,0
4272,SENP7,0
4273,KCNJ2,0
4274,UBE2D2,0
4275,SSBP3,0
4276,MRPL15,0
4277,PEX11B,0
4278,VTA1,0
4279,UBQLN3,0
4280,TOMM40L,0
4281,MRPS30,0
4282,CCL16,0
4283,LY75-CD302,0
4284,CBR1,0
4285,ZNF207,0
4286,HLA-DQA2,0
4287,POTEB2,0
4288,NDUFAF7,0
4289,PUS1,0
4290,PHF21A,0
4291,SPAG1,0
4292,RBM5,0
4293,ADGRD1,0
4294,IRAK2,0
4295,SNRPA1,0
4296,BAZ1B,0
4297,ZMYND10,0
4298,FGFR1,1
4299,KEAP1,0
4300,MIER2,0
4301,DERL2,0
4302,WASF3,0
4303,NMNAT3,0
4304,ARF6,0
4305,DYRK1A,0
4306,SHC2,0
4307,HMGA2,0
4308,NDUFS6,0
4309,VAMP1,0
4310,DNMBP,0
4311,RBFOX3,0
4312,KYNU,0
4313,ISYNA1,0
4314,TTC30B,0
4315,FBXL6,0
4316,ARHGEF12,0
4317,SAFB2,0
4318,EXOSC6,0
4319,SRSF2,0
4320,GNL2,0
4321,PFN3,0
4322,HPN,0
4323,LRMDA,0
4324,MMP11,0
4325,GRB2,0
4326,TAF9,0
4327,AASS,0
4328,CDC7,0
4329,CORO1B,0
4330,TAB2,0
4331,UBE2V1,0
4332,CRYBB1,0
4333,ERBB4,0
4334,GLCCI1,0
4335,ADNP,0
4336,ESCO2,0
4337,SNRNP40,0
4338,AFTPH,0
4339,FOXH1,0
4340,ABCF2,0
4341,SCGN,0
4342,ATXN2,0
4343,HPGDS,0
4344,CD86,0
4345,DTNBP1,0
4346,BAG3,0
4347,PTGFRN,0
4348,TYK2,0
4349,SHPK,0
4350,PTPRC,0
4351,CCN1,0
4352,PPM1L,0
4353,POP1,0
4354,GINS3,0
4355,PCDH15,0
4356,BECN2,0
4357,WDR1,0
4358,PDE4C,0
4359,MLH1,0
4360,HSPH1,0
4361,H3C6,0
4362,MRPL18,0
4363,MED17,0
4364,KIAA1549L,0
4365,MRPL10,0
4366,CFAP77,0
4367,GP1BA,0
4368,AKT1,0
4369,SNX10,0
4370,EEFSEC,0
4371,ABCG2,0
4372,HBE1,0
4373,HFM1,0
4374,CD1A,0
4375,VPS26C,0
4376,BMPER,0
4377,RNF103,0
4378,K7EMT4_HUMAN,0
4379,SESN1,0
4380,STK17A,0
4381,PRKAR2B,0
4382,CCL4L2,0
4383,FBXL12,0
4384,STAB2,0
4385,CMTM6,0
4386,CSTF3,0
4387,NPY2R,0
4388,SLC25A41,0
4389,FGFBP2,0
4390,STOM,0
4391,WWOX,0
4392,SIK1,0
4393,GBF1,0
4394,PLB1,0
4395,ASIC1,0
4396,YBX1,0
4397,MRPL46,0
4398,SGCE,0
4399,EIF2B4,0
4400,MTIF2,0
4401,POSTN,0
4402,SPRR1B,0
4403,SRP72,0
4404,IP6K2,0
4405,DHCR7,0
4406,LYRM4,0
4407,NOC3L,0
4408,ECHS1,0
4409,HTR1E,0
4410,PSMC3,0
4411,TDRD7,0
4412,MOGS,0
4413,CNIH1,0
4414,TREH,0
4415,ZFPM1,0
4416,TRMT61A,0
4417,TRAF6,0
4418,HAPLN1,0
4419,WBP2,0
4420,ALG5,0
4421,GTPBP10,0
4422,UNC45A,0
4423,GABRA5,0
4424,WDYHV1,0
4425,PYCR2,0
4426,DDR1,0
4427,PCDHB5,0
4428,GAS2L1,0
4429,PDCL,0
4430,ANP32A,0
4431,LHX8,0
4432,MPP2,0
4433,RPLP2,0
4434,P2RX6,0
4435,HLA-DQB1,0
4436,DDX18,0
4437,TMEM38A,0
4438,NR1D1,0
4439,LTB,0
4440,ST6GALNAC2,0
4441,MRPL50,0
4442,PGD,0
4443,RBCK1,0
4444,RXFP4,0
4445,LSM10,0
4446,NASP,0
4447,COA6,0
4448,S100A10,0
4449,SNAP25,0
4450,PEX6,0
4451,LIN7C,0
4452,NOS2,0
4453,UBASH3B,0
4454,SRSF4,0
4455,RPS27,0
4456,TOMM5,0
4457,MOSPD2,0
4458,CHSY3,0
4459,MLN,0
4460,CALU,0
4461,ENSP00000497305,0
4462,ZNRF3,0
4463,ALDH4A1,0
4464,NR1I2,0
4465,STK38,0
4466,RND3,0
4467,CDX1,0
4468,PRDM4,0
4469,CHRNA3,0
4470,SSTR4,0
4471,BMI1,0
4472,MRPL45,0
4473,ALG3,0
4474,REXO1,0
4475,NMRAL1,0
4476,ADCYAP1R1,0
4477,RDH12,0
4478,SIRT6,0
4479,GSC2,0
4480,IGKV2D-29,0
4481,TECR,0
4482,ERI1,0
4483,GALNT9,0
4484,SPART,0
4485,CALB1,0
4486,SLIT1,0
4487,R3HDM4,0
4488,SARS2-2,0
4489,CXCL9,0
4490,FKRP,0
4491,PRAMEF10,0
4492,ALAS1,0
4493,NME1,0
4494,CXorf66,0
4495,MYL6,0
4496,UBASH3A,0
4497,PAK1,0
4498,PIGF,0
4499,UBE2N,0
4500,NTAN1,0
4501,ZNF469,0
4502,FITM2,0
4503,TCF3,0
4504,POU5F1,0
4505,PEX5L,0
4506,ATP5F1D,0
4507,DNAH8,0
4508,CTNNA3,0
4509,HAO2,0
4510,ARSG,0
4511,CFAP206,0
4512,TNFRSF10C,0
4513,IFI35,0
4514,GTF2A1,0
4515,PAM,0
4516,ACSL1,0
4517,RPAP2,0
4518,SLC26A4,0
4519,DVL3,0
4520,TRAPPC8,0
4521,MRPL41,0
4522,AZGP1,0
4523,SF3B3,0
4524,DUS1L,0
4525,CDH17,0
4526,ALG12,0
4527,WIPF1,0
4528,KL,0
4529,CD28,0
4530,AKAP1,0
4531,CD2AP,0
4532,PLCE1,0
4533,KLHL12,0
4534,EPOR,0
4535,PIR,0
4536,THG1L,0
4537,AMFR,0
4538,CEACAM5,0
4539,VWF,0
4540,GANC,0
4541,SMAD1,0
4542,MTX1,0
4543,KDM1A,0
4544,UGT1A6,0
4545,HLA-DOA,0
4546,AKR1C1,0
4547,DACH1,0
4548,RRAGD,0
4549,NT5C1A,0
4550,HDHD3,0
4551,RALBP1,0
4552,APOA4,0
4553,COL16A1,0
4554,COX7C,0
4555,SNRPA,0
4556,RCAN3,0
4557,WDR77,0
4558,ESPL1,0
4559,ACR,0
4560,BIRC7,0
4561,COL6A3,0
4562,UBA1,0
4563,M6PR,0
4564,DIAPH2,0
4565,MRPS10,0
4566,GAGE2A,0
4567,FCGR2A,0
4568,PSMD4,0
4569,H4C6,0
4570,RNF2,0
4571,ING2,0
4572,DNAJB11,0
4573,CYP7B1,0
4574,MED6,0
4575,ALDH1A1,0
4576,CR2,0
4577,LSM14A,0
4578,CEP290,0
4579,C7,0
4580,SQOR,0
4581,CCL17,0
4582,LDB3,0
4583,MXD4,0
4584,EPHB3,0
4585,TAF1C,0
4586,COX17,0
4587,INO80,0
4588,CSTA,0
4589,DCUN1D3,0
4590,USF1,0
4591,CD79B,0
4592,VPS52,0
4593,CLRN1,0
4594,DLG3,0
4595,OCLN,0
4596,NPY,0
4597,FBXO7,0
4598,CD200R1,0
4599,RNF4,0
4600,RBP3,0
4601,FAM3B,0
4602,UNC13A,0
4603,SCAF8,0
4604,PRAMEF1,0
4605,BRIP1,0
4606,CIDEB,0
4607,TLN1,0
4608,CHRM3,0
4609,HHATL,0
4610,HMGCS1,0
4611,KLHDC3,0
4612,ACIN1,0
4613,NUP35,0
4614,ENY2,0
4615,HSPB2,0
4616,MRE11,0
4617,TRNT1,0
4618,BCL2,0
4619,PTPRJ,0
4620,RANBP2,0
4621,CYTH3,0
4622,NRG2,0
4623,ARHGDIB,0
4624,RPS21,0
4625,EXOC8,0
4626,MFF,0
4627,OPN1MW,0
4628,CHRNA5,0
4629,SDHD,0
4630,GSTA2,0
4631,MCTS1,0
4632,PTPN3,0
4633,C5AR1,0
4634,TMEM249,0
4635,TRIM29,0
4636,MCEE,0
4637,COG7,0
4638,FSTL1,0
4639,LAMTOR5,0
4640,FGR,0
4641,UCK1,0
4642,ACKR3,0
4643,ENO2,0
4644,FOXP3,0
4645,H4C11,0
4646,RHBDL2,0
4647,BMP5,0
4648,IDH1,0
4649,RXRA,0
4650,EXOC1L,0
4651,MPI,0
4652,GOLIM4,0
4653,GPX4,0
4654,SMOC1,0
4655,WHRN,0
4656,RAB5B,0
4657,KLHDC10,0
4658,PIGT,0
4659,RPL3L,0
4660,ESCO1,0
4661,DARS1,0
4662,CTSA,0
4663,AP2A2,0
4664,CPS1,0
4665,MOK,0
4666,ADAM9,0
4667,IQGAP1,0
4668,SCAND1,0
4669,PLA2G4A,0
4670,CASTOR1,0
4671,MT4,0
4672,PARD3,0
4673,FTO,0
4674,PRAMEF2,0
4675,FKBP1C,0
4676,TRAF3,0
4677,DAB1,0
4678,ITK,0
4679,MTMR9,0
4680,PMM1,0
4681,SOST,0
4682,MTMR14,0
4683,TGFBR2,1
4684,PXDN,0
4685,BCL2L13,0
4686,LPCAT3,0
4687,LMCD1,0
4688,DKC1,0
4689,TMA16,0
4690,GNB4,0
4691,PPP1R15A,0
4692,PSMC6,0
4693,NRIP1,0
4694,CLIP2,0
4695,IARS2,0
4696,KLRF2,0
4697,ALDH3B1,0
4698,DHX35,0
4699,PPP1CA,0
4700,PLXNB1,0
4701,CLMP,0
4702,ALDH3B2,0
4703,UBE4B,0
4704,VLDLR,0
4705,MAGEC2,0
4706,MRPS14,0
4707,ZKSCAN3,0
4708,UGT1A1,0
4709,BAIAP2L1,0
4710,ZFP36,0
4711,APOBEC3D,0
4712,BICDL1,0
4713,NRP2,0
4714,GPN3,0
4715,PTK2B,0
4716,IL22,0
4717,DMP1,0
4718,NDUFS1,0
4719,PPBP,0
4720,DGUOK,0
4721,PEX19,0
4722,PARP16,0
4723,PRDM2,0
4724,GLRA2,0
4725,ATP1B2,0
4726,PRPH,0
4727,NPAS2,0
4728,NEDD4L,0
4729,GTF2H4,0
4730,HSPB6,0
4731,DNAJC12,0
4732,ACADS,0
4733,PSMB9,0
4734,BCAS3,0
4735,KRT15,0
4736,UBE2J1,0
4737,GNL1,0
4738,CDK3,0
4739,LAMC1,0
4740,MSI2,0
4741,SYTL5,0
4742,TRAF7,0
4743,SCT,0
4744,KLHDC1,0
4745,KNSTRN,0
4746,IWS1,0
4747,NAIP,0
4748,AMOT,0
4749,JAK3,0
4750,NOSTRIN,0
4751,MADCAM1,0
4752,BMS1,0
4753,LTN1,0
4754,IFITM5,0
4755,GPT,0
4756,IREB2,0
4757,STX2,0
4758,TADA2B,0
4759,ALOXE3,0
4760,GFER,0
4761,NUPR1,0
4762,NUDC,0
4763,CD74,0
4764,TAF1B,0
4765,DUT,0
4766,CD80,0
4767,SPCS3,0
4768,EREG,0
4769,RAD51,0
4770,PPP2R5D,0
4771,XPO6,0
4772,ENSP00000496982,0
4773,HAUS8,0
4774,CDC42EP3,0
4775,POU3F2,0
4776,RAB6B,0
4777,IL32,0
4778,NUDT14,0
4779,FGF10,0
4780,DUSP6,0
4781,BEX3,0
4782,MVB12A,0
4783,GUSB,0
4784,TSSC4,0
4785,OLA1,0
4786,NEU2,0
4787,RRM2B,0
4788,EIF2S3,0
4789,MRPL22,0
4790,TBXT,0
4791,SEMA4A,0
4792,STRADB,0
4793,NIPSNAP1,0
4794,SCFD2,0
4795,C17orf97,0
4796,POLR3D,0
4797,SUPT3H,0
4798,ME1,0
4799,CA3,0
4800,TSEN54,0
4801,SLC35B4,0
4802,VPS4B,0
4803,KIF5A,0
4804,SLC25A6,0
4805,BNIP1,0
4806,PRICKLE4,0
4807,DCUN1D4,0
4808,TAF6L,0
4809,PRG3,0
4810,GOT1L1,0
4811,CSNK1D,0
4812,NBL1,0
4813,RFLNB,0
4814,KNTC1,0
4815,SPRR2B,0
4816,PLXNB3,0
4817,NEUROG1,0
4818,ZCWPW1,0
4819,TRIP4,0
4820,FAN1,0
4821,GNPDA1,0
4822,CLIP1,0
4823,PDE1B,0
4824,SYNJ1,0
4825,PABPC4L,0
4826,MLLT1,0
4827,CMPK2,0
4828,RPS4X,0
4829,ESAM,0
4830,CACNA1E,0
4831,CYP51A1,0
4832,CENPU,0
4833,MASTL,0
4834,PRH1,0
4835,RNASEH1,0
4836,DAPK2,0
4837,DNMT3A,0
4838,PRKG2,0
4839,ATP6V0A2,0
4840,AHR,0
4841,TRPV5,0
4842,AP1G2,0
4843,MRPL11,0
4844,BABAM2,0
4845,PARD6A,0
4846,ASAP1,0
4847,SFSWAP,0
4848,SWI5,0
4849,ZFP62,0
4850,SPAG9,0
4851,CTNND1,0
4852,MZB1,0
4853,IFNL1,0
4854,PARP2,0
4855,HENMT1,0
4856,CD3G,0
4857,ABI2,0
4858,AUP1,0
4859,SEMA3B,0
4860,SNX32,0
4861,EFNA5,0
4862,CAND1,0
4863,CKMT2,0
4864,SERPINB13,0
4865,BTLA,0
4866,ATP2B2,0
4867,APP,0
4868,HGFAC,0
4869,IVD,0
4870,MACROD2,0
4871,PLIN2,0
4872,MRPL19,0
4873,NR2F1,0
4874,SPACA9,0
4875,RUNX2,0
4876,IFNL3,0
4877,XBP1,0
4878,PPP1R13B,0
4879,VSX2,0
4880,MAP3K10,0
4881,UBL5,0
4882,HCLS1,0
4883,MTNR1B,0
4884,ADGRL1,0
4885,PRCP,0
4886,NEIL2,0
4887,IGFBP7,0
4888,APOBEC3C,0
4889,SNAPC1,0
4890,STAT6,0
4891,CDC25A,0
4892,UQCR11,0
4893,TFPT,0
4894,SUOX,0
4895,CLCN1,0
4896,TBX15,0
4897,JMJD4,0
4898,TP53INP1,0
4899,GH2,0
4900,ASB18,0
4901,REXO4,0
4902,TDGF1,0
4903,POLR2F,0
4904,CTAG1B,0
4905,GTF3C2,0
4906,TEKT2,0
4907,DHX32,0
4908,TLN2,0
4909,CYP27B1,0
4910,CLDN17,0
4911,MNDA,0
4912,BIN1,0
4913,OGN,0
4914,TXNIP,0
4915,PFN1,0
4916,PMS2,0
4917,LRPAP1,0
4918,SLC7A2,0
4919,DCUN1D1,0
4920,CSF2RA,0
4921,TK2,0
4922,ARPC3,0
4923,MRPL58,0
4924,CD6,0
4925,USF2,0
4926,AMBP,0
4927,WDR61,0
4928,LAT2,0
4929,V9GYH0_HUMAN,0
4930,MTHFD1,0
4931,HOXA11,0
4932,TNFRSF1B,0
4933,SIRT7,0
4934,FOXA2,0
4935,NUP50,0
4936,UTP4,0
4937,AOC1,0
4938,MDFI,0
4939,ZC3H15,0
4940,TNNC1,0
4941,MRPL23,0
4942,RNASE3,0
4943,PELI3,0
4944,TLE4,0
4945,OSBPL8,0
4946,KMO,0
4947,PIAS1,0
4948,MGA,0
4949,IL24,0
4950,GSN,0
4951,PRICKLE2,0
4952,PABPC4,0
4953,COPS5,0
4954,ALOX12B,0
4955,CASP4,0
4956,SARS1,0
4957,PSME3,0
4958,CINP,0
4959,MS4A4E,0
4960,RGS4,0
4961,MEP1A,0
4962,BTC,0
4963,YARS1,0
4964,DDX39A,0
4965,FCF1,0
4966,VPS36,0
4967,DCTN1,0
4968,PSG9,0
4969,RBM8A,0
4970,CALML5,0
4971,SLC35A1,0
4972,CCN4,0
4973,APPBP2,0
4974,IL10RA,0
4975,GDPGP1,0
4976,SORBS3,0
4977,NSUN4,0
4978,COL6A2,0
4979,EMC4,0
4980,ZCCHC17,0
4981,OTP,0
4982,GPBAR1,0
4983,FGF17,0
4984,PSMB11,0
4985,AFP,0
4986,SGSH,0
4987,PRMT7,0
4988,FRAT2,0
4989,PRPF31,0
4990,SPHK1,0
4991,ARSA,0
4992,TENT4B,0
4993,FRG1,0
4994,SCO2,0
4995,CLDN6,0
4996,LBP,0
4997,RPS12,0
4998,SPEN,0
4999,FIG4,0
5000,EEF2K,0
5001,CDC42BPA,0
5002,ZFP37,0
5003,CPSF4L,0
5004,FAM131B,0
5005,IDH3G,0
5006,ATP2A3,0
5007,IFNA16,0
5008,GET3,0
5009,SELENON,0
5010,TRIM27,0
5011,LAMA3,0
5012,CHAC2,0
5013,RBM17,0
5014,DAZAP2,0
5015,PRSS12,0
5016,CX3CL1,0
5017,CELF1,0
5018,GFI1,0
5019,GALNT16,0
5020,SMAD9,0
5021,RAD23A,0
5022,NELFB,0
5023,INTS7,0
5024,MGST3,0
5025,TRPV2,0
5026,MYLK2,0
5027,PSMC4,0
5028,CSAD,0
5029,NDUFS7,0
5030,BRS3,0
5031,ABCC3,0
5032,PSTPIP1,0
5033,PIANP,0
5034,HSDL1,0
5035,PAG1,0
5036,CAGE1,0
5037,UBE2D4,0
5038,DLG5,0
5039,GGCT,0
5040,SERPINH1,0
5041,SKIV2L,1
5042,EIF4E1B,0
5043,DAXX,0
5044,ZMAT5,0
5045,HMGB1,0
5046,FCHO1,0
5047,GBP2,0
5048,CADM1,0
5049,MAPK13,0
5050,MED22,0
5051,FBXW8,0
5052,LOC102724788,0
5053,BIRC6,0
5054,GFM1,0
5055,ENSP00000491073,0
5056,RPSA,0
5057,CD68,0
5058,CAPN15,0
5059,ACTR6,0
5060,NCOA4,0
5061,FZD9,0
5062,CYREN,0
5063,BACE1,0
5064,MBP,0
5065,L7N2F9_HUMAN,0
5066,ELOB,0
5067,CGRRF1,0
5068,OCM,0
5069,ZAP70,0
5070,CYB5R1,0
5071,MEP1B,0
5072,OLAH,0
5073,SOCS2,0
5074,QRSL1,0
5075,SH3YL1,0
5076,RANGRF,0
5077,NT5C3B,0
5078,CACHD1,0
5079,TSFM,0
5080,KBTBD7,0
5081,CLASRP,0
5082,TAS2R9,0
5083,TCHP,0
5084,CTLA4,0
5085,LAMC2,0
5086,CD151,0
5087,TULP3,0
5088,RAC1,0
5089,YKT6,0
5090,MYL10,0
5091,UBE2R2,0
5092,CPD,0
5093,UBXN1,0
5094,APOBEC1,0
5095,LAMB2,0
5096,MRPS24,0
5097,FABP6,0
5098,SOD3,0
5099,UCHL5,0
5100,MAPK12,0
5101,SGIP1,0
5102,NR1H4,0
5103,ST6GALNAC1,0
5104,RPL5,0
5105,ANKRD54,0
5106,DUSP5,0
5107,GYG1,0
5108,PML,0
5109,MYH1,0
5110,PSMD8,0
5111,FAM83D,0
5112,UPK3BL1,0
5113,NCBP1,0
5114,BTF3,0
5115,IGLL1,0
5116,CSNK2A2,0
5117,MAEA,0
5118,ADD2,0
5119,GADD45G,0
5120,CABYR,0
5121,CASK,0
5122,GRP,0
5123,NDUFA8,0
5124,ARMC7,0
5125,KCTD1,0
5126,PDLIM1,0
5127,IL23R,0
5128,KLF4,0
5129,SMPD4,0
5130,RAB26,0
5131,OARD1,0
5132,ENTPD6,0
5133,DGKB,0
5134,CC2D1A,0
5135,PITX1,0
5136,RAF1,0
5137,CALML3,0
5138,RBM45,0
5139,USP22,0
5140,EXTL2,0
5141,EME1,0
5142,MED31,0
5143,HOXA5,0
5144,WNT4,0
5145,TAF11,0
5146,FGF5,0
5147,LAIR1,0
5148,PARP3,0
5149,NPRL3,0
5150,BGLAP,0
5151,INPP5E,0
5152,C1orf158,0
5153,PSMD6,0
5154,MGAM2,0
5155,ID4,0
5156,NUP42,0
5157,TRAPPC6B,0
5158,SYN1,0
5159,TSNARE1,0
5160,UQCRFS1,0
5161,SPCS2,0
5162,OR10W1,0
5163,MUS81,0
5164,ADH1C,0
5165,RASL11A,0
5166,ZBTB17,0
5167,RELA,0
5168,ERBB2,0
5169,DCK,0
5170,MT1E,0
5171,MRPL37,0
5172,CRYBA4,0
5173,CENPT,0
5174,G6PC3,0
5175,GGPS1,0
5176,LY6E,0
5177,LGR4,0
5178,KDM6A,0
5179,STARD3NL,0
5180,CUL4B,0
5181,HABP2,0
5182,APMAP,0
5183,NKD2,0
5184,NOTCH1,0
5185,MMGT1,0
5186,SS18L1,0
5187,EAF2,0
5188,PSMD2,0
5189,WDR19,0
5190,CBX8,0
5191,ENPP7,0
5192,ALG10,0
5193,TOP1MT,0
5194,GOT2,0
5195,HOXD4,0
5196,PEX16,0
5197,ULK2,0
5198,PEX12,0
5199,STIP1,0
5200,FTL,0
5201,PER1,0
5202,TPK1,0
5203,GUF1,0
5204,POLD1,0
5205,MOB1A,0
5206,MBD3,0
5207,MT-ND6,0
5208,LRP1,0
5209,PPIB,0
5210,GTF2E2,0
5211,ARHGEF9,0
5212,ADAMTS12,0
5213,MRPL52,0
5214,DBF4B,0
5215,ATP6V1D,0
5216,HMGN2,0
5217,ASF1A,0
5218,OCA2,0
5219,PPIA,0
5220,HEATR5B,0
5221,RETN,0
5222,SP100,0
5223,SLC2A1,0
5224,PIK3C2G,0
5225,ASGR1,0
5226,TFAP2A,0
5227,CA9,0
5228,DUSP4,0
5229,HESX1,0
5230,LXN,0
5231,PLN,0
5232,BACH2,0
5233,ANKLE2,0
5234,HK2,0
5235,DTNB,0
5236,PSAP,0
5237,RMI2,0
5238,VCAN,0
5239,PPP1R12C,0
5240,KLF6,0
5241,SSH2,0
5242,MRTO4,0
5243,RGL3,0
5244,HDAC2,0
5245,SRPRA,0
5246,OXCT1,0
5247,TPSB2,0
5248,COQ8B,0
5249,SLC23A1,0
5250,ACTL6B,0
5251,TMEM131,0
5252,SPACA3,0
5253,VRK1,0
5254,RPL13,0
5255,HSPA4,0
5256,FAM161A,0
5257,KLHL18,0
5258,ZMAT2,0
5259,GPSM1,0
5260,APOBEC2,0
5261,VBP1,0
5262,BHMT2,0
5263,TNFRSF13C,0
5264,THEM4,0
5265,RCAN2,0
5266,MTO1,0
5267,SF3B4,0
5268,CDK19,0
5269,APLP2,0
5270,HOXB5,0
5271,MYEOV,0
5272,ELK3,0
5273,CYP2C19,0
5274,PDCD10,0
5275,CEBPA,0
5276,MTSS1,0
5277,DCUN1D2,0
5278,SMAD4,1
5279,FZD8,0
5280,TP53INP2,0
5281,RAB15,0
5282,LGSN,0
5283,CDC25B,0
5284,hCG_1984214,0
5285,SNAP47,0
5286,CENPX,0
5287,ELP2,0
5288,MIEF1-2,0
5289,GPX6,0
5290,EIF4EBP1,0
5291,NMRK1,0
5292,MLXIP,0
5293,NRG4,0
5294,ANKS3,0
5295,CCDC74B,0
5296,DOK2,0
5297,IL25,0
5298,PINK1,0
5299,P2RX1,0
5300,CCL24,0
5301,ATG3,0
5302,MAP3K8,0
5303,MAF1,0
5304,MRPS2,0
5305,NXF5,0
5306,RPL41,0
5307,ZWINT,0
5308,PHOX2B,0
5309,KDM6B,0
5310,NOTCH4,0
5311,SIRT5,0
5312,CLN3,0
5313,ZC3HC1,0
5314,KCNA7,0
5315,RFC5,0
5316,UBE2G2,0
5317,NOC2L,0
5318,PBRM1,0
5319,TANK,0
5320,SERPINE1,1
5321,FZD1,0
5322,RIMS1,0
5323,COPS2,0
5324,FGF23,0
5325,CYP2F1,0
5326,PRICKLE3,0
5327,MTTP,0
5328,FA2H,0
5329,ABCC4,0
5330,TRAPPC1,0
5331,TOP2A,0
5332,ELANE,0
5333,RC3H1,0
5334,CASTOR2,0
5335,TNPO2,0
5336,PARP8,0
5337,CEP97,0
5338,DET1,0
5339,ADD1,0
5340,CFLAR,0
5341,EWSR1,0
5342,COL5A2,0
5343,NUP133,0
5344,CLSPN,0
5345,TWNK,0
5346,RPP30,0
5347,NTF3,0
5348,FASN,0
5349,ACAD8,0
5350,MAOB,0
5351,USB1,0
5352,UMOD,0
5353,FBXL4,0
5354,NODAL,0
5355,PSMB2,0
5356,SLC16A3,0
5357,OGG1,0
5358,GALNT4,0
5359,ORC6,0
5360,POGZ,0
5361,RTF2,0
5362,ACADM,0
5363,TGOLN2,0
5364,KIFC2,0
5365,IL22RA1,0
5366,TIMM50,0
5367,EIF3I,0
5368,AP3B1,0
5369,POP4,0
5370,CCL22,0
5371,TYMS,0
5372,GTPBP3,0
5373,PDK2,0
5374,KRT3,0
5375,NR0B1,0
5376,DAB2,0
5377,HDAC5,0
5378,BIRC3,0
5379,PTEN,0
5380,EIF3B,0
5381,ATP5MGL,0
5382,ATP6V0E2,0
5383,CUL1,0
5384,ARNTL,0
5385,PTN,0
5386,COCH,0
5387,MFNG,0
5388,LEUTX,0
5389,PRSS16,0
5390,SIM1,0
5391,NEFL,0
5392,RAB3IL1,0
5393,STAG1,0
5394,ADCY7,0
5395,DHFR,0
5396,FCRLA,0
5397,CERT1,0
5398,MTX2,0
5399,FAM166B,0
5400,IGF2BP3,0
5401,SKA3,0
5402,SOX10,0
5403,RPLP0,0
5404,RP9,0
5405,NLRP1,0
5406,CXXC1,0
5407,C2,0
5408,MT-CO2,0
5409,MKS1,0
5410,HGD,0
5411,PPP1R3F,0
5412,OST4,0
5413,RPS6KB2,0
5414,CAB39L,0
5415,DDAH2,0
5416,ZNF513,0
5417,BCL2L10,0
5418,ITGA3,0
5419,PIGO,0
5420,USH2A,0
5421,CTNNBIP1,0
5422,NOS1AP,0
5423,DGKI,0
5424,EFNB3,0
5425,LSS,0
5426,RPL31,0
5427,CYP11A1,0
5428,STXBP5L,0
5429,CFHR5,0
5430,UBL4A,0
5431,COX8A,0
5432,COL4A4,0
5433,KCNE4,0
5434,ROBO1,0
5435,MOGAT1,0
5436,RPL21,0
5437,RPS3,0
5438,HNRNPD,0
5439,FKBP6,0
5440,CYP2E1,0
5441,CBX3,0
5442,IGHV3-72,0
5443,RHOA,0
5444,CASP8AP2,0
5445,SF3A1,0
5446,NUBPL,0
5447,NCL,0
5448,DDAH1,0
5449,NOBOX,0
5450,HSPA14,0
5451,TRAPPC6A,0
5452,NMNAT2,0
5453,KIAA1614,0
5454,HINFP,0
5455,C1QBP,0
5456,MAGOHB,0
5457,SMC1A,0
5458,SEC22B,0
5459,CYP2C8,0
5460,RPL15,0
5461,NRBF2,0
5462,PANX2,0
5463,NCOR1,0
5464,PXDNL,0
5465,IRF8,0
5466,DDX6,0
5467,GRIA2,0
5468,HUWE1,0
5469,GNAS,0
5470,NUP205,0
5471,SETD2,0
5472,SLC38A9,0
5473,INPP5A,0
5474,CARD8,0
5475,NDUFS3,0
5476,SYK,0
5477,EPN1,0
5478,C1orf194,0
5479,ITGA8,0
5480,OLIG2,0
5481,APIP,0
5482,SRGN,0
5483,OSBPL7,0
5484,MIS18BP1,0
5485,SNX6,0
5486,ECI1,0
5487,UQCRC2,0
5488,RNF111,0
5489,PDE3B,0
5490,PMAIP1,0
5491,SGO1,0
5492,RIBC2,0
5493,PCGF6,0
5494,PIK3CA,0
5495,PTPN21,0
5496,COL4A2,0
5497,MYF5,0
5498,DEGS1,0
5499,IL18BP,0
5500,SHMT1,0
5501,PLPP3,0
5502,MRPL9,0
5503,EIF2B5,0
5504,TUBB4B,0
5505,YWHAG,0
5506,RASD1,0
5507,NME2,0
5508,CCNO,0
5509,RALGPS2,0
5510,BMT2,0
5511,CLDN9,0
5512,ALOX5AP,0
5513,TIMMDC1,0
5514,RMND5A,0
5515,EFHC1,0
5516,NDUFB11,0
5517,TWF2,0
5518,SLC17A7,0
5519,UPK1B,0
5520,LEFTY2,0
5521,G3BP1,0
5522,COQ4,0
5523,FFAR1,0
5524,FRAT1,0
5525,EDNRB,0
5526,PGM3,0
5527,CDS1,0
5528,CENPH,0
5529,APBB2,0
5530,LDB2,0
5531,NLGN3,0
5532,EMCN,0
5533,NAXE,0
5534,IL23A,0
5535,UBB,0
5536,NAPA,0
5537,CPE,0
5538,APOBEC4,0
5539,ZC3H3,0
5540,SUPT7L,0
5541,EGLN1,0
5542,GNAL,0
5543,GLUD1,0
5544,DPM3,0
5545,SLC1A4,0
5546,LCAT,0
5547,HIRA,0
5548,TMED2,0
5549,BLNK,0
5550,HSPA8,0
5551,ARPIN,0
5552,SLC25A12,0
5553,GAS8,0
5554,UBQLN1,0
5555,SPINK1,0
5556,PPP4R2,0
5557,CAPNS1,0
5558,LHX4,0
5559,H2BC21,0
5560,PAK5,0
5561,SGMS2,0
5562,EXOSC5,0
5563,AQP10,0
5564,LIN7B,0
5565,TAS1R3,0
5566,EEF1A1,0
5567,UBE2G1,0
5568,RASIP1,0
5569,TBCC,0
5570,LCN2,0
5571,IFT43,0
5572,ETF1,0
5573,GLA,0
5574,NEXN,0
5575,HLA-DPA1,0
5576,BCAT1,0
5577,COX15,0
5578,GIPC3,0
5579,POLA1,0
5580,TTC27,0
5581,BRCA2,0
5582,BORA,0
5583,TUBB2B,0
5584,SEC11C,0
5585,CWF19L2,0
5586,CD244,0
5587,SMIM24,0
5588,MCCC1,0
5589,GFPT2,0
5590,GLIS3,0
5591,NSMF,0
5592,DIAPH3,0
5593,TEKT3,0
5594,TMEM106B,0
5595,SPX,0
5596,FBXO6,0
5597,EPHX2,0
5598,GALNT15,0
5599,NBAS,0
5600,PPP3R2,0
5601,FGFR2,0
5602,TAC1,0
5603,ITPK1,0
5604,RPF1,0
5605,MPL,1
5606,U2AF1,0
5607,AQR,0
5608,NFKBIE,0
5609,CLPB,0
5610,GRPR,0
5611,PMPCA,0
5612,PGM2,0
5613,AEBP2,0
5614,MATN1,0
5615,ATG10,0
5616,EDEM3,0
5617,AGK,0
5618,G6PD,0
5619,ATXN7-2,0
5620,FSTL3,0
5621,MAT2A,0
5622,TNFAIP1,0
5623,UBQLN4,0
5624,NOLC1,0
5625,VPS53,0
5626,PPP1R12B,0
5627,NIT2,0
5628,CCT6A,0
5629,UNC13B,0
5630,INTS3,0
5631,TMEM38B,0
5632,CBLN1,0
5633,UBE2C,0
5634,PLOD3,0
5635,SORL1,0
5636,LZTR1,0
5637,GYPA,0
5638,COL4A6,0
5639,STAC3,0
5640,PON1,0
5641,CHGA,0
5642,C8orf37,0
5643,ATP6V1E1,0
5644,USP45,0
5645,RGS11,0
5646,MND1,0
5647,DES,0
5648,C8G,0
5649,ACSF3,0
5650,TUT1,0
5651,GNAI2,0
5652,MYL12B,0
5653,PKN2,0
5654,RABGGTB,0
5655,PHF20,0
5656,MTHFD2,0
5657,DPPA4,0
5658,CTPS1,0
5659,NARS1,0
5660,MYO7B,0
5661,GCH1,0
5662,B4GALT6,0
5663,LUC7L3,0
5664,RNF125,0
5665,TAX1BP3,0
5666,HOXA3,0
5667,PRDX1,0
5668,SF3B6,0
5669,CDH23,0
5670,ZCCHC7,0
5671,CHD1,0
5672,HACL1,0
5673,EPHA3,0
5674,GEMIN5,0
5675,MED27,0
5676,CCT2,0
5677,PLCD3,0
5678,KCNG4,0
5679,AOC3,0
5680,ARL2,0
5681,HILPDA,0
5682,CMTM2,0
5683,NDC80,0
5684,CTPS2,0
5685,REN,0
5686,USP36,0
5687,DGKQ,0
5688,RAET1E,0
5689,H2AC11,0
5690,DNAJB12,0
5691,MED10,0
5692,XYLT1,0
5693,NEU3,0
5694,SURF1,0
5695,MRPL43,0
5696,ADH1B,0
5697,NNMT,0
5698,ENSP00000489910,0
5699,SUPT16H,0
5700,TG,0
5701,MYH14,0
5702,SF3A3,0
5703,NAPRT,0
5704,PARP10,0
5705,APTX,0
5706,HS3ST1,0
5707,TIGIT,0
5708,TPH2,0
5709,PRKAR1B,0
5710,HSPD1,0
5711,C1orf198,0
5712,RASA1,0
5713,GNG7,0
5714,NDUFC2,0
5715,CWC22,0
5716,GRXCR2,0
5717,HEPH,0
5718,RGS19,0
5719,PLEKHM2,0
5720,PIP5K1B,0
5721,NAGPA,0
5722,OSBP2,0
5723,H7C0S8_HUMAN,0
5724,SMARCD1,0
5725,FARS2,0
5726,KBTBD6,0
5727,ENSP00000491651,0
5728,BCKDHB,0
5729,ANGPTL8,0
5730,NFYB,0
5731,TFEB,0
5732,TGFB1,0
5733,ARPC2,0
5734,CTTNBP2,0
5735,CARD9,0
5736,PRIM1,0
5737,SUMF2,0
5738,FBXL20,0
5739,FKBP1B,0
5740,MTREX,0
5741,CCAR2,0
5742,NHLRC1,0
5743,GPR183,0
5744,RAD54L,0
5745,AQP3,0
5746,SMAD5,0
5747,BCL11B,0
5748,GAPDH,0
5749,PTPRN,0
5750,ARPC5L,0
5751,DDX3X,0
5752,PPP2R2A,0
5753,SLC23A2,0
5754,TAF2,0
5755,UBLCP1,0
5756,MON2,0
5757,STRN4,0
5758,PTPA,0
5759,ZFX,0
5760,GHRH,0
5761,NOX5,0
5762,VPREB1,0
5763,CNST,0
5764,TTC4,0
5765,GUCY2C,0
5766,SSR2,0
5767,RNF146,0
5768,OPRD1,0
5769,ACSL5,0
5770,RAB9A,0
5771,EFHC2,0
5772,CACNA2D2,0
5773,TSPY1,0
5774,ASTL,0
5775,IL3,0
5776,TERF1,0
5777,FOXE1,0
5778,CRYGS,0
5779,DAZAP1,0
5780,METTL14,0
5781,SELENOS,0
5782,MRPS25,0
5783,SLC6A2,0
5784,RHOB,0
5785,C12orf57,0
5786,MMP2,0
5787,RUVBL2,0
5788,EHD1,0
5789,PAPOLA,0
5790,CRYGC,0
5791,REPS2,0
5792,P4HA1,0
5793,IFI44L,0
5794,RYBP,0
5795,BAD,0
5796,NUP98,0
5797,LYST,0
5798,E7ENQ6_HUMAN,0
5799,NAPG,0
5800,SETD1A,0
5801,SLC17A8,0
5802,RIOK1,0
5803,TAPT1,0
5804,GCNT2,0
5805,RHOQ,0
5806,SLC9B2,0
5807,FBXO32,0
5808,STK10,0
5809,TIMELESS,0
5810,POLR2C,0
5811,USP10,0
5812,SETD4,0
5813,MRPL35,0
5814,PFKFB4,0
5815,FLT4,0
5816,RAB8A,0
5817,BTBD9,0
5818,CD82,0
5819,ZNF330,0
5820,RNASE2,0
5821,PABPC1L2A,0
5822,PRPF4,0
5823,MAPK11,0
5824,LIN28A,0
5825,RHO,0
5826,MMP10,0
5827,BIK,0
5828,EPHB4,0
5829,KCNAB1,0
5830,PAX7,0
5831,JAM3,0
5832,SPEF1,0
5833,DPF2,0
5834,CA1,0
5835,DNAH1,0
5836,DPAGT1,0
5837,GGT7,0
5838,GCDH,0
5839,TMSB4X,0
5840,MCHR1,0
5841,RPL26L1,0
5842,HSP90AA1,0
5843,SCML2,0
5844,PABPN1,0
5845,IFNA17,0
5846,CALML4,0
5847,NAT2,0
5848,NDUFAF3,0
5849,IGF1R,0
5850,AHSG,0
5851,ERCC2,0
5852,AREG,0
5853,ETS2,0
5854,FOXO3,0
5855,CNTN4,0
5856,GLDC,0
5857,LRRC47,0
5858,EEF2,0
5859,ISCU,0
5860,IFRD2,0
5861,GATAD2A,0
5862,CDH5,0
5863,SNRNP27,0
5864,SRF,0
5865,PTPRA,0
5866,WDR31,0
5867,CCNT1,0
5868,DOP1A,0
5869,RAB31,0
5870,MRM1,0
5871,WDR83OS,0
5872,ASCL2,0
5873,FBXL19,0
5874,ARID1B,0
5875,GAB2,0
5876,CLTA,0
5877,MNAT1,0
5878,GNB1,0
5879,ABAT,0
5880,CFAP53,0
5881,TLR2,0
5882,RHBDD1,0
5883,ACAP2,0
5884,PLXND1,0
5885,PAX5,0
5886,RPLP1,0
5887,DENND1B,0
5888,AR,0
5889,GUCY2F,0
5890,AFDN,0
5891,ARID4A,0
5892,CLCN6,0
5893,KCNE5,0
5894,ERC1,0
5895,PEG3,0
5896,HYKK,0
5897,FLII,0
5898,CCNE1,0
5899,TCEAL1,0
5900,CD79A,0
5901,GATC,0
5902,XPA,0
5903,ACTR3,0
5904,CACNB2,0
5905,MIS18A,0
5906,XDH,0
5907,IFNA10,0
5908,TBX1,0
5909,CAP2,0
5910,PSMA7,0
5911,PMCH,0
5912,SERPINF1,0
5913,CORO1A,0
5914,LSR,0
5915,VPS28,0
5916,SRA1,0
5917,RRP15,0
5918,AADAT,0
5919,POTEF,0
5920,LPIN2,0
5921,MYB,0
5922,CNIH4,0
5923,SEC31A,0
5924,CPLX3,0
5925,MYO15A,0
5926,RAMP2,0
5927,MPHOSPH6,0
5928,LACRT,0
5929,PLEC,0
5930,TNFSF4,0
5931,VWC2,0
5932,TSLP,0
5933,NIPA1,0
5934,TBCD,0
5935,ADRA1D,0
5936,SETX,0
5937,HORMAD1,0
5938,LSM5,0
5939,NCKIPSD,0
5940,MESP2,0
5941,CAB39,0
5942,PHF12,0
5943,H7C0C1_HUMAN,0
5944,COG4,0
5945,COL27A1,0
5946,PRKCI,0
5947,AMPD3,0
5948,FGF8,0
5949,XCL2,0
5950,NDUFA2,0
5951,STK36,0
5952,EPB41L1,0
5953,FGF21,0
5954,KANSL1,0
5955,ACAD11,0
5956,DKK4,0
5957,N4BP2L1,0
5958,AFF4,0
5959,BAK1,0
5960,FOPNL,0
5961,RPS6KA2,0
5962,RTN4R,0
5963,NUP210,0
5964,KRTDAP,0
5965,FMN2,0
5966,TREML1,0
5967,ATP1A1,0
5968,ORC4,0
5969,KMT2A,0
5970,CLEC7A,0
5971,ISY1-RAB43,0
5972,RHOU,0
5973,PAPPA,0
5974,JUNB,0
5975,HSPA1L,0
5976,SYPL1,0
5977,DAP3,0
5978,RALY,0
5979,RBPJL,0
5980,WWP2,0
5981,CCR2,0
5982,GZMM,0
5983,RHOD,0
5984,H2BC18,0
5985,ACTR5,0
5986,UTS2,0
5987,PPARG,0
5988,RGMB,0
5989,RPL7L1,0
5990,CDK7,0
5991,GALR2,0
5992,FOXA1,0
5993,PIK3R6,0
5994,IL9R,0
5995,LGALS3BP,0
5996,CD93,0
5997,PATL2,0
5998,APAF1,0
5999,TCF7L1,0
6000,ITFG2,0
6001,CD1C,0
6002,EDC4,0
6003,SOD1,0
6004,TAF11L7,0
6005,LRIF1,0
6006,CUTA,0
6007,H2AZ2,0
6008,CCT5,0
6009,CDX2,0
6010,MSH6,0
6011,SYNJ2BP,0
6012,ACOT4,0
6013,TNKS,0
6014,CDC5L,0
6015,LAMA5,0
6016,PPP1R12A,0
6017,VAPB,0
6018,EFNB2,0
6019,WIZ,0
6020,IRF2BP2,0
6021,TIMM44,0
6022,SCN1B,0
6023,BBS4,0
6024,STN1,0
6025,REELD1,0
6026,TRPC4AP,0
6027,DGCR6L,0
6028,PPP1R11,0
6029,CENPF,0
6030,FMN1,0
6031,U2AF2,0
6032,OSBPL5,0
6033,SLC1A1,0
6034,ADIPOR1,0
6035,UQCRB,0
6036,EXOC7,0
6037,PAFAH2,0
6038,ERVFRD-1,0
6039,DLGAP3,0
6040,HSPE1,0
6041,ELOA,0
6042,ENTPD3,0
6043,RPL37,0
6044,TBC1D25,0
6045,GSTM2,0
6046,HSD3B7,0
6047,PLCD4,0
6048,SP110,0
6049,CEL,0
6050,GUCY2D,0
6051,ZWILCH,0
6052,PPFIA3,0
6053,SENP2,0
6054,AIMP1,0
6055,ARF4,0
6056,POLR3B,0
6057,POLD3,0
6058,TCEAL2,0
6059,PDXP,0
6060,PTCD3,0
6061,RAD1,0
6062,MICU3,0
6063,PHLPP1,0
6064,ARRB2,0
6065,TPH1,0
6066,GLYAT,0
6067,EIF1AY,0
6068,NDUFAB1,0
6069,COMMD1,0
6070,ERCC6L,0
6071,NEIL1,0
6072,RPL3,0
6073,TMOD4,0
6074,DTWD2,0
6075,PRAMEF27,0
6076,MLNR,0
6077,PLEKHA4,0
6078,BBS5,0
6079,HAT1,0
6080,CDKN2A,0
6081,MAGEE1,0
6082,IL4I1,0
6083,PCBP1,0
6084,CYP3A4,0
6085,PI4K2B,0
6086,NSMCE2,0
6087,BMP1,0
6088,MRAS,0
6089,IL20RA,0
6090,PNO1,0
6091,IKZF1,0
6092,PDPR,0
6093,CYTH1,0
6094,AQP2,0
6095,NDUFV1,0
6096,PEG10,0
6097,IGLL5,0
6098,ARHGEF7,0
6099,GINS4,0
6100,TLR5,0
6101,POU5F1B,0
6102,SIAH1,0
6103,AFF3,0
6104,VSIR,0
6105,KISS1,0
6106,PPID,0
6107,PRM2,0
6108,TBX2,0
6109,IFIT1,0
6110,MSX2,0
6111,CLCA1,0
6112,CATSPER2,0
6113,KLF10,0
6114,HCCS,0
6115,RPL37A,0
6116,ZPR1,0
6117,PUS3,0
6118,XIRP2,0
6119,MSC,0
6120,MYSM1,0
6121,PMS1,0
6122,MRPL20,0
6123,CWC27,0
6124,CACNB3,0
6125,ABCC6,1
6126,TEKT4,0
6127,SBF2,0
6128,IDH3B,0
6129,TSGA10,0
6130,MRPS16,0
6131,EFCAB9,0
6132,TUFM,0
6133,CACNA1A,0
6134,CD27,0
6135,RGSL1,0
6136,HAUS5,0
6137,VRK2,0
6138,SRSF1,0
6139,SIL1,0
6140,PLD1,0
6141,FEM1C,0
6142,CIITA,0
6143,COL7A1,0
6144,CLDN11,0
6145,TRPC5,0
6146,MYOZ1,0
6147,SC5D,0
6148,RABAC1,0
6149,NSUN7,0
6150,CH25H,0
6151,IL27,0
6152,CCR5,0
6153,NKX6-1,0
6154,RPH3A,0
6155,PA2G4,0
6156,PGM2L1,0
6157,ITGA10,0
6158,SEC61G,0
6159,POP5,0
6160,KCNC1,0
6161,PWP1,0
6162,PSMA6,0
6163,DNA2,0
6164,SSTR3,0
6165,ZFYVE26,0
6166,EIF2AK4,0
6167,NR2E1,0
6168,FUT4,0
6169,SKAP2,0
6170,HNRNPA2B1,0
6171,EPO,0
6172,LAMB3,0
6173,MFSD8,0
6174,CD4,0
6175,AP2M1,0
6176,PSMD11,0
6177,WAPL,0
6178,EFTUD2,0
6179,GYG2,0
6180,L3HYPDH,0
6181,IFNA6,0
6182,PDZD11,0
6183,PIP5K1C,0
6184,USP14,0
6185,NTRK3,0
6186,H2AC15,0
6187,PCBD2,0
6188,PPFIBP1,0
6189,KCNQ4,0
6190,ITGB3BP,0
6191,PSMG1,0
6192,CLEC4G,0
6193,EVX1,0
6194,TYRO3,0
6195,MRPL2,0
6196,MED20,0
6197,NFE2L2,0
6198,TDG,0
6199,TRIP11,0
6200,CREBRF,0
6201,RRP1,0
6202,WNT3A,0
6203,ZFP36L1,0
6204,OAZ2,0
6205,RALA,0
6206,N6AMT1,0
6207,KIF23,0
6208,FBXL8,0
6209,SHLD2,0
6210,MYL6B,0
6211,PNPLA6,0
6212,NKIRAS1,0
6213,IL12A,0
6214,MRNIP,0
6215,GABRE,0
6216,CDH18,0
6217,TBL1XR1,0
6218,GALNT11,0
6219,SNAPC4,0
6220,GLMN,0
6221,H4C3,0
6222,RRAGC,0
6223,PAF1,0
6224,GIMAP2,0
6225,IGKV2D-28,0
6226,GP2,0
6227,APBA2,0
6228,RAB23,0
6229,MT-CYB,0
6230,R3HDML,0
6231,PPP3R1,0
6232,RBP4,0
6233,ECH1,0
6234,INSM2,0
6235,GGH,0
6236,PDHA2,0
6237,ABCF3,0
6238,ARRB1,0
6239,SHOX,0
6240,EAPP,0
6241,CDC14A,0
6242,KIFC3,0
6243,VNN1,0
6244,GRID2,0
6245,PABPC1,0
6246,UGT2B15,0
6247,SYP,0
6248,TLX2,0
6249,CDK1,0
6250,PLAGL1,0
6251,CLCA4,0
6252,ZMYND11,0
6253,TNP2,0
6254,ENTHD1,0
6255,HRK,0
6256,C11orf21,0
6257,NRXN1,0
6258,GBA2,0
6259,MYT1L,0
6260,BNIP2,0
6261,IFNA4,0
6262,PSMD1,0
6263,PAOX,0
6264,MRPL30,0
6265,HLA-DOB,0
6266,NDUFB9,0
6267,SDSL,0
6268,KDM2A,0
6269,GID8,0
6270,RANBP9,0
6271,LTA4H,0
6272,TAS1R1,0
6273,NOTUM,0
6274,TET1,0
6275,PHKG2,0
6276,RMND1,0
6277,PITPNM1,0
6278,ERLIN2,0
6279,DEGS2,0
6280,MT1HL1,0
6281,POLR3H,0
6282,SLC5A2,0
6283,FBXL18,0
6284,HNRNPL,0
6285,PDK1,0
6286,HOMER1,0
6287,ARMC4,0
6288,NUDT2,0
6289,KHDRBS1,0
6290,IL13RA1,0
6291,SFN,0
6292,SCTR,0
6293,GJA3,0
6294,NDUFV2,0
6295,SLC24A4,0
6296,CARD16,0
6297,DCLK3,0
6298,STAB1,0
6299,NEO1,0
6300,PLA2G4F,0
6301,TRAPPC5,0
6302,SRSF10,0
6303,PUS7,0
6304,NECTIN2,0
6305,B3GALNT2,0
6306,ATG7,0
6307,TNFRSF11A,0
6308,RPS26,0
6309,NUP37,0
6310,IMP3,0
6311,NDUFA4L2,0
6312,TEX14,0
6313,H4C8,0
6314,ALDH3A1,0
6315,PRKAG3,0
6316,CCDC105,0
6317,DNAI2,0
6318,BAZ2A,0
6319,CDKN2C,0
6320,RHOC,0
6321,POMK,0
6322,MED30,0
6323,AURKAIP1,0
6324,EARS2,0
6325,KCTD2,0
6326,RP2,0
6327,CAMSAP2,0
6328,MDM2,0
6329,FRG2,0
6330,ILVBL,0
6331,RPIA,0
6332,PFAS,0
6333,TRAF5,0
6334,EIF2AK3,0
6335,CENPK,0
6336,GABRA3,0
6337,CPLX2,0
6338,PRF1,0
6339,SPRED1,0
6340,GRAP2,0
6341,SAP30L,0
6342,ITGB6,0
6343,CUL9,0
6344,MNX1,0
6345,EPHA7,0
6346,RCVRN,0
6347,CTSW,0
6348,MOGAT2,0
6349,PRPS1L1,0
6350,VAMP8,0
6351,SMARCC1,0
6352,UGT2A3,0
6353,TUSC3,0
6354,ARL9,0
6355,FAAP100,0
6356,INMT,0
6357,DPH2,0
6358,PINX1,0
6359,HBA2,0
6360,OTC,0
6361,ITGA11,0
6362,NANP,0
6363,ACO1,0
6364,APOBEC3A,0
6365,LTV1,0
6366,ANKS4B,0
6367,KDR,0
6368,FECH,0
6369,APOM,0
6370,HAUS3,0
6371,CRABP1,0
6372,NLGN4X,0
6373,SCN8A,0
6374,ACKR2,0
6375,WBP2NL,0
6376,PLPP7,0
6377,KDM5A,0
6378,MPP3,0
6379,TJP3,0
6380,PMPCB,0
6381,HCFC1,0
6382,LRP2,0
6383,FOXN1,0
6384,BCORL1,0
6385,NUSAP1,0
6386,TUBA3E,0
6387,ACOT9,0
6388,MGMT,0
6389,MAD1L1,0
6390,PACSIN3,0
6391,MYLK3,0
6392,BCL2A1,0
6393,SLC13A1,0
6394,SSC4D,0
6395,PYURF,0
6396,KNOP1,0
6397,ACRBP,0
6398,NRG1,0
6399,SPDYE9P,0
6400,CHRAC1,0
6401,FFAR2,0
6402,SPOPL,0
6403,TOM1,0
6404,FZD6,0
6405,TSN,0
6406,TPM4,0
6407,ZC3H13,0
6408,PARS2,0
6409,OTUB2,0
6410,ZNRD1,0
6411,AQP8,0
6412,VPS26B,0
6413,TBCE-2,0
6414,HOMEZ,0
6415,GPCPD1,0
6416,CDC73,0
6417,ASXL1,0
6418,LYAR,0
6419,HERC5,0
6420,MAGOH,0
6421,AP1S1,0
6422,DCTN4,0
6423,RRAD,0
6424,ELL2,0
6425,TRIR,0
6426,H2BC6,0
6427,AGPAT2,0
6428,BEAN1,0
6429,CYP8B1,0
6430,CACNB1,0
6431,CPM,0
6432,FBXO10,0
6433,BAHD1,0
6434,FXR1,0
6435,HSD17B13,0
6436,CPSF2,0
6437,DEFB127,0
6438,SLX1A,0
6439,COPS3,0
6440,HAMP,0
6441,ICAM3,0
6442,TOMM22,0
6443,SERF1A,0
6444,STXBP1,0
6445,SARNP,0
6446,GLG1,0
6447,PEX1,0
6448,RPL26,0
6449,MRPL13,0
6450,DNAJC2,0
6451,ZBTB18,0
6452,TRIM25,0
6453,GALE,0
6454,GGA3,0
6455,BMP8B,0
6456,ICAM1,0
6457,AMDHD2,0
6458,PRKRA,0
6459,FDXR,0
6460,KCNJ18,0
6461,SMG7,0
6462,ZCCHC8,0
6463,TMEM147,0
6464,SLC6A20,0
6465,PPP1R37,0
6466,PSPC1,0
6467,CAMK4,0
6468,ANAPC16,0
6469,MLX,0
6470,MYL9,0
6471,MBIP,0
6472,TRPM3,0
6473,UGT8,0
6474,OLIG1,0
6475,G6PC,0
6476,KDELR1,0
6477,SRCAP,0
6478,SLC39A7,0
6479,RPL13A,0
6480,MAP3K12,0
6481,CACNB4,0
6482,ACTR8,0
6483,OGFOD2,0
6484,SLCO1C1,0
6485,DCTPP1,0
6486,PON3,0
6487,NSDHL,0
6488,KLRC2,0
6489,ABCB1,0
6490,PDE6B,0
6491,CUL7,0
6492,LRPPRC,0
6493,GAK,0
6494,DNAAF4,0
6495,CDKN1A,0
6496,NMT2,0
6497,RCOR1,0
6498,TUBA3D,0
6499,HMGCLL1,0
6500,RHOH,0
6501,PIK3CB,0
6502,STOML3,0
6503,HLA-E,0
6504,MS4A12,0
6505,SRSF3,0
6506,MTA2,0
6507,FOXI1,0
6508,ADGRG2,0
6509,INSIG1,0
6510,PLA2G12A,0
6511,WDR83,0
6512,IFNLR1,0
6513,PIGQ,0
6514,HMGCS2,0
6515,RRN3,0
6516,SLAMF1,0
6517,FBXO3,0
6518,LEP,0
6519,MALT1,0
6520,MVD,0
6521,BUB1B,0
6522,TBC1D7,0
6523,GPHN,0
6524,CCL11,0
6525,DUSP3,0
6526,KLHL42,0
6527,POLH,0
6528,TXNL1,0
6529,PARP1,0
6530,IQCK,0
6531,ATP5PO,0
6532,ATP1A4,0
6533,AQP12A,0
6534,RTF1,0
6535,TP53,0
6536,SLC51B,0
6537,GAGE12G,0
6538,KCNMA1,0
6539,TRPM4,0
6540,UBA7,0
6541,PTTG1,0
6542,HINT1,0
6543,EMC7,0
6544,CRABP2,0
6545,RBM44,0
6546,FCGR3A,0
6547,WDR11,0
6548,POU2F3,0
6549,HADHB,0
6550,H2BC1,0
6551,SRD5A3,0
6552,SH3GL2,0
6553,AHCYL1,0
6554,COQ6,0
6555,DRAXIN,0
6556,ATP1A3,0
6557,HDAC4,0
6558,ABTB1,0
6559,PRG4,0
6560,NOM1,0
6561,DDX39B,0
6562,H2AZ1,0
6563,CHAF1B,0
6564,KALRN,0
6565,SNIP1,0
6566,USP8,0
6567,CD24,0
6568,NBN,0
6569,OPTC,0
6570,TGFB1I1,0
6571,DEFB1,0
6572,CIB2,0
6573,PMP2,0
6574,VPS26A,0
6575,FGF4,0
6576,HDAC10,0
6577,ASGR2,0
6578,MECP2,0
6579,SNRNP200,0
6580,PRAMEF7,0
6581,GNGT2,0
6582,ABCA2,0
6583,FGF2,0
6584,POU2AF1,0
6585,WDR59,0
6586,CRYBG1,0
6587,CHMP1A,0
6588,CDIPT,0
6589,TPCN1,0
6590,EIF2AK1,0
6591,FBXO4,0
6592,LAMA2,0
6593,SAT2,0
6594,FMC1-LUC7L2,0
6595,CD96,0
6596,AGPS,0
6597,DPYSL3,0
6598,RBBP8,0
6599,UQCRHL,0
6600,IFT27,0
6601,SGPP2,0
6602,SMUG1,0
6603,RGS13,0
6604,CAPZA2,0
6605,DNAJB14,0
6606,LEO1,0
6607,SLC2A3,0
6608,E5RI56_HUMAN,0
6609,MAN2A1,0
6610,SELPLG,0
6611,TXNL4B,0
6612,ROR2,0
6613,CD2,0
6614,EXOSC9,0
6615,ADSS1,0
6616,NOCT,0
6617,NT5C2,0
6618,PSMD9,0
6619,ATG4A,0
6620,NUDT17,0
6621,CUBN,0
6622,PGF,1
6623,SMC6,0
6624,PSMB7,0
6625,NUP155,0
6626,PGM5,0
6627,CEP55,0
6628,GRM5,0
6629,TBCB,0
6630,CSRNP1,0
6631,CHST5,0
6632,EGFR,0
6633,RORA,0
6634,CD5,0
6635,GZMK,0
6636,CYP26A1,0
6637,UBL7,0
6638,PLA2G10,0
6639,UTP6,0
6640,CARD6,0
6641,SUB1,0
6642,MLPH,0
6643,S100G,0
6644,PLRG1,0
6645,MRGBP,0
6646,GGT5,0
6647,MYL5,0
6648,WDR24,0
6649,COG2,0
6650,SEC11A,0
6651,ATP8A2,0
6652,HSPA4L,0
6653,AKR1C2,0
6654,DENND2B,0
6655,FLNC,0
6656,TUBA4A,0
6657,IDS,1
6658,TUBB1,0
6659,ENC1,0
6660,CD320,0
6661,ALG8,0
6662,TEX48,0
6663,NEK7,0
6664,PDIA6,0
6665,CDC27,0
6666,PRAMEF9,0
6667,RSU1,0
6668,GRXCR1,0
6669,KYAT1,0
6670,CLPTM1L,0
6671,ANKK1,0
6672,SFPQ,0
6673,WNT7A,0
6674,PRAMEF6,0
6675,PCGF2,0
6676,MBL2,0
6677,NXT2,0
6678,WRAP53,0
6679,LHPP,0
6680,LIPT1,0
6681,MGST2,0
6682,TAF11L8,0
6683,OBP2A,0
6684,MMP16,0
6685,DCP2,0
6686,SRPK1,0
6687,TTI1,0
6688,TLE6,0
6689,NCK1,0
6690,FZD7,0
6691,CPED1,0
6692,TUBA1A,0
6693,RPS6KA6,0
6694,SMAD2,1
6695,FKBP4,0
6696,EIF4A3,0
6697,MED1,0
6698,CLPS,0
6699,ATP1B4,0
6700,GNG2,0
6701,EMC3,0
6702,NFYA,0
6703,ATXN7,0
6704,TAF11L4,0
6705,MRPL28,0
6706,TXN2,0
6707,INSRR,0
6708,GADD45GIP1,0
6709,CAPRIN1,0
6710,INHBB,0
6711,AHCTF1,0
6712,RASL10A,0
6713,MYO1G,0
6714,NEUROD1,0
6715,MTG2,0
6716,CLTC,0
6717,NAA80,0
6718,AP2S1,0
6719,UCP1,0
6720,PTGES3,0
6721,IK,0
6722,ACTR2,0
6723,STRC,0
6724,VAMP7,0
6725,L3MBTL2,0
6726,CLDN34,0
6727,ADCY10,0
6728,NDUFA12,0
6729,FOXP1,0
6730,H2BW2,0
6731,PLD4,0
6732,MT-ND4L,0
6733,CIDEC,0
6734,SNAP29,0
6735,TAF15,0
6736,FARSB,0
6737,AKR7A2,0
6738,SMCR8,0
6739,METTL4,0
6740,PRKN,0
6741,CD1E,0
6742,SCRN2,0
6743,SLCO6A1,0
6744,NACA,0
6745,PIGK,0
6746,PRMT1,0
6747,MRPS18C,0
6748,CDC37L1,0
6749,FBXO42,0
6750,SIX1,0
6751,RNF41,0
6752,DNAH7,0
6753,SNAPC5,0
6754,TSPO,0
6755,INCENP,0
6756,SNX4,0
6757,BCL7B,0
6758,TRIM71,0
6759,RPA2,0
6760,DPY30,0
6761,SCN1A,0
6762,ORMDL2,0
6763,PSG7,0
6764,LZTS3,0
6765,H3-5,0
6766,CLPX,0
6767,CDC42EP2,0
6768,DLG1,0
6769,HLA-G,0
6770,ATP6V1C1,0
6771,PENK,0
6772,JUP,0
6773,DCUN1D5,0
6774,CLDN23,0
6775,MYLK,1
6776,RPL22,0
6777,HIP1,0
6778,TRAF3IP1,0
6779,GIPC1,0
6780,RPE65,0
6781,RAD51B,0
6782,TBX18,0
6783,F13B,0
6784,DAO,0
6785,SOX9,0
6786,AK5,0
6787,CLTB,0
6788,ENPEP,0
6789,ATG101,0
6790,GLE1,0
6791,PRC1,0
6792,PPP3CA,0
6793,RNF213,0
6794,PARVA,0
6795,HOXC8,0
6796,CASP2,0
6797,CFAP126,0
6798,BLM,0
6799,SERPINB6,0
6800,SERPINB10,0
6801,HTR3A,0
6802,NOXO1,0
6803,MRPS26,0
6804,DDOST,0
6805,HNRNPH2,0
6806,NUP43,0
6807,STK39,0
6808,FRZB,0
6809,RTRAF,0
6810,PFDN2,0
6811,ELP3,0
6812,TMCO1,0
6813,CEACAM6,0
6814,SEMA3A,0
6815,TAF11L13,0
6816,DCN,0
6817,RPS5,0
6818,TPSAB1,0
6819,RNF31,0
6820,GPS1,0
6821,PIH1D3,0
6822,ADORA2B,0
6823,SRP14,0
6824,ANGPT1,0
6825,SRD5A2,0
6826,THPO,1
6827,ACTR3B,0
6828,GPKOW,0
6829,H3-2,0
6830,SEMA5A,0
6831,IFNGR1,0
6832,ATXN7L1,0
6833,FURIN,0
6834,HEXB,0
6835,MAVS,0
6836,C11orf58,0
6837,S100A6,0
6838,HYAL1,0
6839,RIC8A,0
6840,SLC46A1,0
6841,MACC1,0
6842,PRAMEF12,0
6843,BAG1,0
6844,HES1,0
6845,HP,0
6846,IL20RB,0
6847,BCHE,0
6848,CRYAA,0
6849,GYS1,0
6850,WIPI2,0
6851,WDR3,0
6852,NCAPG,0
6853,C5orf49,0
6854,POMGNT2,0
6855,SUZ12,0
6856,BCL3,0
6857,OLFM4,0
6858,OCRL,0
6859,ADSS2,0
6860,SLC6A4,0
6861,ANO5,0
6862,CLDN2,0
6863,FBXO28,0
6864,RAD54L2,0
6865,STAU1,0
6866,GNG14,0
6867,FKBP3,0
6868,NDUFA4,0
6869,LOXHD1,0
6870,SF1,0
6871,RIF1,0
6872,URI1,0
6873,GTF2H3,0
6874,GUCY1B1,0
6875,ASH2L,0
6876,QRICH1,0
6877,ERF,0
6878,CTU1,0
6879,TULP4,0
6880,SPINT1,0
6881,AXIN1,0
6882,P4HA3,0
6883,RARRES2,0
6884,PROCR,0
6885,PMFBP1,0
6886,HYPK,0
6887,ST13,0
6888,IKBKG,0
6889,DNAL1,0
6890,UPF2,0
6891,HBP1,0
6892,CHAF1A,0
6893,HSPB3,0
6894,TLL1,0
6895,SNX3,0
6896,ARFGAP2,0
6897,CYLD,0
6898,PYCR3,0
6899,RAB13,0
6900,ITGA7,0
6901,BCL2L2,0
6902,FGFR1OP2,0
6903,FAHD2A,0
6904,HOXB8,0
6905,HPX,0
6906,CHCHD6,0
6907,MUC7,0
6908,ABCB4,0
6909,MRPS27,0
6910,UGT2B28,0
6911,TRH,0
6912,CST2,0
6913,RIOK2,0
6914,YTHDF3,0
6915,ERCC1,0
6916,ATG2A,0
6917,PURA,0
6918,CCKAR,0
6919,NAE1,0
6920,PLA2G4D,0
6921,GIMAP1,0
6922,RPL38,0
6923,PIGP,0
6924,CASC3,0
6925,OGT,0
6926,POMT2,0
6927,RGPD5,0
6928,PDIK1L,0
6929,SERTAD1,0
6930,NAA20,0
6931,SDHC,0
6932,AKR1A1,0
6933,BRF1,0
6934,DDX4,0
6935,TXN,0
6936,LIMD1,0
6937,FLACC1,0
6938,GNB2,0
6939,FKBP10,0
6940,ATG5,0
6941,POMT1,0
6942,TNMD,0
6943,TRPC1,0
6944,COL11A1,0
6945,CARM1,0
6946,IL21R,0
6947,NCF4,0
6948,KIF2A,0
6949,ZFP57,0
6950,MAP2K5,0
6951,SREK1,0
6952,CLC,0
6953,COPB1,0
6954,PITX3,0
6955,PMM2,0
6956,NPC1L1,0
6957,C15orf65,0
6958,RPL18A,0
6959,GSTP1,0
6960,H2BC10,0
6961,NPC2,0
6962,CDAN1,0
6963,MSI1,0
6964,CXCR5,0
6965,NDUFS2,0
6966,GPT2,0
6967,CDK13,0
6968,MTMR4,0
6969,HOXB6,0
6970,PISD,0
6971,SETDB1,0
6972,PIKFYVE,0
6973,EFNB1,0
6974,DEPDC7,0
6975,MRPL40,0
6976,BIRC2,0
6977,OAS3,0
6978,TSPYL2,0
6979,PTCH2,0
6980,SNF8,0
6981,CDK4,0
6982,P2RY2,0
6983,STRBP,0
6984,IFNA2,0
6985,MAGEH1,0
6986,EMC6,0
6987,LTA,0
6988,RPS10-NUDT3,0
6989,BRD2,0
6990,RPS23,0
6991,RBM19,0
6992,UBIAD1,0
6993,FOSL1,0
6994,H4C7,0
6995,EPB41L2,0
6996,TBK1,0
6997,DIS3L,0
6998,UTP20,0
6999,TUBA3C,0
7000,MKRN2,0
7001,KIF4B,0
7002,MRPL4,0
7003,APCS,0
7004,NRCAM,0
7005,ETFB,0
7006,ATP8B2,0
7007,SNX27,0
7008,TRIM63,0
7009,TRAPPC10,0
7010,RNF43,0
7011,CD1D,0
7012,HMOX2,0
7013,CDSN,0
7014,SYT6,0
7015,XRCC6,0
7016,CBX2,0
7017,MGAM,0
7018,C6orf15,0
7019,PPCS,0
7020,BMP15,0
7021,HEATR6,0
7022,PNP,0
7023,ATP5F1E,0
7024,CYP1A1,0
7025,GCC2,0
7026,PPWD1,0
7027,THAP2,0
7028,SMARCAL1,0
7029,HOXB7,0
7030,POLE,0
7031,AJUBA,0
7032,PWP2,0
7033,KLF17,0
7034,ATAD2,0
7035,MFGE8,0
7036,CTSB,0
7037,FCER1G,0
7038,RPUSD1,0
7039,NPHS1,0
7040,TAF11L10,0
7041,SULT1C4,0
7042,SUPT20H,0
7043,BAX,0
7044,NPVF,0
7045,CXCL16,0
7046,FAM98B,0
7047,KPNB1,0
7048,PIGS,0
7049,UQCR10,0
7050,DHX38,0
7051,PSMD5,0
7052,EHD3,0
7053,PCDHB16,0
7054,GRIA1,0
7055,HYAL4,0
7056,CSK,0
7057,BCAT2,0
7058,RPGRIP1L,0
7059,DEFB4A,0
7060,PC,0
7061,HEXA,0
7062,PXMP2,0
7063,GATA3,0
7064,GJB2,0
7065,PTGES3L-AARSD1,0
7066,CDKN2D,0
7067,MAT1A,0
7068,RNF40,0
7069,NOP2,0
7070,CAMLG,0
7071,CTBP1,0
7072,CD3D,0
7073,C1QA,0
7074,ANKS6,0
7075,HRAS,0
7076,LSM6,0
7077,CCL19,0
7078,NBR1,0
7079,CD160,0
7080,ZIC3,0
7081,ALKBH1,0
7082,DRAP1,0
7083,MRPL34,0
7084,PTPN4,0
7085,CSNK2A3,0
7086,H4C15,0
7087,SON,0
7088,KRT7,0
7089,RPL39L,0
7090,PLVAP,0
7091,UCP3,0
7092,PIGU,0
7093,AMHR2,0
7094,KDSR,0
7095,CDA,0
7096,IL1A,0
7097,PDGFC,0
7098,HPR,0
7099,LIN37,0
7100,FLOT1,0
7101,MAP2K3,0
7102,B3GAT3,0
7103,KRAS,0
7104,GBE1,0
7105,POLD2,0
7106,PTPRM,0
7107,TNFRSF19,0
7108,FEN1,0
7109,CHCHD10,0
7110,ALS2,0
7111,GOLGA1,0
7112,NELFE,0
7113,AP1S3,0
7114,PTPN1,0
7115,ACADL,0
7116,RBBP7,0
7117,BMP4,0
7118,RGS18,0
7119,GFPT1,0
7120,CATSPER3,0
7121,CBSL,0
7122,KLHL2,0
7123,C1GALT1C1,0
7124,RPS6KA3,0
7125,PEX11G,0
7126,SFRP1,0
7127,GALC,0
7128,RPL30,0
7129,ALKBH5,0
7130,NUP188,0
7131,OSBP,0
7132,SMC2,0
7133,DMBT1,0
7134,TEX264,0
7135,SYNCRIP,0
7136,ASB4,0
7137,NID2,0
7138,CLASP2,0
7139,UTP3,0
7140,LIMK1,0
7141,ZBP1,0
7142,STARD3,0
7143,CD99L2,0
7144,GMPR2,0
7145,IFNA7,0
7146,RRP9,0
7147,SMU1,0
7148,SLC22A14,0
7149,PFDN6,0
7150,PLA2G4B,0
7151,TAGLN,0
7152,ADCK2,0
7153,RRAGA,0
7154,RARG,0
7155,GNG12,0
7156,TIMM22,0
7157,PRDX5,0
7158,LONP2,0
7159,ACSBG1,0
7160,MED15,0
7161,HARS2,0
7162,RAET1G,0
7163,GSTA1,0
7164,APOB,1
7165,USP46,0
7166,AVP,0
7167,DIP2A,0
7168,P4HA2,0
7169,RGPD2,0
7170,GLRX,0
7171,SPDYE8P,0
7172,MARS2,0
7173,CRX,0
7174,KIAA0319,0
7175,RTN4,0
7176,ISY1,0
7177,MCM7,0
7178,CPSF1,0
7179,SUMO1,0
7180,SLC5A5,0
7181,CDC42EP1,0
7182,DNAJC3,0
7183,ROMO1,0
7184,NKAP,0
7185,CCDC9,0
7186,DNAJC9,0
7187,CD2BP2,0
7188,CRYBA1,0
7189,IL10RB,0
7190,FBXL15,0
7191,N4BP2L2,0
7192,NCR1,0
7193,ARL13B,0
7194,SLA,0
7195,IGHMBP2,0
7196,HRC,0
7197,PPIL1,0
7198,hCG_1642624,0
7199,RPS11,0
7200,KLRC4,0
7201,PGAM2,0
7202,SNX17,0
7203,ATAD5,0
7204,TRAPPC2B,0
7205,HGS,0
7206,TRIM33,0
7207,C8B,0
7208,TXNRD2,0
7209,PUDP,0
7210,ADH1A,0
7211,C4A,0
7212,TMEM189-UBE2V1,0
7213,GRAP,0
7214,POU4F1,0
7215,TLE5,0
7216,MFAP5,1
7217,MTCH2,0
7218,SLC25A23,0
7219,CNN2,0
7220,RPL24,0
7221,MRPL42,0
7222,UBE2A,1
7223,ZYG11B,0
7224,MSH3,0
7225,NOL12,0
7226,MRPL55,0
7227,RRP36,0
7228,PIP4K2C,0
7229,PKHD1,0
7230,MFN2,0
7231,DNAAF1,0
7232,PAXX,0
7233,SLC9A2,0
7234,TRAPPC9,0
7235,TNFSF13,0
7236,TYMP,0
7237,THOC6,0
7238,FDX1,0
7239,PI4KB,0
7240,YIPF3,0
7241,PAPOLG,0
7242,STRA8,0
7243,PIM1,0
7244,KCNA1,0
7245,PSMA1,0
7246,MORF4L2,0
7247,MTMR6,0
7248,SMARCE1,0
7249,MEIOC,0
7250,PPP2R2B,0
7251,XAF1,0
7252,CHPF,0
7253,DHPS,0
7254,BAIAP2L2,0
7255,STX12,0
7256,GTF2A2,0
7257,OPN1LW,0
7258,DCAF11,0
7259,SINHCAF,0
7260,ADAM10,0
7261,KCNAB3,0
7262,NFRKB,0
7263,LTBP2,0
7264,ADORA1,0
7265,HOXB4,0
7266,MYH6,0
7267,HOXA4,0
7268,FLT1,0
7269,HIF1AN,0
7270,CRB3,0
7271,PNOC,0
7272,MGRN1,0
7273,ERCC4,0
7274,NOP9,0
7275,PEX7,0
7276,TEX13A,0
7277,ENO3,0
7278,LOC102724159,0
7279,ACVR2B,0
7280,GNPNAT1,0
7281,HSD17B3,0
7282,RPUSD4,0
7283,COPS8,0
7284,DHRS4,0
7285,WT1,0
7286,PRKY,0
7287,ANAPC7,0
7288,MALSU1,0
7289,NT5C3A,0
7290,INO80C-2,0
7291,ITGA2,0
7292,UST,0
7293,RAB1B,0
7294,RSAD2,0
7295,UBE2E1,0
7296,ZNF397,0
7297,EOMES,0
7298,GTPBP1,0
7299,CCL2,0
7300,RPL14,0
7301,STX18,0
7302,DUOXA2,0
7303,BAAT,0
7304,HUS1,0
7305,HSD17B8,0
7306,DTX4,0
7307,SPA17,0
7308,EZH1,0
7309,ZNF787,0
7310,MED23,0
7311,CENPM,0
7312,DEK,0
7313,RAB4A,0
7314,SYT2,0
7315,PHPT1,0
7316,ISOC2,0
7317,TSC2,0
7318,PRKDC,0
7319,PRPF18,0
7320,ACTR1B,0
7321,TRIM24,0
7322,GNAZ,0
7323,SIAE,0
7324,MMAB,0
7325,UPF1,0
7326,PKM,0
7327,CAVIN1,0
7328,LSM4,0
7329,GTF3A,0
7330,AKIRIN2,0
7331,RAB6A,0
7332,ODF1,0
7333,XYLT2,0
7334,RPL34,0
7335,AASDHPPT,0
7336,GALNTL6,0
7337,CMC2,0
7338,TGM1,0
7339,CCK,0
7340,EFNA4,0
7341,ATAD2B,0
7342,IRS1,0
7343,TPRKB,0
7344,AAR2,0
7345,CDCA7,0
7346,DECR2,0
7347,ANAPC13,0
7348,SMPD3,0
7349,ALG11,0
7350,BBIP1,0
7351,PSMA4,0
7352,FKBP5,0
7353,PPY,0
7354,CEP70,0
7355,ASF1B,0
7356,VGLL4,0
7357,RAB11A,0
7358,SLC35B2,0
7359,TPRX1,0
7360,SLC47A1,0
7361,AKT3,0
7362,SRD5A1,0
7363,NOS3,0
7364,PCDHB6,0
7365,PPP1R26,0
7366,DTNA,0
7367,FSIP1,0
7368,GNPTG,0
7369,NKTR,0
7370,PSMD12,0
7371,SF3B2,0
7372,WDR33,0
7373,ALKBH2,0
7374,LDLR,1
7375,SDF4,0
7376,PARD3B,0
7377,CHCHD7,0
7378,IFT172,0
7379,LIX1,0
7380,ARL6,0
7381,ZER1,0
7382,ZBTB47,0
7383,FBXO15,0
7384,POMP,0
7385,YBX3,0
7386,C19orf12,0
7387,ADORA3,0
7388,DUSP1,0
7389,NSMCE1,0
7390,TAF3,0
7391,PF4V1,0
7392,SERBP1,0
7393,RHEBL1,0
7394,SIX3,0
7395,CENPQ,0
7396,AQP1,0
7397,NSL1,0
7398,NT5M,0
7399,RARS1,0
7400,RAG2,0
7401,SLC6A3,0
7402,MYO6,0
7403,NDST1,0
7404,ICE1,0
7405,CSRP3,0
7406,PPRC1,0
7407,KAT5,0
7408,CORO7,0
7409,COG3,0
7410,CASQ2,0
7411,H2BC5,0
7412,OPHN1,0
7413,TAT,0
7414,TIE1,0
7415,AHCY,0
7416,HTR1F,0
7417,APOC2,0
7418,TERT,0
7419,DHCR24,0
7420,APOD,0
7421,DOCK11,0
7422,TARS1,0
7423,CD69,0
7424,SRP54,0
7425,TAF1L,0
7426,NDUFB2,0
7427,RRP8,0
7428,PDF,0
7429,UBR2,0
7430,RPUSD3,0
7431,NKX2-5,0
7432,C11orf74,0
7433,CNTN5,0
7434,GIT1,0
7435,PRTN3,0
7436,PRPF8,0
7437,APLNR,0
7438,RAB1A,0
7439,STRA6,0
7440,PPP2R5B,0
7441,HAUS1,0
7442,IFNAR1,0
7443,XIAP,0
7444,VAMP5,0
7445,TICAM1,0
7446,ARHGAP29,0
7447,KCTD17,0
7448,DCAF7,0
7449,KLRK1,0
7450,PREX1,0
7451,COX8C,0
7452,PBX2,0
7453,IER2,0
7454,SLC37A4,0
7455,SLC22A3,0
7456,ALG10B,0
7457,CAMK1G,0
7458,ALYREF,0
7459,KMT2B,0
7460,IL18R1,0
7461,CYB5R2,0
7462,RPS6KA5,0
7463,CDKAL1,0
7464,ERCC5,0
7465,HPRT1,0
7466,EMC9,0
7467,NSUN5,0
7468,INSL5,0
7469,FANCE,0
7470,HSD17B10,0
7471,CLTCL1,0
7472,ZC3H11A,0
7473,IGHV3-43D,0
7474,NFKB2,0
7475,IRF2BPL,0
7476,RBP1,0
7477,SOD2,0
7478,SELENBP1,0
7479,ZNF436,0
7480,PLCG1,0
7481,VPS8,0
7482,EPHX1,0
7483,AP1G1,0
7484,NEDD9,0
7485,NDUFA10,0
7486,POLDIP3,0
7487,PGS1,0
7488,GDF9,0
7489,PLD3,0
7490,TK1,0
7491,CFD,0
7492,HMGXB4,0
7493,TP53BP1,0
7494,CNOT9,0
7495,SLC19A3,0
7496,SNTB1,0
7497,INTS8,0
7498,GJC2,0
7499,DCTD,0
7500,USO1,0
7501,HEATR1,0
7502,PPM1B,0
7503,ATP6V0A4,0
7504,TTC37,1
7505,TNN,0
7506,TACC1,0
7507,SKOR1,0
7508,ISOC1,0
7509,GTF2B,0
7510,IGLV10-54,0
7511,COL6A6,0
7512,GAGE10,0
7513,LAMA4,0
7514,RND2,0
7515,IFNA1,0
7516,FAM98A,0
7517,ZYX,0
7518,NCAPH2,0
7519,NOL11,0
7520,EYS,0
7521,OTOG,0
7522,ADSL,0
7523,P2RY14,0
7524,PER2,0
7525,VDAC1,0
7526,ROBO3,0
7527,PDE5A,1
7528,EIF5B,0
7529,SRGAP2,0
7530,OLFM2,0
7531,SLC34A3,0
7532,SEMA3F,0
7533,GALNT6,0
7534,GDF2,1
7535,BCL10,0
7536,GTPBP4,0
7537,CNOT3,0
7538,C1QB,0
7539,WIPF2,0
7540,HBS1L,0
7541,PIGV,0
7542,NACC1,0
7543,DLX1,0
7544,THAP11,0
7545,NEUROD4,0
7546,EVL,0
7547,DLL1,0
7548,IDO1,0
7549,THY1,0
7550,CYP19A1,0
7551,INSR,0
7552,KLRG1,0
7553,PCM1,0
7554,RPAP1,0
7555,PTBP1,0
7556,NKX2-3,0
7557,ITGA6,0
7558,GPLD1,0
7559,ICAM5,0
7560,MAGT1,0
7561,NR1I3,0
7562,RDH8,0
7563,PPP1R15B,0
7564,AMER1,0
7565,ARMT1,0
7566,CHRNB4,0
7567,MBTPS2,0
7568,CPB1,0
7569,RPS7,0
7570,BRMS1L,0
7571,PARP11,0
7572,RMDN2,0
7573,CRYZ,0
7574,GNRHR,0
7575,UPK1A,0
7576,MTHFD1L,0
7577,CAMK2B,0
7578,CFAP298,0
7579,EPS15,0
7580,TIMM21,0
7581,PYGL,0
7582,BCKDHA,0
7583,ITGB3,0
7584,ANGPTL4,0
7585,DNAJC10,0
7586,POLRMT,0
7587,HSD3B2,0
7588,COX7B,0
7589,AURKB,0
7590,IRAK3,0
7591,COPS6,0
7592,SEMA4G,0
7593,UBE2I,0
7594,MED29,0
7595,HTR2A,0
7596,P2RY4,0
7597,TRAPPC3,0
7598,KLF5,0
7599,ESRRA,0
7600,EIF5AL1,0
7601,ITPA,0
7602,NPAT,0
7603,CETN2,0
7604,SLC25A5,0
7605,POLR2G,0
7606,CPEB4,0
7607,CACNA1D,0
7608,ABI1,0
7609,ARID2,0
7610,VIL1,0
7611,PIP4K2B,0
7612,GNA13,0
7613,TRAPPC3L,0
7614,SLC27A3,0
7615,DLK1,0
7616,GNAQ,0
7617,NRF1,0
7618,TIA1,0
7619,WLS,0
7620,NEFH,0
7621,CLDN8,0
7622,BDKRB1,0
7623,DARS2,0
7624,THAP1,0
7625,VPS29,0
7626,CACNG2,0
7627,MAK16,0
7628,SCN3B,0
7629,CAMK2A,0
7630,LIF,0
7631,PHLDA1,0
7632,FCHSD2,0
7633,PPP2R3A,0
7634,RAB27B,0
7635,ARHGEF28,0
7636,REEP5,0
7637,TTF2,0
7638,HBD,0
7639,CACNA1S,0
7640,MUC5AC,0
7641,TEN1,0
7642,RAC3,0
7643,EMP3,0
7644,CYB5A,0
7645,ATXN2L,0
7646,CDH3,0
7647,PGA3,0
7648,PIGL,1
7649,UBOX5,0
7650,ATP6AP2,0
7651,RPL29,0
7652,HNRNPM,0
7653,RAMACL,0
7654,SLC34A1,0
7655,DOCK2,0
7656,RPL8,0
7657,SLC26A5,0
7658,SYCN,0
7659,EIF3C,0
7660,CNOT6,0
7661,EXOSC7,0
7662,NOL9,0
7663,REXO2,0
7664,BMP10,0
7665,SGK3,0
7666,TMEM186,0
7667,STMN1,0
7668,IFT122,0
7669,RAB3B,0
7670,GCLC,0
7671,GRIP2,0
7672,PRG2,0
7673,CASP3,0
7674,ZIM2,0
7675,TAF13,0
7676,HORMAD2,0
7677,C3,0
7678,NDUFAF4,0
7679,DEPTOR,0
7680,MAML1,0
7681,DUSP10,0
7682,EPHB2,0
7683,WDR43,0
7684,COL4A5,0
7685,MPO,0
7686,EIF3H,0
7687,CCDC88C,0
7688,PAPSS2,0
7689,C20orf27,0
7690,TBX20,0
7691,FGF18,0
7692,ITIH2,0
7693,BAG6,0
7694,RTN3,0
7695,VPS16,0
7696,OSGIN2,0
7697,KIF15,0
7698,BOP1,0
7699,CAV3,0
7700,SLC7A14,0
7701,SLC22A4,0
7702,UNC5A,0
7703,IBA57,0
7704,PHYKPL,0
7705,IMPA2,0
7706,HSD17B6,0
7707,YRDC,0
7708,NFKBID,0
7709,INTS9,0
7710,DDIT3,0
7711,PPL,0
7712,PTPRU,0
7713,PGRMC1,0
7714,SRY,0
7715,GRWD1,0
7716,COPE,0
7717,C1orf50,0
7718,UGGT1,0
7719,NDUFB5,0
7720,ST8SIA4,0
7721,PDZD3,0
7722,MED8,0
7723,STX1B,0
7724,KIAA0408,0
7725,TTK,0
7726,MCM6,0
7727,MARCHF1,0
7728,TMEM132A,0
7729,PYHIN1,0
7730,PPP1CB,1
7731,AUTS2,0
7732,ALKBH6,0
7733,HDAC8,0
7734,USP7,0
7735,HSD11B2,0
7736,SSBP2,0
7737,SLC27A2,0
7738,TSKU,0
7739,SMARCA5,0
7740,ARCN1,0
7741,IRF9,0
7742,RPS16,0
7743,UBTF,0
7744,CCNF,0
7745,RAB27A,0
7746,WDR48,0
7747,MIEF2,0
7748,DAZ1,0
7749,ASCL1,0
7750,PLOD1,0
7751,PF4,0
7752,RFC2,0
7753,U3KQP1_HUMAN,0
7754,SLC6A1,0
7755,FAM207A,0
7756,TYR,0
7757,KLHL41,0
7758,CYP24A1,0
7759,CACNA1B,0
7760,LPXN,0
7761,TNIP2,0
7762,ARL6IP1,0
7763,MT-ND5,0
7764,KCNAB2,0
7765,FBN1,1
7766,FETUB,0
7767,CAMP,0
7768,H2BC3,0
7769,CABP1,0
7770,RAD18,0
7771,ACY1,0
7772,GMIP,0
7773,OC90,0
7774,SPN,0
7775,ZC2HC1B,0
7776,CTSZ,0
7777,SERPINA5,0
7778,GLRX5,0
7779,MRPS21,0
7780,RAB9B,0
7781,UTS2R,0
7782,BRD7,0
7783,MYL2,0
7784,PDCD7,0
7785,RCC1,0
7786,USP9X,0
7787,MFAP2,0
7788,ECI2,0
7789,CDH15,0
7790,MOGAT3,0
7791,SF3B5,0
7792,CCZ1,0
7793,ZNF281,0
7794,HSPB11,0
7795,SLC6A5,0
7796,HSPA5,0
7797,HDAC11,0
7798,ERH,0
7799,YIPF1,0
7800,SHC1,0
7801,PCSK1,0
7802,STAM2,0
7803,PNLIPRP1,0
7804,IKBKE,0
7805,IGFBP3,0
7806,NR1D2,0
7807,PDCD11,0
7808,DAPL1,0
7809,FBRS,0
7810,GATA6,0
7811,DYNC2H1,0
7812,PPAT,0
7813,ENOPH1,0
7814,STIM1,0
7815,EEF1A2,0
7816,FLRT3,0
7817,SRPX2,0
7818,TRNAU1AP,0
7819,EIF2A,0
7820,IGF2BP2,0
7821,TAF9B,0
7822,DLD,0
7823,VAMP2,0
7824,ACOT7,0
7825,RBMX2,0
7826,GSS,0
7827,HAO1,0
7828,EPHA1,0
7829,LAS1L,0
7830,TARBP2,0
7831,SAP18,0
7832,SLC44A2,0
7833,FLAD1,0
7834,CDC40,0
7835,ADAP1,0
7836,TGM6,0
7837,FOXM1,0
7838,RSPH3,0
7839,WDR36,0
7840,SMAD6,0
7841,ATG16L2,0
7842,CHTF18,0
7843,NSUN6,0
7844,KCNN4,0
7845,SRM,0
7846,DYNLT3,0
7847,CHGB,0
7848,LAPTM4A,0
7849,CBFA2T3,0
7850,ACOT2,0
7851,ACE2,0
7852,CD40LG,0
7853,MAG,0
7854,CERS3,0
7855,TRIM43,0
7856,TRPA1,0
7857,VPS51,0
7858,HSD17B2,0
7859,TLE3,0
7860,SPATA16,0
7861,EMG1,0
7862,ARHGAP35,0
7863,LGALS9C,0
7864,PDE6A,0
7865,TBX3,0
7866,DDX1,0
7867,SEC16A,0
7868,PCDHB2,0
7869,RIMS2,0
7870,GPNMB,0
7871,EAF1,0
7872,TSTD1,0
7873,GPIHBP1,0
7874,PPP2R1B,0
7875,APOBEC3B,0
7876,CASP10,0
7877,TACSTD2,0
7878,ABCB11,0
7879,DDX21,0
7880,TECTA,0
7881,PLCD1,0
7882,ATP6V0D2,0
7883,TFDP1,0
7884,TTL,0
7885,CUL3,0
7886,SNX15,0
7887,FANCB,0
7888,RTP4,0
7889,CDH13,0
7890,BAIAP2,0
7891,KDM3B,0
7892,ZCCHC4,0
7893,SSU72P5,0
7894,TXNDC12,0
7895,TALDO1,0
7896,CRYM,0
7897,KLRC3,0
7898,DEPDC1B,0
7899,IYD,0
7900,FXN,0
7901,TPM3,0
7902,SORT1,0
7903,HSD17B4,0
7904,TFR2,0
7905,MRPL54,0
7906,TNRC6B,0
7907,G3V4G9_HUMAN,0
7908,DVL2,0
7909,PAM16,0
7910,ALKBH7,0
7911,RPF2,0
7912,TBPL1,0
7913,BBS1,0
7914,CACNA1H,0
7915,ACER1,0
7916,ARL6IP5,0
7917,SIRT2,0
7918,EIF4E,0
7919,ALK,0
7920,DGCR8,0
7921,YAF2,0
7922,OXA1L,0
7923,TCF7,0
7924,LYZL1,0
7925,PPP1R3E,0
7926,PTGDR2,0
7927,GPR1,0
7928,MBOAT7,0
7929,AMPD1,0
7930,SPATA2,0
7931,ADAMTS5,0
7932,CDCA7L,0
7933,GUCA2A,0
7934,MATR3-2,0
7935,NUFIP1,0
7936,HSD11B1,0
7937,ITGAE,0
7938,HOXC4,0
7939,KRT6A,0
7940,CYP4F22,0
7941,ZSCAN1,0
7942,RCSD1,0
7943,H2BC17,0
7944,CTTN,0
7945,TBR1,0
7946,TAB3,0
7947,WASF1,0
7948,INO80C,0
7949,RPS8,0
7950,RNF20,0
7951,CYP4F8,0
7952,TBCA,0
7953,MAP1LC3A,0
7954,BTRC,0
7955,PTPRR,0
7956,PSMB8,0
7957,H2AC18,0
7958,ATP6V1H,0
7959,SENP3,0
7960,NDUFA5,0
7961,PLOD2,0
7962,CEBPE,0
7963,HAS1,0
7964,FBLN2,0
7965,MMP8,0
7966,TENT4A,0
7967,NAT14,0
7968,CCR7,0
7969,KLK15,0
7970,KCNH2,0
7971,DCLK1,0
7972,USP25,0
7973,UCHL3,0
7974,EMP2,0
7975,CCDC114,0
7976,GALNT8,0
7977,CDK5RAP1,0
7978,SLC25A3,0
7979,DLL4,0
7980,PANK1,0
7981,FANCC,0
7982,CREB3L3,0
7983,AVPR1B,0
7984,RPP21,0
7985,CDH1,0
7986,SFTPC,0
7987,PPP2CB,0
7988,EPS15L1,0
7989,CACNG8,0
7990,HNRNPA0,0
7991,DNPEP,0
7992,MAD2L2,0
7993,CCDC40,0
7994,FLG2,0
7995,LBR,0
7996,PTF1A,0
7997,PDS5B,0
7998,RGS17,0
7999,CYB5B,0
8000,DDX19A,0
8001,MTUS2,0
8002,BCL9L,0
8003,HMOX1,0
8004,GIT2,0
8005,ZC3H18,0
8006,AMBRA1,0
8007,KRT34,0
8008,ABCB7,0
8009,PRAMEF25,0
8010,CFB,0
8011,RTKN,0
8012,CTRC,0
8013,CELA1,0
8014,ARAF,0
8015,HDAC6,0
8016,DTYMK,0
8017,PCCA,0
8018,TARS3,0
8019,MAFB,0
8020,GSKIP,0
8021,EIF1AX,0
8022,FOXP4,0
8023,ARPC4,0
8024,ADCY1,0
8025,UBXN2B,0
8026,B3GALNT1,0
8027,VKORC1L1,0
8028,CCR4,0
8029,MS4A6E,0
8030,WEE1,0
8031,ABT1,0
8032,DPT,0
8033,TKFC,0
8034,PSEN1,0
8035,DRD3,0
8036,CPSF7,0
8037,APOOL,0
8038,TSC1,0
8039,DMWD,0
8040,DNAAF5,0
8041,MNS1,0
8042,TST,0
8043,EPHA5,0
8044,CDC16,0
8045,PPARGC1A,0
8046,SNAI2,0
8047,SDR16C5,0
8048,VASH1,0
8049,DOK4,0
8050,RIPOR2,0
8051,ALG2,0
8052,DCC,0
8053,BAIAP3,0
8054,TNFRSF25,0
8055,EPHB6,0
8056,SRR,0
8057,USP30,0
8058,HOXA1,0
8059,SLC7A1,0
8060,NCKAP1,0
8061,PWWP3A,0
8062,SULT1C3,0
8063,IDNK,0
8064,NUP93,0
8065,PTPRK,0
8066,TARBP1,0
8067,AACS,0
8068,IZUMO1,0
8069,SNRNP48,0
8070,ATF2,0
8071,TPX2,0
8072,MED25,0
8073,CHEK1,0
8074,MAFF,0
8075,COMT,0
8076,SFRP5,0
8077,TXK,0
8078,PPIG,0
8079,UCN,0
8080,S100A1,0
8081,AHCYL2,0
8082,CHCHD3,0
8083,PRKD1,0
8084,LPA,1
8085,ADHFE1,0
8086,CSE1L,0
8087,CYP1B1,0
8088,HCRT,0
8089,MIOS,0
8090,PPM1D,0
8091,JMJD1C,0
8092,TNRC6C,0
8093,CCR8,0
8094,DCAF13,0
8095,METAP1D,0
8096,GDF10,0
8097,CCDC151,0
8098,PACSIN2,0
8099,TMEM37,0
8100,KHK,0
8101,MRPL57,0
8102,POLR2M,0
8103,CSRNP2,0
8104,NTSR1,0
8105,ST8SIA2,0
8106,MYH4,0
8107,RPEL1,0
8108,HES5,0
8109,GALNS,0
8110,ACLY,0
8111,H2AC4,0
8112,MT-ND2,0
8113,ELOVL4,0
8114,B4GALT2,0
8115,BCL2L11,0
8116,RAB11FIP3,0
8117,MSH5,0
8118,GLO1,0
8119,PQBP1,0
8120,NEK4,0
8121,MTMR7,0
8122,CYFIP2,0
8123,CYP2J2,0
8124,CUL4A,0
8125,IMMT,0
8126,G6PC2,0
8127,TNFRSF10B,0
8128,JUN,0
8129,UTY,0
8130,KLRD1,0
8131,MPG,0
8132,ALG14,0
8133,PKP4,0
8134,TNS1,0
8135,COL6A5,0
8136,FXR2,0
8137,TPD52,0
8138,NOX1,0
8139,DVL1,0
8140,LAMB4,0
8141,POLR2A,0
8142,KRT18,0
8143,ZNF208,0
8144,CALD1,0
8145,LAPTM5,0
8146,LENG1,0
8147,TOMM20,0
8148,SCIMP,0
8149,HSPA9,0
8150,CBLL1,0
8151,GORASP1,0
8152,DKK3,0
8153,CA5A,0
8154,UPP2,0
8155,KRT17,0
8156,KLHL3,0
8157,ULK1,0
8158,SMARCD2,0
8159,UPK2,0
8160,AKR1B1,0
8161,ACVRL1,1
8162,ZNF174,0
8163,UGDH,0
8164,TPSD1,0
8165,PARP12,0
8166,IDI1,0
8167,CBX7,0
8168,MARCHF5,0
8169,EMC8,0
8170,CISH,0
8171,CSGALNACT1,0
8172,UPK3BL2,0
8173,MYF6,0
8174,TMEM116,0
8175,CSH2,0
8176,CDC20,0
8177,TNKS2,0
8178,ATP4B,0
8179,NUDT15,0
8180,SOS2,0
8181,IFT52,0
8182,SUCLA2,0
8183,CCL4,0
8184,NT5C1B,0
8185,CRK,0
8186,SPRR1A,0
8187,DYNLL1,0
8188,TBC1D24,0
8189,OASL,0
8190,RWDD4,0
8191,LSP1,0
8192,DIO2,0
8193,MEAF6,0
8194,NCKAP1L,0
8195,MYCN,0
8196,TCEA2,0
8197,RNF11,0
8198,HLA-DRA,0
8199,USP1,0
8200,SMAD3,1
8201,ST8SIA1,0
8202,NAA35,0
8203,LGALS3,0
8204,KLC4,0
8205,PAX4,0
8206,TMED7,0
8207,MYOT,0
8208,IL10,0
8209,RASGRP1,0
8210,NRDC,0
8211,MCM3,0
8212,B2M,0
8213,AK8,0
8214,NLRP2,0
8215,XRCC2,0
8216,DDI1,0
8217,ZFYVE19,0
8218,CWC25,0
8219,GPD2,0
8220,GPR37L1,0
8221,HNRNPH3,0
8222,CNKSR2,0
8223,PDE2A,0
8224,HBM,0
8225,TBC1D4,0
8226,KIF20B,0
8227,ACAA1,0
8228,KCTD5,0
8229,PDE6C,0
8230,PRSS2,0
8231,RBM41,0
8232,FGFR4,0
8233,EPG5,0
8234,FOXO1,0
8235,PAGE4,0
8236,MTMR2,0
8237,PYM1,0
8238,BEST1,0
8239,CDK6,0
8240,KCNIP2,0
8241,PTPN12,0
8242,DAZL,0
8243,RPL27,0
8244,GRK1,0
8245,FGGY,0
8246,GEMIN8,0
8247,NAT8,0
8248,SNRPN,0
8249,MATN3,0
8250,TTC5,0
8251,PLCG2,0
8252,MSN,0
8253,CUEDC2,0
8254,CCNQ,1
8255,GLCE,0
8256,LSM8,0
8257,CYP3A7,0
8258,EYA1,0
8259,DERL3,0
8260,NEUROG3,0
8261,INTS4,0
8262,GJD2,0
8263,PDE9A,0
8264,COL1A1,0
8265,PTGDS,0
8266,TRMT5,0
8267,HIRIP3,0
8268,ACER2,0
8269,MANBA,0
8270,RALYL,0
8271,TRAM2,0
8272,NOD1,0
8273,PHOSPHO2,0
8274,CAPZA1,0
8275,TSC22D3,0
8276,CCL8,0
8277,RFC3,0
8278,PRKACB,0
8279,PPARA,0
8280,GHRHR,0
8281,SPDYE14,0
8282,PHF19,0
8283,GTF2F2,0
8284,NECAP1,0
8285,RSPH6A,0
8286,SPARC,0
8287,TWIST1,0
8288,IL7,0
8289,TNFSF15,0
8290,CRYGD,0
8291,CFH,0
8292,H3BN98_HUMAN,0
8293,ARID4B,0
8294,RPL19,0
8295,EFCAB6,0
8296,C11orf1,0
8297,SHQ1,0
8298,BCL2L1,0
8299,COX6B1,0
8300,SULT1A1,0
8301,CCNH,0
8302,TBC1D10A,0
8303,ENKUR,0
8304,HAUS2,0
8305,CRMP1,0
8306,SSU72P2,0
8307,GCLM,0
8308,HADH,0
8309,MKI67,0
8310,PRAMEF4,0
8311,PSAT1,0
8312,SDF2L1,0
8313,STAM,0
8314,LMAN1,0
8315,KMT5C,0
8316,WBP4,0
8317,NLRP12,0
8318,FAM20C,0
8319,AMN,0
8320,UGT1A10,0
8321,NDUFAF5,0
8322,MRPL12,0
8323,FANCG,0
8324,CYP2B6,0
8325,PET117,0
8326,EIF3A,0
8327,TNFRSF17,0
8328,ALDH9A1,0
8329,LRRC41,0
8330,EGR3,0
8331,PCARE,0
8332,VANGL1,0
8333,CXCL6,0
8334,TBC1D10C,0
8335,WNT3,0
8336,CSNK2B,0
8337,E2F1,0
8338,BET1,0
8339,UBA3,0
8340,SLCO2B1,0
8341,PELP1,0
8342,RRP7A,0
8343,NOL10,0
8344,SEC61A1,0
8345,GAL,0
8346,SNRPF,0
8347,MYL4,0
8348,SRSF9,0
8349,ACAD9,0
8350,PBX1,0
8351,GRIN3B,0
8352,PDK4,0
8353,UGT2B4,0
8354,LHX3,0
8355,FBP2,0
8356,TEC,0
8357,IFT88,0
8358,NRL,0
8359,ATXN3,0
8360,IFIT1B,0
8361,TCEA3,0
8362,WNT9A,0
8363,PKP1,0
8364,HDAC1,0
8365,IGSF1,0
8366,MAP2K7,0
8367,TEP1,0
8368,CHPT1,0
8369,PRKG1,1
8370,CCDC65,0
8371,AIFM1,0
8372,SERPINA4,0
8373,LY96,0
8374,NDUFB3,0
8375,GPATCH4,0
8376,COX7B2,0
8377,ENSP00000487094,0
8378,PLS1,0
8379,ADRB1,0
8380,FZD2,0
8381,TFB2M,0
8382,SNAP91,0
8383,PEX10,0
8384,ATIC,0
8385,GDA,0
8386,SIKE1,0
8387,TLR1,0
8388,ATF5,0
8389,RNF8,0
8390,ATP10A,0
8391,TUBA4B,0
8392,PUSL1,0
8393,SNRPC,0
8394,UBE3A,0
8395,STON1-GTF2A1L,0
8396,IL26,0
8397,DUX4,0
8398,CELA2A,0
8399,ADPRHL2,0
8400,PORCN,0
8401,FPR2,0
8402,MUC20,0
8403,FGG,0
8404,SKP2,0
8405,FGFR1OP,0
8406,TNRC6A,0
8407,PEX3,0
8408,FADS6,0
8409,SEC61B,0
8410,SOX2,0
8411,SCRT1,0
8412,KLHL20,0
8413,ATP5MPL,0
8414,SRCIN1,0
8415,NOS1,0
8416,CXCL1,0
8417,AKAP9,0
8418,DGKD,0
8419,CTHRC1,0
8420,YWHAZ,0
8421,PICALM,0
8422,H2BS1,0
8423,MTR,0
8424,MRPS15,0
8425,GRIN2A,0
8426,CLCN7,0
8427,SSU72P3,0
8428,PMEL,0
8429,XPO5,0
8430,ALOX15,0
8431,SSH3,0
8432,SART3,0
8433,TYSND1,0
8434,ATXN7L3,0
8435,COX19,0
8436,RGN,0
8437,DNAJC5,0
8438,NMT1,0
8439,HLA-DPB1,0
8440,INSL6,0
8441,NEFM,0
8442,RARA,0
8443,EZH2,0
8444,GSTZ1,0
8445,FANCM,0
8446,TMEM214,0
8447,SRGAP3,0
8448,PCNA,0
8449,CALM3,0
8450,SZT2,0
8451,G3BP2,0
8452,SSB,0
8453,DMXL1,0
8454,CDCA2,0
8455,MRPS28,0
8456,GDAP1,0
8457,TP73,0
8458,LGALS13,0
8459,RCAN1,0
8460,CDC37,0
8461,RPS29,0
8462,THAP3,0
8463,RRAS,0
8464,CST7,0
8465,PODXL,0
8466,EHD2,0
8467,DSP,0
8468,KCTD19,0
8469,AKR7A3,0
8470,SLC35B3,0
8471,TCN1,0
8472,CAMK2D,0
8473,TM7SF2,0
8474,TSPAN1,0
8475,LMX1B,0
8476,CD72,0
8477,ENSP00000485615,0
8478,LIN7A,0
8479,VNN2,0
8480,TTI2,0
8481,TRAF1,0
8482,RGS1,0
8483,PROS1,0
8484,IFNA21,0
8485,GNRH2,0
8486,MT3,0
8487,SP4,0
8488,GPC1,0
8489,MRPS23,0
8490,DCAF15,0
8491,FNBP1,0
8492,PDHX,0
8493,SLC16A2,0
8494,RBX1,0
8495,HNRNPK,0
8496,UBE2M,0
8497,SDF2,0
8498,NDUFC1,0
8499,CSTB,0
8500,CHMP2A,0
8501,CCL25,0
8502,DDX10,0
8503,SLC16A1,0
8504,ATP5MD,0
8505,ADRA1A,0
8506,NUP214,0
8507,MCAM,0
8508,CD83,0
8509,YWHAE,0
8510,LRAT,0
8511,FAS,0
8512,CYP1A2,0
8513,LOC107987373,0
8514,MTHFR,1
8515,MAML2,0
8516,PRAMEF17,0
8517,ATP2A1,0
8518,H4C13,0
8519,CYP4F2,0
8520,ALG9,0
8521,SLN,0
8522,PHC2,0
8523,IL9,0
8524,LIN52,0
8525,EIF2S2,0
8526,SLC12A5,0
8527,FBXW11,0
8528,EIF2S1,0
8529,UMPS,0
8530,COL6A1,0
8531,TMC2,0
8532,CES1,0
8533,RNF114,0
8534,MCF2,0
8535,CCDC22,0
8536,CDH12,0
8537,PNMA8B,0
8538,ELOVL6,0
8539,UTP23,0
8540,KARS1,0
8541,NUDT22,0
8542,SPO11,0
8543,USP11,0
8544,JUND,0
8545,BICRA,0
8546,MED13L,0
8547,LGI1,0
8548,PRDX6,0
8549,MEIS2,0
8550,SDAD1,0
8551,PHF3,0
8552,NOL6,0
8553,NCAPD2,0
8554,SHCBP1,0
8555,CCL13,0
8556,FXYD1,0
8557,BRCC3,0
8558,YEATS2,0
8559,CENPI,0
8560,STT3A,0
8561,CTF1,0
8562,DUSP2,0
8563,RNASEH2C,0
8564,SLIRP,0
8565,MTMR8,0
8566,BCL11A,0
8567,PDE6G,0
8568,SH2D1A,0
8569,KIF5C,0
8570,THOC2,0
8571,SMARCAD1,0
8572,GSTM4,0
8573,COASY,0
8574,EDC3,0
8575,GCNT4,0
8576,MSMB,0
8577,AGO2,0
8578,FCGBP,0
8579,CACNG6,0
8580,PGA4,0
8581,FUNDC1,0
8582,IL22RA2,0
8583,NUDT19,0
8584,FADD,0
8585,C9,0
8586,CCZ1B,0
8587,LACC1,0
8588,CLPP,0
8589,RC3H2,0
8590,IFT80,0
8591,BPIFA1,0
8592,ZBTB8OS,0
8593,SLC35E3,0
8594,TSG101,0
8595,INTS2,0
8596,ADRA1B,0
8597,TUT4,0
8598,SLC7A6OS,0
8599,NEU1,0
8600,CERS1,0
8601,RBM34,0
8602,PSCA,0
8603,SUCLG1,0
8604,CRNKL1,0
8605,SRSF11,0
8606,PDGFRA,0
8607,RFX6,0
8608,PTCH1,0
8609,RAB3D,0
8610,PDAP1,0
8611,RET,0
8612,COLGALT1,0
8613,HBQ1,0
8614,TNFAIP2,0
8615,TMED9,0
8616,RNPC3,0
8617,C9orf135,0
8618,CCAR1,0
8619,TLR8,0
8620,FAM50A,0
8621,PLA2G2E,0
8622,HACD1,0
8623,MAP1S,0
8624,CARD11,0
8625,SOCS1,0
8626,ACP5,0
8627,RINT1,0
8628,PDZD7,0
8629,POU3F3,0
8630,TTC33,0
8631,DNAH2,0
8632,MYO18A,0
8633,EPM2A,0
8634,RYR2,0
8635,STK26,0
8636,GSTA3,0
8637,ASL,0
8638,DISC1,0
8639,TERF2,0
8640,EFS,0
8641,PSMC1,0
8642,EHMT2,0
8643,ATP12A,0
8644,DFFB,0
8645,EEF1B2,0
8646,CD33,0
8647,NUDT1,0
8648,UGT2A2,0
8649,UTP14C,0
8650,NOP53,0
8651,WDR46,0
8652,PPT1,0
8653,ETFDH,0
8654,H3C8,0
8655,TELO2,0
8656,MIXL1,0
8657,DKK1,0
8658,MMP13,0
8659,XRCC5,0
8660,DCAF4,0
8661,WNT10B,0
8662,UNC5B,0
8663,CCNB1,0
8664,PPP1R3C,0
8665,CCRL2,0
8666,FBXW10,0
8667,TSPOAP1,0
8668,POLR3G,0
8669,MAP2K1,0
8670,MSX1,0
8671,SYBU,0
8672,SERPINE2,0
8673,NAGS,0
8674,IRF7,0
8675,GADD45A,0
8676,CBLB,0
8677,DHRS3,0
8678,SYT3,0
8679,MYBPC1,0
8680,SPTBN2,0
8681,ATP6AP1,0
8682,TP53BP2,0
8683,FUOM,0
8684,CTCFL,0
8685,F5H5P2_HUMAN,0
8686,SBSPON,0
8687,TRPV6,0
8688,PRLH,0
8689,RAPGEF3,0
8690,PIGW,0
8691,PSMB1,0
8692,CSH1,0
8693,TOPORS,0
8694,DDX23,0
8695,POFUT1,0
8696,ICOSLG,0
8697,BPIFB1,0
8698,DCTN5,0
8699,PSMC5,0
8700,HHAT,0
8701,ACTN2,0
8702,SLC26A3,0
8703,SYT5,0
8704,IFI6,0
8705,GABRA6,0
8706,PAK2,0
8707,GTF2I,0
8708,ARPC1B,0
8709,RPS25,0
8710,RAB18,0
8711,CNFN,0
8712,ITPR1,0
8713,ACER3,0
8714,ATE1,0
8715,P2RY12,0
8716,MFN1,0
8717,ZNF629,0
8718,IL17RA,0
8719,CRYL1,0
8720,BPIFB2,0
8721,ADAMTS7,0
8722,EDN1,0
8723,NIPBL,0
8724,RGL4,0
8725,DLST,0
8726,HOXB3,0
8727,FBXL2,0
8728,SERPINA12,0
8729,NUMBL,0
8730,AGTR1,0
8731,LAPTM4B,0
8732,CCT3,0
8733,CATSPERD,0
8734,DDB2,0
8735,AKAP8,0
8736,MAPK8IP2,0
8737,PPP1R3B,0
8738,POLR3A,0
8739,MARCHF6,0
8740,PDCD1,0
8741,MICALL1,0
8742,SMOX,0
8743,PRKAG1,0
8744,AP4E1,0
8745,TEK,0
8746,SNTA1,0
8747,CXCL12,0
8748,PECAM1,0
8749,ERLEC1,0
8750,OGDH,0
8751,CTDSP2,0
8752,PIGC,0
8753,MLST8,0
8754,BACH1,0
8755,RNASEH2B,0
8756,FBXO21,0
8757,CD48,0
8758,IL2RG,0
8759,NMNAT1,0
8760,DESI1,0
8761,PCK1,0
8762,CD99,0
8763,RRAS2,0
8764,CFP,0
8765,TAF6,0
8766,CREB3L1,0
8767,SELP,1
8768,ERBB3,0
8769,MRPL53,0
8770,WDR35,0
8771,WWP1,0
8772,GOLGA3,0
8773,SLC30A9,0
8774,DNAJB7,0
8775,RDX,0
8776,DIMT1,0
8777,CYP4F3,0
8778,NOMO3,0
8779,CA7,0
8780,PLA2G2A,0
8781,ACOT12,0
8782,FBL,0
8783,PYGO2,0
8784,A2M,0
8785,SSMEM1,0
8786,CCR1,0
8787,CROCC,0
8788,HLA-DMB,0
8789,ERN1,0
8790,CSTF2,0
8791,CPB2,0
8792,TPMT,0
8793,CASP9,0
8794,NME7,0
8795,PRRC2B,0
8796,CYBA,0
8797,PKD2,0
8798,GPI,0
8799,RPA4,0
8800,SLC22A6,0
8801,ASB9,0
8802,GJA8,0
8803,ELOVL2,0
8804,PSMB4,0
8805,PES1,0
8806,HK1,0
8807,PLA2G4E,0
8808,TSTD3,0
8809,PEX11A,0
8810,FOXL2,0
8811,FCRL5,0
8812,CENPS,0
8813,ARHGDIG,0
8814,NUDT21,0
8815,FIP1L1,0
8816,NPHP3,0
8817,DCDC2,0
8818,NSF,0
8819,GPRC5A,0
8820,APEX2,0
8821,C8A,0
8822,CD40,0
8823,CTSV,0
8824,KHDC1L,0
8825,EMP1,0
8826,ST6GAL1,0
8827,PDGFA,0
8828,NDP,0
8829,UPF3B,0
8830,HOXB9,0
8831,BCAP31,0
8832,DLC1,0
8833,FOXRED1,0
8834,PLK4,0
8835,TXLNB,0
8836,PRKCD,0
8837,TXNL4A,0
8838,GZMB,0
8839,PSMB3,0
8840,SCAF4,0
8841,SORCS2,0
8842,LIAS,0
8843,ARHGAP9,0
8844,IFNA5,0
8845,COG1,0
8846,ABL2,0
8847,PHC1,0
8848,GALNT3,0
8849,ERCC3,0
8850,PLA2G2D,0
8851,DPF3,0
8852,AVPR1A,0
8853,IFNL2,0
8854,DNASE2B,0
8855,TAS2R7,0
8856,CSF2,0
8857,H4C4,0
8858,CCL5,0
8859,ELK4,0
8860,QPRT,0
8861,DGAT2,0
8862,CTSF,0
8863,WRN,0
8864,YTHDF2,0
8865,EIF4A2,0
8866,EFEMP2,1
8867,NR4A2,0
8868,USP41,0
8869,CHMP1B,0
8870,ZNF263,0
8871,GGT6,0
8872,IFIH1,0
8873,COPS7A,0
8874,POLM,0
8875,HRH2,0
8876,PIK3CD,0
8877,ARHGEF25,0
8878,IFNAR2,0
8879,TBC1D13,0
8880,TIMM13,0
8881,PCLAF,0
8882,PAQR8,0
8883,SULT2B1,0
8884,CIR1,0
8885,SPOCK2,0
8886,CCL3,0
8887,DNALI1,0
8888,SLX4IP,0
8889,DENR,0
8890,H2AC20,0
8891,CRLF2,0
8892,COPRS,0
8893,CTC1,0
8894,NXF1,0
8895,PCSK9,1
8896,AQP9,0
8897,RRM1,0
8898,GUCA2B,0
8899,AP3D1,0
8900,ARF1,0
8901,ADA,0
8902,RPL17,0
8903,CD109,0
8904,SPTSSA,0
8905,ORC1,0
8906,USP12,0
8907,PASK,0
8908,SLC6A7,0
8909,TAF1,0
8910,UBE2D3,0
8911,APOC1,0
8912,CXorf56,0
8913,DHX58,0
8914,CSF1R,0
8915,IFT74,0
8916,BDP1,0
8917,RIPK2,0
8918,TUBA1B,0
8919,HNF4A,0
8920,SLC22A18,0
8921,GALK1,0
8922,ARL2BP,0
8923,RIMBP2,0
8924,CCDC93,0
8925,ACTN1,0
8926,PNPLA4,0
8927,PGK2,0
8928,CD248,0
8929,SLC18A1,0
8930,TAF4B,0
8931,ACSL6,0
8932,VCX3A,0
8933,NT5E,0
8934,TBC1D23,0
8935,STX16,0
8936,JAK1,0
8937,IPO8,0
8938,SNU13,0
8939,ATOX1,0
8940,TNFRSF10D,0
8941,RPUSD2,0
8942,SPINK4,0
8943,FSHR,0
8944,TLE1,0
8945,APOH,0
8946,LSM3,0
8947,MRPL27,0
8948,STAT3,0
8949,MRPS22,0
8950,PSMD13,0
8951,ANXA8,0
8952,MPND,0
8953,PRAMEF11,0
8954,CALCR,0
8955,PRKCSH,0
8956,LDHAL6B,0
8957,SIGMAR1,0
8958,BDH2,0
8959,FTCD,0
8960,GJB6,0
8961,ATP1A2,0
8962,NXN,0
8963,RGS7BP,0
8964,CCT8,0
8965,MED19,0
8966,GAD2,0
8967,RARS2,0
8968,ZNF141,0
8969,LAMA1,0
8970,SEMA6A,0
8971,SERPINB2,0
8972,CYP2C9,0
8973,INTS11,0
8974,OLFM3,0
8975,ERGIC2,0
8976,TPD52L3,0
8977,FAM220A,0
8978,VEGFD,0
8979,ORC2,0
8980,IL13,0
8981,AP5B1,0
8982,TTC8,0
8983,KRT35,0
8984,PPP1R2,0
8985,NCLN,0
8986,BARD1,0
8987,GJA5,0
8988,FOXL1,0
8989,H3C12,0
8990,SNTG1,0
8991,GOSR1,0
8992,SERPINA1,0
8993,ACSL4,0
8994,C17orf75,0
8995,IMPDH1,0
8996,MED18,0
8997,LIFR,0
8998,AGXT,1
8999,LDLRAP1,1
9000,STAG2,0
9001,ZSWIM7,0
9002,DKK2,0
9003,TLK2,0
9004,DLAT,0
9005,HHIP,0
9006,SYNRG,0
9007,ARL4A,0
9008,TYROBP,0
9009,TP53I13,0
9010,CLDN7,0
9011,IQSEC1,0
9012,WDR5,0
9013,STX7,0
9014,NTRK2,0
9015,PANX1,0
9016,PIGZ,0
9017,RNF103-CHMP3,0
9018,SLC2A4,0
9019,WDR92,0
9020,MYH2,0
9021,ADRA2C,0
9022,SREBF2,0
9023,GAGE12H,0
9024,CST4,0
9025,VIPR2,0
9026,CASR,0
9027,IRAK1,0
9028,ISCA2,0
9029,LGALS2,0
9030,MRPL17,0
9031,LSM1,0
9032,DAAM1,0
9033,OPRM1,0
9034,SNAP23,0
9035,TRA2B,0
9036,SMPD2,0
9037,PPP1R3A,0
9038,PILRA,0
9039,SORBS1,0
9040,RAB11FIP4,0
9041,PRPS2,0
9042,CHD7,0
9043,MYH8,0
9044,STK11,0
9045,TAF11L6,0
9046,DIABLO-2,0
9047,TMSB4Y,0
9048,ARPC4-TTLL3,0
9049,CRTC2,0
9050,PUS7L,0
9051,UNC119B,0
9052,RBBP5,0
9053,MGLL,0
9054,POLR2B,0
9055,SCFD1,0
9056,KMT5B,0
9057,DCTN6,0
9058,MGP,1
9059,RCL1,0
9060,LTBP1,0
9061,CCT6B,0
9062,EEPD1,0
9063,LIG3,0
9064,GOLGA5,0
9065,CYFIP1,0
9066,ING5,0
9067,MYLPF,0
9068,HELZ2,0
9069,PROK2,0
9070,KCNQ3,0
9071,INTS6,0
9072,IL1RN,0
9073,PFKL,0
9074,SERPINA7,0
9075,DYNC1LI2,0
9076,SOAT2,0
9077,GLI3,0
9078,CYP7A1,0
9079,NOVA2,0
9080,PLA2G6,0
9081,MYLK4,0
9082,COIL,0
9083,KIAA1522,0
9084,TRAPPC2L,0
9085,LGALS9B,0
9086,EEF1D,0
9087,COPS7B,0
9088,KCNA3,0
9089,MAP1LC3C,0
9090,ATXN7L2,0
9091,TAL1,0
9092,HOXA13,0
9093,SHARPIN,0
9094,ATP6V0A1,0
9095,TMED4,0
9096,EEF1G,0
9097,KCNC3,0
9098,HJURP,0
9099,NCBP2,0
9100,MS4A6A,0
9101,NDOR1,0
9102,PSME4,0
9103,COL4A1,0
9104,MTM1,0
9105,CGA,0
9106,PCF11,0
9107,GRM2,0
9108,CRP,1
9109,PIP5K1A,0
9110,RPS2,0
9111,CCR6,0
9112,KLC3,0
9113,COX7A2L,0
9114,UGT2B17,0
9115,LOC102723996,0
9116,TRAPPC13,0
9117,LARS2,0
9118,HSPG2,0
9119,TRAM1,0
9120,EPRS1,0
9121,C1GALT1C1L,0
9122,PYGO1,0
9123,FBXO17,0
9124,SRP68,0
9125,RWDD1,0
9126,RAD51D-2,0
9127,KIF22,0
9128,ACTR3C,0
9129,NDUFA6,0
9130,COL23A1,0
9131,RYK,0
9132,CHD5,0
9133,FOSL2,0
9134,GDE1,0
9135,RPN1,0
9136,NOX3,0
9137,MMP14,0
9138,ALOX12,0
9139,DOT1L,0
9140,EMC2,0
9141,DOK1,0
9142,GPR42,0
9143,TIMM9,0
9144,U2SURP,0
9145,ZNF408,0
9146,CCL27,0
9147,PLG,1
9148,PRKCB,0
9149,PGAP2,0
9150,PCK2,0
9151,FOXO4,0
9152,UBE2L6,0
9153,PAPOLB,0
9154,EPN2,0
9155,CTNNA1,0
9156,ACTA1,0
9157,CCL1,0
9158,ARFGAP3,0
9159,H2AC13,0
9160,GOLGA2,0
9161,KLHL24,0
9162,GRN,0
9163,MED16,0
9164,HOXC5,0
9165,KIF14,0
9166,AGAP1,0
9167,NAA30,0
9168,PLXNB2,0
9169,SMARCA4,0
9170,MEX3A,0
9171,CCDC12,0
9172,NIPAL4,0
9173,RANBP1,0
9174,RPL18,0
9175,CD3E,0
9176,NAGK,0
9177,S1PR4,0
9178,SPON1,0
9179,CASS4,0
9180,IL1R1,0
9181,PEX14,0
9182,METTL15,0
9183,DCLRE1A,0
9184,UCKL1,0
9185,TBPL2,0
9186,CPT1B,0
9187,FGF22,0
9188,TPO,0
9189,KPTN,0
9190,CENPL,0
9191,COL5A3,0
9192,ESD,0
9193,COL2A1,0
9194,ZFYVE9,0
9195,CPN1,0
9196,PLPP4,0
9197,NXF3,0
9198,SUDS3,0
9199,ATF3,0
9200,HSD11B1L,0
9201,MRPS6,0
9202,RBM25,0
9203,ZNF593,0
9204,HOXA2,0
9205,ADH4,0
9206,TOB1,0
9207,GALNT17,0
9208,RSPO4,0
9209,TACO1,0
9210,SUPV3L1,0
9211,CD19,0
9212,CCDC97,0
9213,GALNT7,0
9214,H3-4,0
9215,DENND1C,0
9216,CMTM3,0
9217,TSPAN9,0
9218,TRADD,0
9219,SS18,0
9220,SUV39H2,0
9221,KLK4,0
9222,RTCB,0
9223,GYPC,0
9224,OXT,0
9225,OS9,0
9226,DTL,0
9227,MORF4L1,0
9228,RBM48,0
9229,CLDN14,0
9230,HBA1,0
9231,CDK5,0
9232,NACA2,0
9233,HSPE1-MOB4,0
9234,SHBG,0
9235,DLL3,0
9236,GCGR,0
9237,THEM5,0
9238,DDX60,0
9239,SRSF5,0
9240,PHC3,0
9241,ALG1,0
9242,CCDC113,0
9243,EXOC1,0
9244,GYS2,0
9245,EIF3G,0
9246,DPYD,0
9247,CLEC2A,0
9248,PACSIN1,0
9249,PIK3R3,0
9250,PRH2,0
9251,AARS1,0
9252,MTG1,0
9253,TSR2,0
9254,NUP160,0
9255,OAZ1,0
9256,AKT1S1,0
9257,ABHD5,0
9258,MCC,0
9259,SMS,0
9260,PRRG2,0
9261,CLCC1,0
9262,HPCA,0
9263,ZNF202,0
9264,RSPH9,0
9265,EMD,0
9266,PLA2G2F,0
9267,BMPR2,0
9268,SMNDC1,0
9269,MED14,0
9270,EYA2,0
9271,GTF3C3,0
9272,BOD1L1,0
9273,PAIP1,0
9274,PLTP,0
9275,WNT6,0
9276,PRKACG,0
9277,EDEM1,0
9278,RAB3A,0
9279,RAMP3,0
9280,ULBP1,0
9281,DHDH,0
9282,ST6GALNAC5,0
9283,GPR148,0
9284,WASHC2C,0
9285,H3C3,0
9286,KIF1A,0
9287,STXBP5,0
9288,DPYS,0
9289,ARHGAP12,0
9290,RNF185,0
9291,CMTM7,0
9292,DOK3,0
9293,TREM2,0
9294,PRKCA,0
9295,PIK3C2A,0
9296,CTH,0
9297,CNOT4,0
9298,CER1,0
9299,HELB,0
9300,FRYL,0
9301,CYB5RL,0
9302,HIBADH,0
9303,NR5A1,0
9304,MAML3,0
9305,CA2,0
9306,IGHV3-16,0
9307,VMP1,0
9308,MEA1,0
9309,SALL1,0
9310,PDE1A,0
9311,UXT,0
9312,SHISA6,0
9313,ABCD4,0
9314,TUBAL3,0
9315,NEUROG2,0
9316,TGS1,0
9317,APBA1,0
9318,IGBP1,0
9319,HOXC9,0
9320,NPS,0
9321,H3BNC9_HUMAN,0
9322,IFT20,0
9323,B3GAT2,0
9324,ACP7,0
9325,NUP85,0
9326,NPL,0
9327,CNOT2,0
9328,CCR10,0
9329,MYC,0
9330,CYP26B1,0
9331,IMPA1,0
9332,TNPO1,0
9333,ATP6V1B1,0
9334,FAP,0
9335,APOF,0
9336,ICK,0
9337,SEC62,0
9338,PDYN,0
9339,GDF11,0
9340,RPS6KB1,0
9341,EXOSC2,0
9342,CCDC130,0
9343,INPP1,0
9344,WBP11,0
9345,TUBGCP5,0
9346,GLT6D1,0
9347,MKNK2,0
9348,PIGG,0
9349,PIK3R2,0
9350,ALB,1
9351,TRMT2A,0
9352,ARL3,0
9353,TUBB3,0
9354,BUD13,0
9355,TMSB10,0
9356,PTPN6,0
9357,SCGB1D1,0
9358,RPL10,0
9359,DICER1,0
9360,LSM2,0
9361,H3C15,0
9362,KLB,0
9363,CLUAP1,0
9364,TFAP2C,0
9365,TRAK2,0
9366,IL6,1
9367,RASGRP3,0
9368,BMP3,0
9369,GSPT1,0
9370,S1PR1,0
9371,RDH11,0
9372,ATP6V0D1,0
9373,COX6B2,0
9374,NAA16,0
9375,MAP3K4,0
9376,SEC24A,0
9377,CNOT7,0
9378,EXOC4,0
9379,PAPSS1,0
9380,FYCO1,0
9381,ADCY9,0
9382,FIGLA,0
9383,SCO1,0
9384,ACTL6A,0
9385,LEF1,0
9386,PARP6,0
9387,ASAH2,0
9388,CYP4A11,0
9389,ACKR4,0
9390,VPS4A,0
9391,C5,0
9392,DGKA,0
9393,UNC5C,0
9394,RBL2,0
9395,TMC1,0
9396,RHOT1,0
9397,FMOD,0
9398,ADAT3,0
9399,NGFR,0
9400,H2BC7,0
9401,SETD6,0
9402,ANPEP,0
9403,GNAI1,0
9404,MED26,0
9405,CLEC2D,0
9406,CLN5,0
9407,NAA11,0
9408,HAUS4,0
9409,CCDC13,0
9410,ELP1,0
9411,ARHGEF2,0
9412,LIPF,0
9413,GABRA4,0
9414,CLIC2,0
9415,KSR1,0
9416,SDS,0
9417,ACTN3,0
9418,RLN3,0
9419,MED13,0
9420,MAPK14,1
9421,COX5A,0
9422,F11,0
9423,AMBN,0
9424,DNAH17,0
9425,BICD2,0
9426,CARS2,0
9427,CD53,0
9428,ANGEL1,0
9429,NAA50,0
9430,KLHL22,0
9431,THBS3,0
9432,PNPLA1,0
9433,POLR3K,0
9434,PLLP,0
9435,PAXIP1,0
9436,PLCB1,0
9437,DDX28,0
9438,PLA2G5,0
9439,IL3RA,0
9440,EEF1AKMT1,0
9441,GDF1,0
9442,LTBP4,0
9443,PRICKLE1,0
9444,CD22,0
9445,SLC25A25,0
9446,IPO4,0
9447,MTHFD2L,0
9448,PKD1L3,0
9449,SEH1L,0
9450,LIMS1,0
9451,HBEGF,0
9452,PTH,0
9453,TBL1X,0
9454,BCL9,0
9455,SPEM1,0
9456,SLC4A7,0
9457,DRG2,0
9458,TECPR2,0
9459,SLC25A43,0
9460,SARDH,0
9461,CACNG5,0
9462,ITGA9,0
9463,DNMT1,0
9464,ARAP3,0
9465,NUMB,0
9466,CEBPB,0
9467,POLR2L,0
9468,IRGM,0
9469,NAB2,0
9470,GNB5,0
9471,PTGER4,0
9472,WNT2,0
9473,GABARAPL1,0
9474,CSPG4,0
9475,MAP2K2,0
9476,RAB40AL,0
9477,BLVRA,0
9478,NDUFA3,0
9479,NPRL2,0
9480,B4GALT3,0
9481,CCDC115,0
9482,BRINP1,0
9483,GOLPH3,0
9484,GOLT1A,0
9485,DNAJC8,0
9486,IRAK4,0
9487,VPS37C,0
9488,PARK7,0
9489,PATL1,0
9490,PPP1R3D,0
9491,CATSPERB,0
9492,EGR1,0
9493,CHMP6,0
9494,LUZP4,0
9495,DPH3,0
9496,E2F6,0
9497,SLC8A3,0
9498,PDE6H,0
9499,IDUA,0
9500,MYCBPAP,0
9501,ZCRB1,0
9502,FBXO40,0
9503,SNAPC3,0
9504,TBP,0
9505,GRIP1,0
9506,COL3A1,0
9507,RIPPLY1,0
9508,MAN1B1,0
9509,FABP4,0
9510,MCM8,0
9511,SLIT3,0
9512,CD247,0
9513,DNAH10,0
9514,WARS1,0
9515,BICRAL,0
9516,RAP1A,0
9517,A4GNT,0
9518,LILRB1,0
9519,USP6,0
9520,S100B,0
9521,COX5B,0
9522,RAPGEF4,0
9523,FBXL16,0
9524,UBA2,0
9525,VAV3,0
9526,RPS6KA4,0
9527,SNX2,0
9528,CNIH3,0
9529,TRRAP,0
9530,LYZ,0
9531,PIK3C2B,0
9532,LIG4,0
9533,MADD,0
9534,TSPAN33,0
9535,TOPBP1,0
9536,SSR1,0
9537,BRD3,0
9538,RECK,0
9539,ITGB5,0
9540,LPIN1,0
9541,CTDP1,0
9542,MEST,0
9543,IARS1,0
9544,ITGB2,0
9545,SELE,0
9546,RAD51AP1,0
9547,FGFRL1,0
9548,GNL3L,0
9549,GLUL,0
9550,ALPL,0
9551,HTR7,0
9552,TEKT1,0
9553,SLC9C1,0
9554,POLG2,0
9555,CYBB,0
9556,GABBR1,0
9557,EIF4A1,0
9558,MMS22L,0
9559,PEX13,0
9560,C3AR1,0
9561,IMPG1,0
9562,PRKRIP1,0
9563,ALDH7A1,0
9564,CHMP7,0
9565,EYA4,0
9566,TSR1,0
9567,RSF1,0
9568,AFMID,0
9569,LOX,1
9570,FUT8,0
9571,PIP4P1,0
9572,F2,0
9573,MCM8-2,0
9574,IFRD1,0
9575,HNF1A,0
9576,CLIC5,0
9577,ATP6V1C2,0
9578,LMOD1,0
9579,PIGA,0
9580,CCL26,0
9581,MTA3,0
9582,SCARB2,0
9583,ACSL3,0
9584,USP4,0
9585,TMEM67,0
9586,ZNF148,0
9587,BUB3,0
9588,KCNJ9,0
9589,TGFBR1,1
9590,DSCC1,0
9591,ALKBH8,0
9592,LATS2,0
9593,RPAP3,0
9594,TNNT1,0
9595,NEK2,0
9596,AGO4,0
9597,GNG13,0
9598,UBE2L3,0
9599,POU4F2,0
9600,TRPM5,0
9601,IVNS1ABP,0
9602,SCG5,0
9603,IFIT2,0
9604,GPAM,0
9605,GSDMD,0
9606,DDX55,0
9607,SRRM1,0
9608,OTUD5,0
9609,MPST,0
9610,DCAF1,0
9611,NCR3LG1,0
9612,LMNB1,0
9613,RNASEH2A,0
9614,CYB5R4,0
9615,WASHC1,0
9616,RPL39,0
9617,TRMT10A,0
9618,GPHA2,0
9619,GIPR,0
9620,JAM2,0
9621,IL21,0
9622,SLC22A18AS,0
9623,NFKB1,0
9624,EBNA1BP2,0
9625,ASAH1,0
9626,CSGALNACT2,0
9627,K7ERJ3_HUMAN,0
9628,CD46,0
9629,SYF2,0
9630,BFSP1,0
9631,NNT,0
9632,PCCB,0
9633,HDAC3,0
9634,PARP4,0
9635,ILF3,0
9636,TXNDC17,0
9637,ISCA1,0
9638,GAL3ST1,0
9639,VPS54,0
9640,PNPLA3,0
9641,TRAPPC4,0
9642,MSH2,0
9643,EIF3K,0
9644,GPX2,0
9645,TBC1D10B,0
9646,HADHA,0
9647,CBX1,0
9648,UPP1,0
9649,STAR,0
9650,CHTF8,0
9651,EEF1AKNMT,0
9652,CFAP45,0
9653,SUFU,0
9654,EP400,0
9655,TLR3,0
9656,CDKN3,0
9657,PMVK,0
9658,FUCA1,0
9659,KHNYN,0
9660,BGN,0
9661,ECT2,0
9662,GJA1,0
9663,OLFM1,0
9664,REL,0
9665,NCBP3,0
9666,MIF,0
9667,CASP1,0
9668,EIF1AD,0
9669,BCAS2,0
9670,HTATIP2,0
9671,RING1,0
9672,KAT6A,0
9673,LALBA,0
9674,TLE7,0
9675,LRRC6,0
9676,DHRS11,0
9677,ABCD2,0
9678,UBC,0
9679,SYVN1,0
9680,FPR3,0
9681,ATG9A,0
9682,CXCL10,0
9683,CNGA3,0
9684,MAOA,0
9685,DDX17,0
9686,FNTA,0
9687,GATB,0
9688,SLC39A13,0
9689,CCDC173,0
9690,GORAB,0
9691,ZRSR2,0
9692,NRP1,0
9693,DSCAM,0
9694,LRTOMT,0
9695,AXL,0
9696,S100A8,0
9697,POLR2J,0
9698,GPX7,0
9699,GALNTL5,0
9700,ACE,1
9701,WARS2,0
9702,RAD23B,0
9703,SHMT2,0
9704,GALK2,0
9705,CAV2,0
9706,AMPH,0
9707,SND1,0
9708,BMP6,0
9709,PPP2CA,0
9710,ENTPD5,0
9711,BATF,0
9712,RNGTT,0
9713,FBXO41,0
9714,MRPL21,0
9715,PIH1D1,0
9716,CDH2,0
9717,NLRP4,0
9718,SLC25A31,0
9719,LNPEP,0
9720,KIF4A,0
9721,HTATSF1,0
9722,KREMEN1,0
9723,SYN3,0
9724,DIS3L2,0
9725,ALDOC,0
9726,TBC1D15,0
9727,CNOT10,0
9728,RIMKLB,0
9729,GJB4,0
9730,MEPE,0
9731,TAF5L,0
9732,SOAT1,0
9733,KCNB1,0
9734,LMO2,0
9735,ZZZ3,0
9736,CPLANE1,0
9737,GLYCTK,0
9738,PRDM1,0
9739,NOL7,0
9740,GCKR,0
9741,AWAT2,0
9742,CDKN2B,0
9743,ENO4,0
9744,WDR12,0
9745,GNG10,0
9746,PNN,0
9747,ST6GAL2,0
9748,IMPDH2,0
9749,HYAL2,0
9750,GEMIN2,0
9751,AKR1D1,0
9752,THRB,0
9753,NTF4,0
9754,SLC3A2,0
9755,ST3GAL1,0
9756,PARG,0
9757,MYBPC3,0
9758,ATP5PD,0
9759,GET4,0
9760,MROH6,0
9761,HOXA9,0
9762,EIF2B3,0
9763,CRBN,0
9764,MCMDC2,0
9765,UHMK1,0
9766,ALDH1A2,0
9767,ANKRA2,0
9768,RPA3,0
9769,CCNL2,0
9770,DNAJC6,0
9771,CYC1,0
9772,RBPMS,0
9773,GAR1,0
9774,LGR6,0
9775,THOC7,0
9776,CDH20,0
9777,PRPF40A,0
9778,PCSK1N,0
9779,EIF4E3,0
9780,BHLHE41,0
9781,PKP3,0
9782,TAF12,0
9783,CELA3B,0
9784,ZG16,0
9785,CXCL14,0
9786,YME1L1,0
9787,WNT8B,0
9788,TCP1,0
9789,AP4M1,0
9790,NKIRAS2,0
9791,BPI,0
9792,CRTAM,0
9793,CASP14,0
9794,CHM,0
9795,PRAMEF13,0
9796,GOLGB1,0
9797,SVBP,0
9798,FTSJ3,0
9799,LGALS4,0
9800,SERPINB9,0
9801,SMG5,0
9802,GNAO1,0
9803,TMPRSS6,0
9804,F2RL3,0
9805,SLC26A8,0
9806,HS6ST1,0
9807,POLR1B,0
9808,PRKAA2,0
9809,SLC19A2,0
9810,SLCO1B1,0
9811,MSLN,0
9812,FCGR3B,0
9813,DPF1,0
9814,NLRP14,0
9815,ERCC8,0
9816,GABRG3,0
9817,CHMP3,0
9818,LAMP2,0
9819,SLC4A1,0
9820,BPTF,0
9821,E2F8,0
9822,SDR42E1,0
9823,BCLAF1,0
9824,APOBR,0
9825,SNAI1,0
9826,PAK1IP1,0
9827,IL12B,0
9828,HELLS,0
9829,CBY1,0
9830,MTMR3,0
9831,IDE,0
9832,SURF4,0
9833,H3C14,0
9834,DXO,0
9835,CYP2R1,0
9836,PDE1C,0
9837,SAFB,0
9838,TOMM20L,0
9839,FSCN2,0
9840,ADGRL2,0
9841,FBXO25,0
9842,RPS13,0
9843,ZFYVE1,0
9844,PDCD6,0
9845,IGFBP6,0
9846,NONO,0
9847,MYO5A,0
9848,TAF8,0
9849,PTK2,0
9850,CNGB1,0
9851,RNMT,0
9852,KCND2,0
9853,IDI2,0
9854,CHRD,0
9855,GATA2,0
9856,FGF20,0
9857,E2F2,0
9858,RFWD3,0
9859,ANAPC5,0
9860,CYP2D6,0
9861,CHRNA4,0
9862,WDR78,0
9863,THAP12,0
9864,TAF5,0
9865,CPVL,0
9866,NELFA,0
9867,UGP2,0
9868,NCBP2L,0
9869,TOX3,0
9870,IL16,0
9871,NTN1,0
9872,ZNF622,0
9873,SNRPB2,0
9874,HOGA1,0
9875,RUNX3,0
9876,IQCE,0
9877,PFDN1,0
9878,DCAF6,0
9879,CD34,1
9880,B4E171_HUMAN,0
9881,WDPCP,0
9882,BDNF,0
9883,TBX5,0
9884,TNFRSF1A,0
9885,DBF4,0
9886,NDC1,0
9887,OAZ3,0
9888,EPHB1,0
9889,TRMT1,0
9890,ABCG5,0
9891,CRKL,0
9892,CD38,0
9893,ILK,0
9894,RAD21L1,0
9895,PITRM1,0
9896,MED9,0
9897,KDM3A,0
9898,CHMP4C,0
9899,HSCB,0
9900,PAX8,0
9901,GATA4,0
